{"bimodal":false,"column_names":[""],"dimension":2,"dimension_input":0,"label":"forme1-10","data":[-0.38902655243873596,0.01439917553216219,-0.6004486083984375,-0.09291952848434448,-0.8014082312583923,-0.17090803384780884,-1.0017849206924438,-0.07899448275566101,-1.1531500816345215,0.0489283911883831,-1.299683690071106,0.14351874589920044,-1.4357270002365112,0.19679786264896393,-1.5469999313354492,0.20012502372264862,-1.641271948814392,0.14792409539222717,-1.7242813110351562,0.06812231987714767,-1.7884891033172607,-0.08476350456476212,-1.8387110233306885,-0.22834303975105286,-1.869283676147461,-0.33583706617355347,-1.9083722829818726,-0.42320865392684937,-1.9521652460098267,-0.4892396330833435,-1.9863582849502563,-0.5394129753112793,-2.0152907371520996,-0.6270145177841187,-2.041718006134033,-0.7158182263374329,-2.032179355621338,-0.8026476502418518,-2.0121688842773438,-0.8817588686943054,-1.974312663078308,-0.9431094527244568,-1.936665415763855,-0.9752798676490784,-1.921788215637207,-0.9855096936225891,-1.9118226766586304,-0.9813051223754883,-1.9104281663894653,-0.9805456399917603,-1.946487545967102,-0.9864701628684998,-1.9748868942260742,-0.9969367980957031,-1.9718236923217773,-1.0054047107696533,-1.9311678409576416,-1.024623155593872,-1.879847526550293,-1.0476359128952026,-1.8425925970077515,-1.0817420482635498,-1.8250384330749512,-1.12613046169281,-1.8231401443481445,-1.1515305042266846,-1.8308049440383911,-1.1654846668243408,-1.8288180828094482,-1.1830358505249023,-1.8354816436767578,-1.1917933225631714,-1.8756794929504395,-1.2231611013412476,-1.9111002683639526,-1.208776593208313,-1.9320305585861206,-1.1763684749603271,-1.9604758024215698,-1.1799675226211548,-1.9798907041549683,-1.1890496015548706,-1.9969524145126343,-1.166521430015564,-2.0215320587158203,-1.1268671751022339,-2.03474760055542,-1.0855962038040161,-2.0569076538085938,-1.0621377229690552,-2.0550637245178223,-1.069818139076233,-2.0360348224639893,-1.083301305770874,-2.020490884780884,-1.0912771224975586,-2.006953716278076,-1.070604920387268,-2.002201795578003,-1.0502465963363647,-2.0192337036132812,-1.0079245567321777,-2.058560848236084,-0.9971579909324646,-2.0720696449279785,-0.9909712672233582,-2.0937089920043945,-0.9581314325332642,-2.1196625232696533,-0.8962439298629761,-2.1396522521972656,-0.8677995204925537,-2.1489617824554443,-0.8604529500007629,-2.179283857345581,-0.8080713748931885,-2.2136144638061523,-0.743937075138092,-2.2376976013183594,-0.7035861015319824,-2.225119113922119,-0.6811667680740356,-2.2100274562835693,-0.6668097376823425,-2.2342886924743652,-0.6251712441444397,-2.311854362487793,-0.5439720153808594,-2.385931968688965,-0.47429418563842773,-2.4445433616638184,-0.4468202292919159,-2.4815802574157715,-0.4375441372394562,-2.5040225982666016,-0.43397998809814453,-2.496224880218506,-0.446956604719162,-2.486593246459961,-0.454255610704422,-2.446094274520874,-0.46964791417121887,-2.414290428161621,-0.4722921550273895,-2.4116761684417725,-0.4648521840572357,-2.4024128913879395,-0.44027870893478394,-2.373931407928467,-0.43690404295921326,-2.311858654022217,-0.45954519510269165,-2.248422861099243,-0.4678474962711334,-2.265472173690796,-0.43543440103530884,-2.2963333129882812,-0.40348803997039795,-2.3170058727264404,-0.4037053883075714,-2.301831007003784,-0.43204084038734436,-2.2776694297790527,-0.4554045498371124,-2.254239797592163,-0.46420544385910034,-2.250088691711426,-0.4753144085407257,-2.2690587043762207,-0.4730067849159241,-2.2717318534851074,-0.5067115426063538,-2.263317584991455,-0.53364497423172,-2.236943244934082,-0.5718838572502136,-2.261094570159912,-0.5314038395881653,-2.2621777057647705,-0.5231083035469055,-2.236940622329712,-0.5340791940689087,-2.2031099796295166,-0.5553708076477051,-2.1680684089660645,-0.5900044441223145,-2.134397506713867,-0.6353161931037903,-2.1109466552734375,-0.6440656185150146,-2.1158952713012695,-0.6042248606681824,-2.1535212993621826,-0.5507673025131226,-2.1553564071655273,-0.5348373651504517,-2.1247501373291016,-0.5296459197998047,-2.034313678741455,-0.5469020009040833,-1.9390883445739746,-0.5929499268531799,-1.8883404731750488,-0.6256795525550842,-1.9041285514831543,-0.6308521032333374,-1.921571969985962,-0.6333546042442322,-1.888510823249817,-0.6388813853263855,-1.7949590682983398,-0.6851745843887329,-1.6770755052566528,-0.7496502995491028,-1.477219820022583,-0.8570776581764221,-1.2463985681533813,-1.0148273706436157,-1.0643336772918701,-1.1432818174362183,-0.9995469450950623,-1.1883881092071533,-0.9652832746505737,-1.2098420858383179,-0.9109132289886475,-1.231849193572998,-0.7715032696723938,-1.2773127555847168,-0.6105512380599976,-1.3270118236541748,-0.4081275761127472,-1.3781224489212036,-0.26361083984375,-1.402714490890503,-0.18024565279483795,-1.409278154373169,-0.09517663717269897,-1.4146360158920288,-0.011753953993320465,-1.4247877597808838,0.10551188141107559,-1.4326040744781494,0.24942907691001892,-1.4383947849273682,0.39182451367378235,-1.4507085084915161,0.5742507576942444,-1.4870784282684326,0.7501570582389832,-1.5111244916915894,0.9618241786956787,-1.438080906867981,1.1524020433425903,-1.3068957328796387,1.2837576866149902,-1.209233283996582,1.3443225622177124,-1.1647043228149414,1.4106855392456055,-1.1245777606964111,1.4828870296478271,-1.0621081590652466,1.6309590339660645,-0.975013256072998,1.780672311782837,-0.9176700711250305,1.9408539533615112,-0.9058079123497009,2.0905251502990723,-0.8773971796035767,2.216525077819824,-0.836327850818634,2.3241329193115234,-0.757524311542511,2.383216142654419,-0.6924705505371094,2.432096481323242,-0.6484142541885376,2.483232259750366,-0.6238369345664978,2.5409579277038574,-0.5773089528083801,2.6105704307556152,-0.5497706532478333,2.7179112434387207,-0.5762588977813721,2.8215854167938232,-0.6126576662063599,2.919010639190674,-0.6166354417800903,3.000643491744995,-0.6161125302314758,3.064667224884033,-0.6287263035774231,3.116361141204834,-0.6235453486442566,3.2086095809936523,-0.5768436193466187,3.3002357482910156,-0.5457977056503296,3.3459315299987793,-0.5439368486404419,3.357201337814331,-0.5299168825149536,3.3442647457122803,-0.5104691386222839,3.3370895385742188,-0.5052217841148376,3.3331282138824463,-0.5126616954803467,3.3153183460235596,-0.515460193157196,3.2942917346954346,-0.4781818389892578,3.259553909301758,-0.4338098168373108,3.2431509494781494,-0.3641150891780853,3.2367753982543945,-0.3339649736881256,3.249725341796875,-0.35742464661598206,3.2792162895202637,-0.38340482115745544,3.335886001586914,-0.3620852828025818,3.377423048019409,-0.30472955107688904,3.389784336090088,-0.2754054069519043,3.357273578643799,-0.27543315291404724,3.343214511871338,-0.26491543650627136,3.3424582481384277,-0.2588503360748291,3.3822028636932373,-0.27342188358306885,3.439364194869995,-0.3092356324195862,3.491934299468994,-0.33193281292915344,3.5153884887695312,-0.3123031258583069,3.525606632232666,-0.27780985832214355,3.5082807540893555,-0.2560606896877289,3.4711334705352783,-0.22963955998420715,3.363922357559204,-0.1429336667060852,3.22247314453125,-0.14028137922286987,3.083852767944336,-0.1808842569589615,2.9984610080718994,-0.2808440923690796,2.9630837440490723,-0.4006196856498718,2.983656644821167,-0.5032299757003784,3.0192599296569824,-0.6127200126647949,3.0528907775878906,-0.7238203883171082,3.0946762561798096,-0.8196391463279724,3.11624813079834,-0.834439218044281,3.1213338375091553,-0.8257169127464294,3.119481086730957,-0.8044283390045166,3.144709348678589,-0.7637811899185181,3.162229299545288,-0.7080882787704468,3.1671578884124756,-0.6413755416870117,3.185274839401245,-0.6103006601333618,3.202052354812622,-0.6342412829399109,3.2006828784942627,-0.6286951899528503,3.179288387298584,-0.6023175120353699,3.152114152908325,-0.5719123482704163,3.1339945793151855,-0.5686825513839722,3.1224100589752197,-0.5755783915519714,3.102003335952759,-0.593090832233429,3.079268455505371,-0.600580632686615,3.075435161590576,-0.5999553799629211,3.0819296836853027,-0.6195739507675171,