{"bimodal":false,"column_names":[""],"dimension":2,"dimension_input":0,"label":"forme2-9","data":[-3.0506229400634766,1.4662820100784302,-3.138339042663574,2.6563971042633057,-3.0923011302948,1.939920425415039,-3.104398727416992,2.3390684127807617,-3.2391979694366455,2.067455291748047,-3.276217222213745,1.3280197381973267,-3.3640201091766357,1.0541316270828247,-3.1928398609161377,0.5282946825027466,-3.0316498279571533,-0.45402663946151733,-3.1005611419677734,-1.2979313135147095,-3.3630528450012207,-1.6009421348571777,-3.496394634246826,-2.0676681995391846,-3.511378288269043,-2.1429028511047363,-3.391064405441284,-2.0900015830993652,-3.3065426349639893,-2.123392105102539,-3.2190911769866943,-2.242236614227295,-3.210256338119507,-1.9408849477767944,-3.1791937351226807,-1.879670262336731,-3.0328283309936523,-2.3106322288513184,-3.0749893188476562,-2.4650259017944336,-3.1690375804901123,-2.734358549118042,-3.0476810932159424,-2.5189554691314697,-3.126493453979492,-2.490676164627075,-3.1984519958496094,-2.3049960136413574,-3.1763055324554443,-2.371148109436035,-3.28739595413208,-2.4511630535125732,-3.37273907661438,-2.1835670471191406,-3.3707079887390137,-2.332167863845825,-3.277597427368164,-2.411494731903076,-3.144469976425171,-2.5081498622894287,-3.1012637615203857,-2.7301535606384277,-3.1724886894226074,-2.4999520778656006,-3.1561081409454346,-2.5516622066497803,-2.6330080032348633,-3.0746402740478516,-2.5002269744873047,-3.1468276977539062,-2.5106520652770996,-3.044835329055786,-1.9372344017028809,-3.299008846282959,-0.15741518139839172,-3.2395334243774414,0.2176445722579956,-3.2041893005371094,0.30266323685646057,-3.2099201679229736,0.3223678171634674,-3.140737533569336,0.3642917275428772,-3.05851149559021,0.2819209098815918,-3.0711452960968018,0.19021375477313995,-3.12619686126709,0.2402084469795227,-3.084787368774414,0.2106042206287384,-3.1367084980010986,0.27208197116851807,-3.0948619842529297,0.8790112733840942,-3.0467052459716797,1.4346890449523926,-3.334961414337158,1.3840676546096802,-3.3181445598602295,1.3410476446151733,-3.3768486976623535,1.2370312213897705,-3.404527187347412,1.1621472835540771,-3.4041550159454346,1.1470894813537598,-3.4269354343414307,1.1558630466461182,-3.3604159355163574,1.0946391820907593,-3.3067402839660645,1.1853889226913452,-3.376537799835205,1.281455159187317,-3.458869218826294,1.377140760421753,-3.6434333324432373,1.594274878501892,-3.3193750381469727,2.2064592838287354,-3.018313407897949,3.177680253982544,-2.958726167678833,3.3157925605773926,-2.1195971965789795,3.3785927295684814,0.4874437749385834,2.7510626316070557,3.4001336097717285,1.4997344017028809,3.247734785079956,1.0963304042816162,3.0796871185302734,0.9461780190467834,3.3343558311462402,0.9075037837028503,3.3823678493499756,0.7934533357620239,3.461174726486206,0.289559930562973,3.74949049949646,-0.6795188784599304,3.327633857727051,-1.5513675212860107,3.665226697921753,-2.103349447250366,3.5596916675567627,-2.4064853191375732,3.541713237762451,-2.487974166870117,3.473684310913086,-2.536799907684326,3.415389060974121,-2.4675116539001465,3.3738088607788086,-2.091764211654663,3.1344168186187744,-1.8326038122177124,3.0194427967071533,-1.7377368211746216,3.171525239944458,-1.356506586074829,3.076050043106079,-1.133626103401184,3.4005980491638184,-1.1416680812835693,3.3932595252990723,-1.2379924058914185,3.2976629734039307,-1.218853235244751,3.1916916370391846,-0.7259109020233154,3.008549451828003,3.098050594329834,1.5510530471801758,3.2675163745880127,0.20742180943489075,3.3312697410583496,-0.6092368364334106,3.351741313934326,-0.5470151901245117,3.402873992919922,-0.5290461778640747,3.41552472114563,-0.6978766322135925,3.3944132328033447,-1.1763981580734253,3.08315372467041,-1.434511423110962,3.02620267868042,-1.5249040126800537,3.041071891784668,-1.6929283142089844,3.1556756496429443,-2.3125038146972656,3.1539652347564697,-2.582576036453247,3.33430814743042,-2.9808144569396973,3.152581214904785,-3.1982476711273193,3.1701011657714844,-3.1482043266296387,3.391967296600342,-3.462519884109497,3.0173490047454834,-3.049426317214966,2.4354467391967773,-3.0422897338867188,2.4459729194641113,-3.0138580799102783,2.294390916824341,-3.2118797302246094,2.306637763977051,-3.066790819168091,2.419759750366211,-3.240819215774536,2.2818987369537354,-3.096221923828125,2.539562225341797,-3.465766191482544,2.04328989982605,-3.0620038509368896,2.2428483963012695,-3.4553043842315674,1.9317455291748047,-3.22780704498291,1.937312126159668,-3.3598079681396484,1.8751423358917236,-3.4502787590026855,2.008126974105835,-3.554710865020752,1.5731780529022217,-3.3151564598083496,2.1979122161865234,-3.682196855545044,1.8420076370239258,-3.6708831787109375,1.7149136066436768,-3.4383838176727295,1.8311573266983032,-3.625262975692749,1.7112165689468384,-3.0877771377563477,1.763535499572754,-3.0117380619049072,1.7183787822723389,-3.136317253112793,1.635697603225708,-3.4168362617492676,1.842651128768921,-3.0237975120544434,2.647754192352295,-3.407733678817749,3.118589162826538,-2.140916347503662,3.308382272720337,-0.2977607250213623,3.148719310760498,2.544041156768799,1.5697579383850098,3.251185655593872,0.47437968850135803,3.366851329803467,0.25113677978515625,3.3816685676574707,-0.8357014060020447,3.653899669647217,-0.8750849962234497,3.0838167667388916,-1.0382431745529175,3.5295588970184326,-0.936201274394989,3.0304274559020996,-0.9579038023948669,3.4427437782287598,-0.7749168276786804,3.242414951324463,-0.34557658433914185,3.0524203777313232,-0.6096230149269104,3.254152536392212,-0.2610815167427063,3.0024349689483643,-0.6283668875694275,3.207758903503418,-0.7172578573226929,3.624152660369873,-0.9411624670028687,3.2360405921936035,-0.5183335542678833,3.4631502628326416,-0.14177930355072021,3.4074058532714844,-0.9366700649261475,3.4999709129333496,-0.09215861558914185,3.3530616760253906,-0.5813049674034119,3.2653234004974365,-0.48551759123802185,3.0640623569488525,-0.26407304406166077,3.1711246967315674,-1.120221495628357,3.523282051086426,-0.6724144816398621,3.3013532161712646,-0.6362545490264893,3.325881004333496,-0.8815856575965881,3.3910679817199707,-0.14287792146205902,3.430764675140381,-0.6998539566993713,3.2024126052856445,-0.49632084369659424,3.4017302989959717,-0.13083623349666595,3.1119158267974854,-0.40312135219573975,3.1623787879943848,-0.8096526861190796,3.1996335983276367,-1.1935384273529053,3.424816370010376,-2.227822780609131,3.319387912750244,-1.7511135339736938,3.379779100418091,-2.2414448261260986,3.356541395187378,-1.0991201400756836,3.1105096340179443,-2.0659031867980957,3.469858169555664,-1.906692385673523,3.357668161392212,-2.1627113819122314,3.485684871673584,-2.103320360183716,3.035069465637207,-2.0596423149108887,3.6201539039611816,-2.5860188007354736,3.1379778385162354,-3.0122921466827393,0.27570009231567383,-3.2819530963897705,-1.5933701992034912,-2.6814076900482178,-3.3537142276763916,-0.3430284261703491,-3.2197444438934326,-0.1010897159576416,-3.000295400619507,-0.28415238857269287,-3.2537131309509277,-0.5619966387748718,-3.031195878982544,-0.10985133051872253,-3.0713887214660645,0.9130739569664001,-3.1181228160858154,1.2392534017562866,-3.01426362991333,1.023144006729126,-3.002960205078125,1.3711543083190918,-3.4768073558807373,-3.036044120788574,-0.7535831332206726,-3.0523908138275146,1.9206230640411377,-3.413825750350952,1.8266147375106812,-3.224649429321289,1.7854679822921753,-3.0076324939727783,1.6258914470672607,-3.0763773918151855,1.4279346466064453,-3.0307068824768066,1.5131168365478516,-3.3646392822265625,1.1582294702529907,-3.200350046157837,1.1338493824005127,-3.2456796169281006,1.5203732252120972,-3.4420790672302246,1.6468521356582642,-3.1686363220214844,1.952892541885376,-2.189793348312378,3.0993356704711914,0.026227056980133057,3.1118714809417725,0.5696320533752441,3.299133539199829,2.329770088195801,3.033051013946533,2.5845043659210205,3.3023574352264404,3.3667750358581543,3.0191657543182373,3.0039591789245605,1.3493362665176392,