{"bimodal":false,"column_names":[""],"dimension":2,"dimension_input":0,"label":"forme4-8","data":[-3.295823097229004,1.2406980991363525,-3.317835569381714,-0.872968852519989,-3.7634193897247314,-1.1159842014312744,-3.8119254112243652,-0.5182790756225586,-3.0345659255981445,-0.4826596975326538,-3.992823600769043,-0.7658313512802124,-3.9688849449157715,-0.8391317129135132,-3.966660976409912,-0.6383260488510132,-3.85965633392334,-0.4675634205341339,-3.7752416133880615,-0.32393914461135864,-3.8181426525115967,-0.37603136897087097,-3.785426378250122,-0.3448837399482727,-3.7218434810638428,-0.26142969727516174,-3.652611255645752,-0.3315741717815399,-3.7094814777374268,-0.27849939465522766,-3.716477394104004,-0.2677425742149353,-3.7557191848754883,-0.2559983432292938,-3.798917770385742,-0.18625333905220032,-3.7738640308380127,-0.09899666905403137,-3.7512423992156982,-0.15679802000522614,-3.5628769397735596,-0.3891123831272125,-3.4519670009613037,-0.6628555655479431,-3.2014858722686768,-0.8961363434791565,-3.1621251106262207,-2.888784885406494,-1.5499159097671509,-3.433976650238037,-1.078353762626648,-3.0474119186401367,-0.8997462391853333,-3.242954730987549,-0.7236980199813843,-3.4380297660827637,-0.5691484808921814,-3.468604803085327,-0.6294813752174377,-3.598567485809326,-0.5234975218772888,-3.6262762546539307,-0.6061630845069885,-3.5909616947174072,-0.6415980458259583,-3.6590867042541504,-0.6282557845115662,-3.7031164169311523,-0.634652316570282,-3.6907615661621094,-0.6103362441062927,-3.663060188293457,-0.504976749420166,-3.70247220993042,-0.34433430433273315,-3.934044599533081,0.31279850006103516,-3.54657244682312,2.1057755947113037,-3.4778683185577393,2.851796865463257,-3.5576069355010986,2.680388927459717,-3.0003459453582764,3.319131851196289,-2.960158586502075,3.816345691680908,-2.8428568840026855,3.9842405319213867,-2.8469443321228027,3.097496747970581,-2.1422998905181885,3.1040308475494385,-2.2101690769195557,3.0674266815185547,-2.235529661178589,3.0116872787475586,-1.9465553760528564,3.482659101486206,-1.251631259918213,3.2476682662963867,0.5491523146629333,3.365666151046753,2.6665406227111816,2.4944074153900146,3.445706844329834,1.8230299949645996,3.1024720668792725,1.7752691507339478,3.232235908508301,1.7230645418167114,3.3593316078186035,1.6316457986831665,3.3581044673919678,1.5068345069885254,3.379908561706543,1.1745656728744507,3.199824094772339,0.5117369294166565,3.2071478366851807,0.22889180481433868,3.2509875297546387,0.33563417196273804,3.3194541931152344,0.4158940613269806,3.368997812271118,0.28848621249198914,3.3758654594421387,-0.033526867628097534,3.674612522125244,0.282952219247818,3.148393392562866,3.142742395401001,2.2755064964294434,2.7266926765441895,-3.351564645767212,0.1983111947774887,-3.021031379699707,-0.5457575917243958,-3.3043763637542725,-0.6080623865127563,-3.8095579147338867,-0.46593138575553894,-3.4743874073028564,-0.4836258292198181,-3.7673749923706055,-0.33796849846839905,-3.8724565505981445,-0.11109484732151031,-3.009849786758423,-0.027802662923932076,-3.1112632751464844,0.08363312482833862,-3.1866049766540527,0.11590802669525146,-3.2433934211730957,0.027809420600533485,-3.28102445602417,0.14699451625347137,-3.265073537826538,0.2747434377670288,-3.3223233222961426,0.44231292605400085,-3.378988742828369,0.604201078414917,-3.4574806690216064,0.5124009251594543,-3.4730684757232666,0.7232946157455444,-3.3521132469177246,1.1160012483596802,-3.1456644535064697,1.3049532175064087,-3.0434207916259766,1.9362047910690308,-3.907130241394043,2.789091110229492,-3.3066582679748535,3.1287307739257812,-1.4216192960739136,3.2412538528442383,0.2961070239543915,3.322176456451416,1.6681745052337646,3.460365056991577,2.3391363620758057,3.516024589538574,2.378269910812378,3.5649726390838623,2.3364999294281006,3.530397891998291,2.1166625022888184,3.4849302768707275,1.8390841484069824,3.4427826404571533,1.8277487754821777,3.4142332077026367,2.022932767868042,3.1057825088500977,2.9683189392089844,1.6107178926467896,3.184119939804077,0.69407719373703,3.0710337162017822,-0.11277954280376434,3.4443421363830566,-0.24814623594284058,3.657688617706299,-0.37085598707199097,3.755539894104004,-0.47289103269577026,3.90364933013916,-0.7195110321044922,3.9348180294036865,-0.6628454923629761,3.9340693950653076,-0.5844324827194214,3.9337785243988037,-0.287740021944046,3.863447666168213,-0.17221809923648834,3.8366355895996094,-0.21850451827049255,3.89536452293396,-0.13665130734443665,3.8093440532684326,0.3830856382846832,3.8321473598480225,0.2426617443561554,3.10428524017334,0.049260009080171585,3.2749946117401123,0.10622327774763107,3.228602647781372,0.4037037193775177,3.952791452407837,0.05848846212029457,3.621044635772705,-1.0954753160476685,3.4987401962280273,-1.4537776708602905,3.4350574016571045,-1.2727837562561035,3.6710433959960938,-0.3587278127670288,3.019238233566284,-0.2662929892539978,3.121039390563965,-1.575669527053833,3.0015578269958496,-0.7471993565559387,3.1885437965393066],"data_input":[],"data_output":[],"length":126}