{"bimodal":false,"column_names":[""],"dimension":2,"dimension_input":0,"label":"forme1-13","data":[-0.6609181761741638,-3.0540735721588135,-0.9067887663841248,-3.136683940887451,-1.3790504932403564,-3.323237657546997,-2.3480722904205322,-3.0404105186462402,-3.016512870788574,-2.9663350582122803,-2.852065324783325,-3.1491987705230713,-2.7473247051239014,-3.3385164737701416,-3.0597705841064453,-3.4795706272125244,-2.670168876647949,-3.2426891326904297,-3.3648054599761963,-2.8348426818847656,-3.0906195640563965,-3.3697946071624756,-2.516719341278076,-3.3126778602600098,-3.1694564819335938,-3.2823917865753174,-2.1858127117156982,-3.4816055297851562,-1.899496078491211,-3.4351212978363037,-1.128879427909851,-3.008674144744873,-1.5824499130249023,-3.7340307235717773,-1.3296220302581787,-3.0915892124176025,-1.2396104335784912,-3.1441333293914795,-1.4886870384216309,-3.0242068767547607,-1.4585968255996704,-3.003868818283081,-0.8694692850112915,-3.574939727783203,-1.2652701139450073,-3.2601821422576904,-1.1676712036132812,-3.394285202026367,-0.8552747964859009,-3.6727349758148193,-1.195225715637207,-3.527409553527832,-1.0951919555664062,-3.524888753890991,-0.755061686038971,-3.655742883682251,-1.0427391529083252,-3.5301530361175537,-0.7649771571159363,-3.7234833240509033,-0.5106258392333984,-3.6733813285827637,-0.8693353533744812,-3.624016523361206,-0.7482321858406067,-3.7342183589935303,-0.6191051602363586,-3.7622692584991455,-0.19051189720630646,-3.1899662017822266,0.3573140501976013,-3.027613878250122,1.1199101209640503,-3.1748859882354736,1.674185872077942,-3.441622734069824,2.012920379638672,-3.4411282539367676,2.3082833290100098,-3.5220842361450195,2.535926103591919,-3.5148744583129883,3.129415988922119,-3.775001049041748,3.6935296058654785,-3.884795904159546,4.182176113128662,-3.7509679794311523,3.025094747543335,-2.056931495666504,3.1803627014160156,-1.9267500638961792,3.234391689300537,-1.77385675907135,3.2164413928985596,-1.5033124685287476,3.208414316177368,-1.3142679929733276,3.241211414337158,-1.374004602432251,3.2326440811157227,-1.388092279434204,3.208601951599121,-1.2527761459350586,3.142599582672119,-1.2364610433578491,3.1571402549743652,-1.3421863317489624,3.096010684967041,-1.1235030889511108,4.3076982498168945,-1.015657663345337,3.9445152282714844,-0.6379714608192444,3.8003602027893066,-0.2988608479499817,3.834047317504883,-0.21148358285427094,3.7362914085388184,-0.03357107564806938,3.6614396572113037,0.23747633397579193,3.4334685802459717,0.8441037535667419,3.220256805419922,1.1380764245986938,3.4053337574005127,0.8831644058227539,3.6457772254943848,0.5390526652336121,3.551124095916748,0.6675517559051514,3.526247978210449,0.6063986420631409,3.4443328380584717,0.7011840343475342,3.4043750762939453,0.7584046721458435,3.5715723037719727,0.5489408373832703,3.809682846069336,0.2736298739910126,3.886080503463745,0.34795138239860535,3.7267534732818604,0.3704153001308441,3.622450828552246,0.5164777040481567,3.8076043128967285,0.25380897521972656,4.011955261230469,-0.03985021263360977,3.988952398300171,-0.07151155918836594,3.8803281784057617,0.003023844212293625,3.908360719680786,-0.027238167822360992,4.083333492279053,-0.21590369939804077,4.043239593505859,-0.2278026044368744,3.8188045024871826,-0.06944137811660767,3.8000001907348633,-0.0515916533768177,3.956650733947754,-0.1515466868877411,3.867375373840332,-0.05231369659304619,3.554931879043579,0.1451607495546341,3.4506142139434814,0.3112346827983856,3.632319927215576,0.07671304792165756,3.7414965629577637,0.17359279096126556,3.5364551544189453,0.2520489990711212,3.308225631713867,0.40390145778656006,3.301339626312256,0.45210880041122437,3.4443345069885254,0.3133067190647125,3.2950334548950195,0.5068657994270325,3.1113839149475098,0.6745684146881104,3.1418163776397705,0.622337281703949,3.2727420330047607,0.5554360747337341,3.262502431869507,0.61678546667099,3.0251383781433105,0.8439803719520569,3.9652535915374756,1.1727020740509033,3.0287930965423584,0.8856218457221985,3.9670910835266113,1.3980591297149658,3.7733166217803955,1.566558599472046,3.5272631645202637,1.8332927227020264,3.409064769744873,1.9478801488876343,2.4966225624084473,3.5029494762420654,1.1599372625350952,3.3308897018432617,1.0485025644302368,3.480914354324341,1.040829062461853,3.601011276245117,1.0724992752075195,3.5985119342803955,0.942955732345581,3.6380984783172607,0.861182451248169,3.606259822845459,0.8288452625274658,3.7963387966156006,0.5749363899230957,3.9128780364990234,0.21659070253372192,4.013954162597656,0.11422541737556458,3.980443239212036,0.2672779858112335,3.8642916679382324,0.32356366515159607,3.8130033016204834,0.18096210062503815,3.74940824508667,0.09247936308383942,3.6624417304992676,0.0869314968585968,3.5762975215911865,0.15424560010433197,3.4296023845672607,0.1262090802192688,3.329284429550171,0.07280787080526352,3.1976401805877686,0.0846782997250557,3.2626163959503174,0.10811272263526917,3.3001840114593506,0.021684041246771812,3.275803327560425,0.044122084975242615,3.161308526992798,0.11229129135608673,3.106799840927124,0.12234019488096237,3.199815034866333,-0.0025225384160876274,3.2191786766052246,-0.1711874008178711,3.279820680618286,-0.20046238601207733,3.3166379928588867,-0.3038548231124878,3.422142744064331,-0.2997983396053314,3.3428750038146973,-0.38056695461273193,3.386258125305176,-0.22329802811145782,3.2279179096221924,0.06950864940881729,3.9470224380493164,0.03837099298834801,3.0164101123809814,0.10839597135782242,3.010937213897705,0.419975221157074,3.1553328037261963,1.2758194208145142,3.4484996795654297,3.879635810852051,2.546236276626587,3.8333754539489746,1.8839621543884277,3.8137261867523193,1.7858221530914307,3.4787817001342773,1.8658723831176758,3.311239004135132,2.846989631652832,1.8299086093902588,3.251530170440674,-3.316296100616455,1.4755338430404663,-3.321643114089966,-0.8737550377845764,-3.4759089946746826,-0.3265928030014038,-3.1234114170074463,0.0256943479180336,-3.1058804988861084,-0.006551878061145544,-3.030487537384033,-0.14635895192623138,-3.1539642810821533,-0.09674777090549469,-3.1984903812408447,-0.09014291316270828,-3.172481060028076,0.06396827101707458,-3.136913776397705,0.39027634263038635,-3.062783718109131,0.49592456221580505,-3.0039594173431396,0.7192173600196838,-3.0076487064361572,1.0964031219482422,-3.9570412635803223,1.5737963914871216,-3.882075309753418,1.5746524333953857,-3.7668416500091553,1.6531717777252197,-3.724043846130371,1.8388820886611938,-3.882063150405884,1.8157016038894653,-3.797473669052124,1.3644195795059204,-3.6315126419067383,1.1578924655914307,-3.2533650398254395,0.6029710173606873,-3.52878999710083,0.7131315469741821,-3.395615577697754,0.4338110387325287,-3.34912371635437,0.23111750185489655,-3.402315855026245,0.15262746810913086,-3.114230155944824,-0.20422351360321045,-3.67254376411438,-0.8477698564529419,-3.6354622840881348,-1.3637802600860596,-3.230585813522339,-1.797441840171814,-3.663196325302124,-1.8447771072387695,-3.3932034969329834,-1.9491616487503052,-3.3825581073760986,-3.111372232437134,-2.295736312866211,-3.072892427444458,-1.853358507156372,-3.598616600036621,-1.0946742296218872,-3.222151279449463,-0.8909024596214294,-3.2746903896331787,-0.9508556127548218,-3.454972505569458,-0.9578611850738525,-3.483185052871704,-0.9903135299682617,-3.492713212966919,-1.112705945968628,-3.5969202518463135,-0.940122663974762,-3.5501627922058105,-0.9846758842468262,-3.3957674503326416,-1.0703327655792236,-3.318120241165161,-0.6762688159942627,-3.5847268104553223,-0.5834953784942627,-3.5822386741638184,-0.2487897425889969,-3.0808207988739014,-0.2734173834323883,-3.1673455238342285,3.0093233585357666,-1.6163711547851562,3.1068027019500732,0.3188844919204712,3.349517345428467,1.6367460489273071,3.2875969409942627,2.72320556640625,2.619267702102661,3.3770768642425537,3.3247246742248535,2.9701168537139893,3.0488202571868896,1.6999934911727905,3.385883331298828,2.3260953426361084,3.041900157928467,2.1677966117858887,3.263760566711426,2.1272132396698,