{"bimodal":false,"column_names":[""],"dimension":2,"dimension_input":0,"label":"forme1-2","data":[-0.17986533045768738,-3.1851212978363037,-0.6623207926750183,-3.237596273422241,-0.8294008374214172,-3.1499783992767334,-0.7105594277381897,-3.053892135620117,-0.6865307688713074,-3.1190249919891357,-0.8474669456481934,-3.1621627807617188,-1.0068118572235107,-3.2569994926452637,-0.9648136496543884,-3.3288400173187256,-0.7481196522712708,-3.010021448135376,-0.42583271861076355,-3.0698084831237793,-0.003086730604991317,-3.3149828910827637,-0.11509113758802414,-3.1045594215393066,-0.16425159573554993,-3.041466474533081,-0.3635118305683136,-3.130642890930176,-0.23410552740097046,-3.0491280555725098,0.11013639718294144,-3.03157901763916,0.7109768986701965,-3.1408562660217285,1.753012776374817,-3.0758464336395264,0.6776260733604431,-3.330620288848877,-0.13839074969291687,-3.394415855407715,-0.07787366211414337,-3.127492666244507,0.24610047042369843,-3.4886152744293213,0.32631415128707886,-3.5621023178100586,0.5461605191230774,-3.110503673553467,0.7312342524528503,-3.1739211082458496,0.759804904460907,-3.1580076217651367,0.6576526165008545,-3.1044886112213135,0.4483244717121124,-3.0171337127685547,0.4550476372241974,-3.031613826751709,0.42955413460731506,-3.518021821975708,0.31006965041160583,-3.4972751140594482,0.2588116228580475,-3.413825035095215,0.1853124350309372,-3.333961248397827,0.2057969719171524,-3.22890043258667,0.13450895249843597,-3.2298853397369385,0.1760394126176834,-3.1966495513916016,0.12523838877677917,-3.238483190536499,-0.3203297555446625,-3.305050849914551,-1.361460566520691,-3.023324728012085,-3.178537130355835,-2.3540892601013184,-3.2287542819976807,-2.448070764541626,-3.0318665504455566,-2.028122663497925,-3.120732307434082,-1.425438404083252,-3.2148873805999756,-0.8079688549041748,-3.3096253871917725,-0.7833717465400696,-3.3232150077819824,-0.9113803505897522,-3.095918655395508,-1.0211907625198364,-3.2552685737609863,-1.1270520687103271,-3.06764817237854,-1.3113853931427002,-3.022336006164551,-1.3957090377807617,-3.1440813541412354,-1.343436360359192,-3.3603200912475586,-1.2056803703308105,-3.446963310241699,-1.183511734008789,-3.4304697513580322,-1.0352202653884888,-3.496044158935547,-1.0224218368530273,-3.00951886177063,-0.9513178467750549,-3.077317953109741,-1.0077723264694214,-3.5870518684387207,-1.2410427331924438,-3.3785006999969482,-1.387907862663269,-3.6342718601226807,-0.9424368739128113,-3.1945760250091553,-0.3550718128681183,-3.1769485473632812,-0.2719789147377014,-3.374798059463501,0.10310595482587814,-3.060885429382324,0.8078792095184326,-3.056784152984619,0.7741877436637878,-3.7507407665252686,0.6252749562263489,-3.5579710006713867,0.4568261504173279,-3.459538459777832,0.2724706828594208,-3.455660104751587,0.09353911131620407,-3.341695547103882,0.015164347365498543,-3.2819063663482666,-0.11311852931976318,-3.3830113410949707,-0.04273577779531479,-3.380924940109253,0.019124016165733337,-3.4579150676727295,0.19931794703006744,-3.6854913234710693,0.69304358959198,-3.692582368850708,0.7640802264213562,-3.019284725189209,0.5721629858016968,-3.0607542991638184,0.5371611714363098,-3.642841339111328,0.6547695994377136,-3.7061874866485596,0.3844899833202362,-3.6311166286468506,0.2573086619377136,-3.5048351287841797,0.15664541721343994,-3.703746795654297,0.24637377262115479,-3.7289040088653564,0.24444341659545898,-3.025676965713501,0.25630590319633484,-3.053619146347046,0.18485762178897858,-3.037436008453369,0.2651461660861969,-3.0379841327667236,0.30510324239730835,-3.1305553913116455,0.19677716493606567,-3.1040520668029785,0.18204891681671143,-3.7134594917297363,0.18179099261760712,-3.0193932056427,0.19491472840309143,-3.051358461380005,0.15320992469787598,-3.0156643390655518,0.11156007647514343,-3.744818687438965,0.17425645887851715,-3.7382638454437256,0.15802279114723206,-3.0036184787750244,0.1933893859386444,-3.710951805114746,0.2333609163761139,-3.0041377544403076,0.17173343896865845,-3.7434303760528564,0.2858707010746002,-3.006683349609375,0.26911693811416626,-3.0141422748565674,0.31911224126815796,-3.591085195541382,0.24260318279266357,-3.6808996200561523,0.23470807075500488,-3.6557345390319824,0.1816498041152954,-3.574674606323242,-0.026599286124110222,-3.7208995819091797,0.09770434349775314,-3.6505939960479736,0.29987218976020813,-3.6327271461486816,0.5650376677513123,-3.474977493286133,0.6742241978645325,-3.44107723236084,1.250503659248352,-3.5699925422668457,2.495699644088745,-3.438410997390747,2.43817400932312,-3.586763620376587,3.346688747406006,-2.4408111572265625,3.088564872741699,-2.2403745651245117,3.295278549194336,-1.9958300590515137,3.3400521278381348,-1.731310486793518,3.417515516281128,-0.8773931264877319,3.5059401988983154,-0.43033933639526367,3.773956060409546,-0.10230989754199982,3.070830821990967,0.199055477976799,3.0609171390533447,0.5060415863990784,3.024174451828003,0.7146793007850647,3.021672487258911,0.7561041116714478,3.059323310852051,1.0168308019638062,3.959149122238159,0.8673976063728333,3.0210533142089844,0.8249165415763855,3.0641510486602783,0.7945353984832764,3.0236549377441406,1.14963960647583,3.9469919204711914,1.3087761402130127,3.7470204830169678,1.3595894575119019,3.6432435512542725,1.242567777633667,3.593099594116211,1.1855366230010986,3.3043081760406494,1.7093032598495483,3.590174436569214,1.6290903091430664,3.1470465660095215,1.6881797313690186,3.033588409423828,1.6118555068969727,3.2068727016448975,1.788604736328125,3.316342353820801,1.4387580156326294,3.163104772567749,0.9716529250144958,3.1857683658599854,1.0048161745071411,3.3686249256134033,1.176682710647583,3.2082035541534424,1.8982278108596802,3.427192211151123,2.2838499546051025,3.3515090942382812,3.413893222808838,3.3245127201080322,3.375131130218506,3.094966173171997,3.4061224460601807,2.9824740886688232,3.1636343002319336,3.1272315979003906,2.8009073734283447,3.398085117340088,2.746253490447998,3.400226593017578,2.6740262508392334,3.343667984008789,2.9661612510681152,3.2449517250061035,3.433995246887207,2.8026602268218994,3.306011915206909,2.235771656036377,3.28546142578125,2.194681406021118,3.0480129718780518,1.0248212814331055,3.045928955078125,0.9967243075370789,3.105440378189087,1.0711277723312378,3.02146577835083,0.7384225726127625,3.218088388442993,0.7676499485969543,3.0210440158843994,0.9356207847595215,3.1964428424835205,0.4346177875995636,3.233013868331909,-0.804546058177948,3.40756893157959,-1.7797729969024658,3.4076220989227295,-1.9246500730514526,3.448202610015869,-1.790162205696106,3.4759445190429688,-1.7461456060409546,3.4334499835968018,-1.9502182006835938,3.257052421569824,-2.349973440170288,3.2461836338043213,-2.458407402038574,3.033731698989868,-3.1510822772979736,2.557912588119507,-3.3659720420837402,1.1657915115356445,-3.1799046993255615,0.8076128363609314,-3.2831032276153564,0.12929366528987885,-3.201122999191284,-0.4132830798625946,-3.0671684741973877,-1.519202709197998,-3.065666437149048,-2.5267388820648193,-3.243779420852661,-1.8140848875045776,-3.0627925395965576,-1.9084779024124146,-3.3078854084014893,-1.7805421352386475,-3.0606372356414795,-1.6677067279815674,-3.368171215057373,-1.6878547668457031,-3.0482842922210693,-2.01469087600708,-3.1198456287384033,-1.9458231925964355,-3.2441771030426025,-1.520338535308838,-3.4047067165374756,-0.5601176023483276,-3.458956480026245,-0.4481547474861145,-3.1414527893066406,-0.46003633737564087,-3.0710291862487793,-0.522418737411499,-3.0661544799804688,-0.7369562387466431,-3.4736788272857666,-0.6701968312263489,-3.0448715686798096,-0.5701062679290771,-3.0345518589019775,-0.4511130154132843,-3.383916139602661,0.38272690773010254,-3.247091770172119,1.4533324241638184,-3.139796018600464,3.2035343647003174,-1.7939937114715576,3.412771224975586,-1.1244099140167236,3.2599096298217773,-1.005843162536621,3.0459957122802734,-1.0966664552688599,3.240461826324463,-0.6431718468666077,3.018296003341675,-0.08779043704271317,3.049403429031372,-0.11712586134672165,