{"bimodal":false,"column_names":[""],"dimension":2,"dimension_input":0,"label":"forme1-12","data":[-0.17458680272102356,-3.1599020957946777,0.07896231859922409,-3.0255792140960693,-2.6996679306030273,-3.0846338272094727,-2.053255558013916,-3.0789413452148438,-1.54142165184021,-3.235593318939209,-0.9626943469047546,-3.258420944213867,-1.2426354885101318,-3.3848209381103516,-0.13243409991264343,-3.0894546508789062,0.9197490811347961,-3.555218458175659,-0.050939444452524185,-3.421118974685669,-0.7241055965423584,-3.074760913848877,-1.2330394983291626,-3.432553291320801,-2.220407247543335,-3.231266975402832,-2.466900587081909,-3.3179771900177,-2.1574666500091553,-3.232691526412964,-1.9208437204360962,-3.4549691677093506,-1.3463242053985596,-3.0145180225372314,-1.053762435913086,-3.2627501487731934,-1.1561328172683716,-3.339059591293335,-1.2464872598648071,-3.5761842727661133,-1.4377493858337402,-3.58687162399292,-1.5463043451309204,-3.4804277420043945,-0.741330087184906,-3.1030077934265137,-0.43725547194480896,-3.0001630783081055,1.007312297821045,-3.5018181800842285,3.4826860427856445,-3.1990740299224854,3.8293187618255615,-1.066636562347412,3.7549362182617188,-1.1594597101211548,3.056811809539795,-0.8405665159225464,3.11090087890625,-0.6787861585617065,3.12257719039917,-0.6216204166412354,3.1353633403778076,-0.590013325214386,3.1368794441223145,-0.5988350510597229,3.1167778968811035,-0.6068481802940369,3.0165557861328125,-0.40013113617897034,3.6537463665008545,0.09615406394004822,3.568756103515625,0.13717536628246307,3.4942383766174316,0.4661696255207062,3.35736083984375,0.7020142078399658,3.1967618465423584,0.8919693231582642,3.256606101989746,0.8307033777236938,3.220198392868042,0.808718204498291,3.1709609031677246,0.8602621555328369,3.121201753616333,0.826129138469696,3.040607452392578,0.8720491528511047,3.6990935802459717,1.193462610244751,3.5601227283477783,1.273749589920044,3.3608763217926025,1.55859375,3.5667788982391357,1.2509347200393677,3.6346120834350586,1.2848594188690186,3.301637649536133,1.3527878522872925,3.19637131690979,1.4430686235427856,3.3862016201019287,1.3918856382369995,3.1362345218658447,1.66704523563385,3.3641748428344727,2.3792564868927,2.5884029865264893,3.013916254043579,2.4197378158569336,3.204822301864624,2.4360690116882324,3.121534585952759,2.338324546813965,3.2229714393615723,2.318714141845703,3.2138781547546387,2.3704848289489746,3.173936605453491,2.07832932472229,3.2911376953125,0.873353898525238,3.1825053691864014,0.27473995089530945,3.398024559020996,-0.283184677362442,3.0354654788970947,-0.3451954424381256,3.1232686042785645,-0.4767158031463623,3.3208563327789307,-0.7801811099052429,3.343754529953003,-1.0813500881195068,3.306053876876831,-1.7310398817062378,3.069373369216919,-3.3568522930145264,-1.2401009798049927,-3.039191722869873,-0.25338679552078247,-3.505112648010254,-0.08513806760311127,-3.322981834411621,-0.10255169123411179,-3.442702054977417,-0.5191212296485901,-3.124986171722412,-1.1773431301116943,-3.2939541339874268,-1.9433177709579468,-3.2903828620910645,-3.2352397441864014,-2.9786391258239746,-3.0792348384857178,-3.4193499088287354,-2.8680853843688965,-3.162459373474121,-2.2599852085113525,-3.1088435649871826,-2.238227128982544,-3.0965821743011475,-2.6666085720062256,-0.9219921231269836,3.5129151344299316,0.2690694034099579,3.788808822631836,0.9588187336921692,3.9652535915374756,1.0794041156768799,3.0519089698791504,1.2543072700500488,3.1730546951293945,1.5262705087661743,3.1176719665527344,1.5457563400268555,3.2005395889282227,1.6621465682983398,3.150501012802124,1.7924349308013916,3.0020205974578857,2.543898820877075,3.8497507572174072,2.7038679122924805,3.5068247318267822,3.5882456302642822,3.475280284881592,3.5190718173980713,3.157770872116089,3.241178274154663,3.066457748413086,3.1458234786987305,3.011643409729004,3.159325361251831,2.89766263961792,3.3913180828094482,2.473104238510132,3.5333356857299805,2.071479082107544,3.1760447025299072,1.2685582637786865,3.4620749950408936,1.1065614223480225,3.6305019855499268,1.080376386642456,3.9437296390533447,0.8320242762565613,3.2806267738342285,0.1800144761800766,3.5896451473236084,-0.20236462354660034,3.77921199798584,-0.3556481599807739,3.79663348197937,-0.40990158915519714,3.8033859729766846,-0.41398027539253235,3.791865587234497,-0.38208192586898804,3.7791717052459717,-0.5127962827682495,3.835029125213623,-0.5651132464408875,3.7943100929260254,-0.595038890838623,3.7345380783081055,-0.7467111945152283,3.7230231761932373,-0.8067678809165955,3.5876362323760986,-1.2816286087036133,3.5819313526153564,-2.0906639099121094,3.4453604221343994,-2.5146644115448,3.3007988929748535,-2.9947335720062256,3.3438103199005127,-3.243260622024536,3.160799741744995,-3.1243388652801514,3.0176711082458496,-3.2038867473602295,3.2044851779937744,-3.321173667907715,2.3753273487091064,-3.0173027515411377,-3.1961965560913086,0.7448803782463074,-3.423755645751953,0.5252038836479187,-3.5990376472473145,0.7928587198257446,-3.124545097351074,1.061846375465393,-3.374880313873291,1.202483057975769,-3.410261869430542,-0.051256097853183746,-3.3623969554901123,-2.452458143234253,-2.8946125507354736,-3.3522849082946777,-1.2188562154769897,-3.296821117401123,-0.1500977724790573,-3.432216167449951,0.3133538067340851,-3.7037034034729004,0.6504530906677246,-4.005419731140137,0.6235386729240417,-3.0419650077819824,0.49196240305900574,-3.021153450012207,0.3325673043727875,-3.011323928833008,0.19201430678367615,-3.054969072341919,-0.219480961561203,-3.844949960708618,-0.5564950108528137,-3.577766180038452,-0.7657291889190674,-3.540311336517334,-0.7388269305229187,-3.5843544006347656,-0.8899319171905518,-3.357757329940796,-0.5643593072891235,-3.4285898208618164,0.08265286684036255,-3.67645263671875,0.48046863079071045,-3.000495672225952,0.5218150615692139,-3.77425479888916,0.5594786405563354,-3.1052608489990234,0.7078831791877747,-3.1565072536468506,0.7919579744338989,-3.1307783126831055,0.78345787525177,-3.022103786468506,0.8150191903114319,-3.216111421585083,0.8103197813034058,-3.1815202236175537,1.0383142232894897,-3.319531202316284,1.0531855821609497,-3.2466771602630615,0.7173439264297485,-3.839048385620117,0.6563776135444641,-3.133450746536255,0.7223882675170898,-3.0946097373962402,0.49892088770866394,-3.1364448070526123,-0.1670372486114502,-3.7622671127319336,-1.1923447847366333,-3.145446300506592,-2.377201795578003,-3.3717880249023438,-2.7473223209381104,-3.3029699325561523,-2.9476146697998047,-3.0997681617736816,-3.0980002880096436,-3.3631529808044434,-3.770094871520996,-2.955406665802002,-4.0587921142578125,-1.1132794618606567,-3.5532209873199463,-0.40636366605758667,-3.8174943923950195,-0.08330924063920975,-4.089585304260254,0.1488846242427826,-4.135023593902588,-0.0791887417435646,-4.291553020477295,-0.037891387939453125,-4.263221740722656,0.02542317472398281,-4.234191417694092,0.0935700535774231,-4.200100421905518,-0.13891920447349548,-3.9118309020996094,-0.7664600014686584,-3.4707977771759033,-1.1824262142181396,-3.3606746196746826,-1.0102232694625854,-3.4640815258026123,-0.9924148321151733,-3.622375726699829,-0.9626192450523376,-3.7960846424102783,-0.6958865523338318,-3.728287696838379,-0.7103822827339172,-3.6985836029052734,-0.7206308841705322,-3.7372922897338867,-0.7278255224227905,-3.987342596054077,-0.398226797580719,-3.9727377891540527,-0.39469459652900696,-3.8688883781433105,-0.7437622547149658,-4.25443172454834,-0.6996418237686157,-4.501136779785156,-0.2948181629180908,-3.0182363986968994,0.08043092489242554,-3.0191762447357178,0.0746622160077095,-3.162716865539551,0.10456949472427368,-3.2714154720306396,0.07778021693229675,-3.245413303375244,-0.04982255399227142,-3.1804752349853516,-0.09533433616161346,-3.174034833908081,0.03241542726755142,-3.1513586044311523,0.04042205959558487,-3.1228833198547363,0.005566766019910574,-3.0995984077453613,-0.02437475696206093,-3.1354031562805176,0.02389337494969368,-3.0808749198913574,-0.03957046940922737,-4.051333427429199,