{
	"time" : [ 0, 0.125, 0.688, 0.813, 1.125, 1.25, 1.375, 1.719, 2.219, 2.656, 3.219, 3.313, 3.375, 3.594, 4.156, 4.281, 4.906, 5, 5.312, 5.406, 5.875, 6.125, 6.594, 6.969, 7.562, 7.781, 8.031, 8.469, 8.969, 9.188, 9.938, 10.5, 11.125, 11.313, 11.875, 12.438, 12.594, 12.875, 13.031, 13.531, 13.625, 13.813, 14.219, 14.406, 15.156, 15.313, 15.781, 15.969, 16.375, 16.531, 16.719, 17.125, 17.375, 18.031, 18.437, 18.562, 18.687, 19.031, 19.25, 19.906, 20.656, 20.937, 21.437, 22.437, 22.531, 22.594, 22.781, 24.156, 24.625, 25.062, 25.375, 25.469, 25.812, 26.719, 27.094, 27.719, 28.187, 28.906, 29.062, 29.719, 30.781, 30.875, 31.25, 31.531, 32.125, 32.280998, 32.405998, 32.969002, 33.438, 33.585999, 34.094002, 34.18, 35, 35.125, 35.75, 36.969002, 37.188, 37.594002, 38.375, 38.844002, 39, 39.313, 30.531, 40.063, 40.25, 40.405998 ],
	"duration" : [ 0.125, 0.563, 0.125, 0.312, 0.125, 0.125, 0.344, 0.5, 0.437, 0.563, 0.094, 0.062, 0.219, 0.562, 0.125, 0.625, 0.094, 0.312, 0.094, 0.469, 0.25, 0.469, 0.375, 0.593, 0.219, 0.25, 0.438, 0.5, 0.219, 0.75, 0.562, 0.625, 0.188, 0.562, 0.563, 0.156, 0.281, 0.156, 0.5, 0.094, 0.188, 0.406, 0.187, 0.75, 0.157, 0.468, 0.188, 0.406, 0.156, 0.188, 0.406, 0.25, 0.656, 0.406, 0.125, 0.125, 0.344, 0.219, 0.656, 0.75, 0.281, 0.5, 1.0, 0.094, 0.063, 0.187, 1.375, 0.469, 0.437, 0.313, 0.094, 0.343, 0.907, 0.375, 0.625, 0.468, 0.719, 0.156, 0.657, 1.062, 0.094, 0.375, 0.281, 0.594, 0.155998, 0.125, 0.563004, 0.468998, 0.147999, 0.508003, 0.085999, 0.82, 0.125, 0.625, 1.219002, 0.218998, 0.406002, 0.780998, 0.469002, 0.155998, 0.313, -8.782, 9.532, 0.187, 0.155998,0.3 ],
	"compte" : 106
}
