{
	"time" : [ 0, 0.438, 0.563, 0.875, 1.312, 1.437, 1.625, 1.875, 2.375, 2.75, 2.938, 3.313, 3.688, 3.938, 3.313, 3.688, 3.938, 4.312, 4.562, 4.812, 5, 5.437, 5.75, 6.25, 6.625, 6.875, 7.031, 7.156, 7.422, 7.937, 8.234, 8.609, 9.313, 9.484, 9.711, 10.063, 10.563, 10.75, 11.031, 11.5, 11.75, 12, 12.344, 12.5, 12.781, 13.406, 14.031, 14.188, 13.313, 13.906, 15.125, 15.281, 15.781, 16.031, 16.219, 16.625, 16.781, 17.281, 16.031, 16.219, 16.625, 16.781, 17.281, 17.469, 18.562, 18.812, 19.094, 19.406, 20, 20.844, 21.031, 21.75, 22.344, 22.656, 23.031, 23.25, 23.937, 24.125, 24.281, 24.625, 24.812, 25.094, 25.344, 26.062, 26.625, 26.781, 27.125, 27.281, 27.437, 27.937, 28.187, 28.531, 28.625, 28.781, 29.219, 29.406, 30.312, 30.5, 31.125, 31.281, 31.531, 31.906, 32.625, 32.875, 33.188, 33.625, 34.030998, 34.188, 34.313, 34.5, 35.219002, 35.375, 36.063, 36.219002, 36.530998, 36.719002, 36.875, 37.125, 37.469002, 37.844002, 38, 38.155998, 38.344002, 38.688, 39, 39.438, 40, 40.469002, 40.688, 41.313, 41.813, 41.938, 42.438, 42.563, 42.780998, 43.280998, 43.530998, 43.875, 44.25, 44.594002, 45.405998, 45.813 ],
	"duration" : [ 0.438, 0.125, 0.312, 0.437, 0.125, 0.188, 0.25, 0.5, 0.375, 0.188, 0.375, 0.375, 0.25, -0.625, 0.375, 0.25, 0.374, 0.25, 0.25, 0.188, 0.437, 0.313, 0.5, 0.375, 0.25, 0.156, 0.125, 0.266, 0.515, 0.297, 0.375, 0.704, 0.171, 0.227, 0.351999, 0.5, 0.187, 0.281, 0.469, 0.25, 0.25, 0.344, 0.156, 0.281, 0.625, 0.625, 0.157, -0.875, 0.593, 1.219, 0.156, 0.5, 0.25, 0.188, 0.406, 0.156, 0.5, -1.25, 0.188, 0.406, 0.156, 0.5, 0.188, 1.093, 0.25, 0.282, 0.312, 0.594, 0.844, 0.187, 0.719, 0.594, 0.312, 0.375, 0.219, 0.687, 0.188, 0.156, 0.344, 0.187, 0.282, 0.25, 0.718, 0.563, 0.156, 0.344, 0.156, 0.156, 0.5, 0.25, 0.344, 0.094, 0.156, 0.438, 0.187, 0.906, 0.188, 0.625, 0.156, 0.25, 0.375, 0.719, 0.25, 0.313, 0.437, 0.405998, 0.157001, 0.125, 0.187, 0.719002, 0.155998, 0.688, 0.156002, 0.311996, 0.188004, 0.155998, 0.25, 0.344002, 0.375, 0.155998, 0.155998, 0.188004, 0.343998, 0.312, 0.438, 0.562, 0.469002, 0.218998, 0.625, 0.5, 0.125, 0.5, 0.125, 0.217999, 0.5, 0.25, 0.344002, 0.375, 0.344002, 0.811996, 0.407001, 0.406 ],
	"compte" : 144
}
