{"bimodal":false,"column_names":[""],"dimension":2,"dimension_input":0,"label":"forme1-9","data":[2.9749011993408203,3.332188129425049,1.5225303173065186,3.303389549255371,1.974747657775879,3.3713107109069824,1.9973111152648926,3.1903600692749023,2.0233099460601807,3.0068953037261963,2.350564479827881,3.3274545669555664,2.2608067989349365,3.1244266033172607,1.8953683376312256,3.6246798038482666,1.4183828830718994,3.29682993888855,1.6164840459823608,3.478400945663452,1.684089183807373,3.42171573638916,1.7608579397201538,3.404851198196411,1.7059621810913086,3.2053821086883545,0.5259768962860107,3.072376012802124,-0.25222083926200867,3.5623717308044434,-0.5338853597640991,3.6817028522491455,-0.7106882333755493,3.6258158683776855,-0.7415654063224792,3.543090343475342,-0.7939906716346741,3.4936041831970215,-0.6361778974533081,3.345111131668091,-0.5051870942115784,3.3201074600219727,-0.7912996411323547,3.5075690746307373,-1.1409183740615845,3.3870038986206055,-3.162755012512207,2.7895333766937256,-3.586843967437744,2.0907866954803467,-3.607405424118042,2.0399017333984375,-3.289710760116577,1.44153892993927,-3.2582309246063232,1.3480256795883179,-3.123781204223633,0.8878085017204285,-3.5122365951538086,0.42117005586624146,-3.1866519451141357,-0.8885267376899719,-3.0919454097747803,-1.6205192804336548,-3.2111976146698,-1.8304060697555542,-3.2986772060394287,-2.004103183746338,-3.515244722366333,-2.189800977706909,-3.177612543106079,-2.0301647186279297,-3.150987386703491,-2.387880563735962,-3.206521511077881,-2.4915177822113037,-3.0905768871307373,-2.520242214202881,-3.450456380844116,-3.406991958618164,-2.077676773071289,-3.6953439712524414,-1.8986905813217163,-3.7214138507843018,-2.0247817039489746,-3.625433921813965,-2.1378443241119385,-3.434319019317627,-2.342409133911133,-3.324674367904663,-2.5049362182617188,-3.296463966369629,-2.4394073486328125,-3.3925814628601074,-2.163959264755249,-3.4947221279144287,-1.9491053819656372,-3.7268993854522705,-1.422851800918579,-3.118269205093384,-0.9991486668586731,-3.4563488960266113,-0.7580075263977051,-3.526259422302246,-0.17324812710285187,-3.832364082336426,0.28383493423461914,-3.089906930923462,0.2751903235912323,-3.018493175506592,0.15750443935394287,-3.0331289768218994,0.1902180314064026,-3.099144220352173,-0.02243296429514885,-3.015827178955078,-0.4265786111354828,-3.861555576324463,-0.6489750146865845,-3.707509994506836,-0.63283371925354,-3.607827663421631,-0.7495712041854858,-3.644085168838501,-0.6548575162887573,-3.7959935665130615,-0.49471527338027954,-3.7378969192504883,-0.4227580726146698,-3.8415520191192627,-0.4729163944721222,-3.8649344444274902,-0.23560002446174622,-3.9705517292022705,0.4033192992210388,-3.823356866836548,1.4047236442565918,-3.044739246368408,3.061256170272827,-3.1072916984558105,3.536956548690796,-3.1993072032928467,3.1235921382904053,-2.5139899253845215,3.232835054397583,-1.933556318283081,3.4445574283599854,-1.812301516532898,3.640728235244751,-1.9789657592773438,3.876284599304199,-2.1024911403656006,3.9101812839508057,-1.972283959388733,3.9340085983276367,-1.81875741481781,3.9509732723236084,-1.6421375274658203,3.0096516609191895,-1.1344000101089478,3.0733532905578613,-1.1416348218917847,3.242492437362671,-1.1226000785827637,3.173647165298462,-0.7612885236740112,3.1908020973205566,-0.6371198296546936,3.341610908508301,-0.5165346264839172,3.2827017307281494,-0.3418075442314148,3.3543460369110107,-0.424324095249176,3.3694097995758057,-0.37040266394615173,3.491183280944824,-0.33616772294044495,3.407665491104126,-0.3180457353591919,3.4489543437957764,-0.38820764422416687,3.5343825817108154,-0.44512078166007996,3.591132640838623,-0.5770440697669983,3.61883282661438,-0.6166984438896179,3.5845887660980225,-0.6543159484863281,3.5300230979919434,-0.6646319031715393,3.4602129459381104,-0.6425513029098511,3.415908098220825,-0.6216012835502625,3.433439016342163,-0.6284601092338562,3.518118143081665,-0.7377787232398987,3.612203359603882,-0.9101481437683105,3.5570385456085205,-0.8614824414253235,3.539273500442505,-0.8516497015953064,3.613889455795288,-0.8591310381889343,3.6682162284851074,-0.5646334886550903,3.741441249847412,-0.2997022867202759,3.7411606311798096,-0.018930556252598763,3.7574563026428223,0.02023974433541298,3.9470505714416504,-0.018335426226258278,3.992262125015259,0.06997012346982956,4.0210137367248535,-0.03500612452626228,4.092458248138428,-0.19674482941627502,3.8412115573883057,0.11436555534601212,3.7550742626190186,0.3515644669532776,4.002628326416016,0.17195220291614532,3.8448386192321777,0.17809954285621643,3.440330743789673,0.4321868121623993,3.4636898040771484,0.4386783242225647,3.6439461708068848,0.20233330130577087,3.7911789417266846,0.17434993386268616,3.8987410068511963,0.11416657269001007,3.9608795642852783,0.20898468792438507,3.936038017272949,0.31018829345703125,3.6392130851745605,0.34574010968208313,3.4033210277557373,0.3242645859718323,3.2743239402770996,0.4481867849826813,3.076526165008545,0.6789919137954712,3.004257917404175,0.7050043940544128,3.7908942699432373,1.3461428880691528,3.8738818168640137,1.4977716207504272,3.7704803943634033,1.4681867361068726,3.0875988006591797,2.241076707839966,3.4759769439697266,3.0930895805358887,3.178999185562134,3.3148105144500732,3.1305181980133057,3.3036715984344482,2.5839436054229736,3.7985165119171143,1.37473726272583,3.507655143737793,0.9282706379890442,3.722055435180664,0.5143325328826904,3.9418177604675293,0.08484255522489548,3.1493659019470215,-0.1636023074388504,3.329507827758789,-0.3321553170681,3.3515841960906982,-0.4799209535121918,3.4359359741210938,-0.5911443829536438,3.4047062397003174,-0.5083023309707642,3.405369281768799,-0.48479709029197693,3.4267117977142334,-0.5098855495452881,3.4276435375213623,-0.518742024898529,3.4180541038513184,-0.42926841974258423,3.4517126083374023,-0.42002320289611816,3.4010233879089355,-0.4454118013381958,3.4080212116241455,-0.47465673089027405,3.3982601165771484,-0.5244688391685486,3.4447286128997803,-0.4811549782752991,3.399848222732544,-0.49560025334358215,3.348386287689209,-0.5077082514762878,3.3203530311584473,-0.5297926068305969,3.329524517059326,-0.5483741760253906,3.326796770095825,-0.5476945042610168,3.2865705490112305,-0.44076523184776306,3.20296311378479,-0.33416253328323364,3.086711883544922,-0.25638365745544434,3.8871774673461914,0.15787838399410248,3.464380979537964,0.7178507447242737,3.1772382259368896,1.4240342378616333,3.6107966899871826,2.187547445297241,3.1810691356658936,2.8866372108459473,3.5808794498443604,2.353271961212158,3.0129106044769287,2.187128782272339,3.098287343978882,2.1350982189178467,3.093717098236084,2.1433310508728027,3.070054054260254,2.090453863143921,3.068434476852417,1.988425850868225,3.002260208129883,1.0035429000854492,3.674905300140381,-0.5187522768974304,3.318575382232666,-1.1401355266571045,3.0690886974334717,-1.6701781749725342,3.308234930038452,-1.8646405935287476,3.1792330741882324,-2.0950777530670166,3.0054819583892822,-3.7086856365203857,3.5205602645874023,-3.2121856212615967,2.083073616027832,-3.4484715461730957,2.0151448249816895,-3.5184409618377686,1.901550531387329,-3.6382296085357666,1.9208015203475952,-3.7285590171813965,1.6571764945983887,-3.9002015590667725,1.423565149307251,-3.7467994689941406,0.7100478410720825,-3.8736844062805176,0.6614556312561035,-3.9484622478485107,0.5619722604751587,-3.0166428089141846,0.4269789457321167,-3.011887311935425,0.337616890668869,-3.03393292427063,0.3693537414073944,-3.0730130672454834,0.31208035349845886,-3.9735162258148193,0.0584685243666172,-3.76017165184021,-0.3858865797519684,-3.6425130367279053,-0.7516400218009949,-3.636453866958618,-0.8853393793106079,-3.7284958362579346,-0.8781219720840454,-3.7062761783599854,-1.0517511367797852,-3.48797869682312,-1.2933083772659302,-3.587644577026367,-1.4433141946792603,-3.514482259750366,-1.5399649143218994,-3.202096939086914,-1.8828188180923462,-3.402322292327881,-3.0212626457214355,-3.04776930809021,-3.476515531539917,-2.9238150119781494,