{"bimodal":false,"column_names":[""],"dimension":2,"dimension_input":0,"label":"forme1-7","data":[1.4730145931243896,-3.030069589614868,-3.4259192943573,-1.5546479225158691,-3.269953966140747,-1.3274427652359009,-3.210235118865967,-1.1311440467834473,-3.1943118572235107,-1.3142399787902832,-3.446465253829956,-1.8949464559555054,-2.8809781074523926,-3.4795894622802734,-2.1258203983306885,-3.2469112873077393,-2.2598559856414795,-3.0791003704071045,-2.1804916858673096,-3.1005301475524902,-2.5403573513031006,-3.204359769821167,-2.6548831462860107,-3.022294282913208,-2.732489585876465,-3.14225172996521,-2.907048225402832,-3.0343453884124756,-3.2690207958221436,-3.2559947967529297,-3.3658056259155273,-2.110502004623413,-3.314695358276367,-1.6079668998718262,-3.0350301265716553,-1.4056869745254517,-3.5721280574798584,-1.8922313451766968,-3.112272024154663,-1.4736558198928833,-3.3262381553649902,-1.321885108947754,-3.1683785915374756,-1.5663963556289673,-3.1557369232177734,-1.6710866689682007,-3.1892049312591553,-1.700124740600586,-3.1571319103240967,-1.6765308380126953,-3.207429885864258,-1.433233618736267,-3.342573881149292,-1.440045714378357,-3.5405962467193604,-1.4257142543792725,-3.0217700004577637,-0.942472517490387,-3.2546818256378174,-0.5610219240188599,-3.619218587875366,-0.4566446542739868,-3.723299264907837,-0.4044959545135498,-3.79738187789917,-0.29618188738822937,-3.849669933319092,-0.18329516053199768,-3.790480136871338,-0.3270557224750519,-3.4755725860595703,-0.5809826254844666,-3.369246006011963,-0.5366278290748596,-3.650045871734619,-0.5862088203430176,-3.336796283721924,0.15372627973556519,-3.0389297008514404,2.7062621116638184,-1.5255200862884521,3.144012689590454,-1.3686619997024536,3.3051509857177734,-1.269781231880188,3.1126272678375244,-0.8461434245109558,3.1988515853881836,0.0018229244742542505,3.4764106273651123,1.0876599550247192,3.149243116378784,1.5405254364013672,3.3067779541015625,2.0555613040924072,3.1560256481170654,2.260164976119995,3.060762405395508,2.0070860385894775,3.1378135681152344,1.6970196962356567,3.183138132095337,1.492838978767395,3.1057543754577637,1.4774348735809326,3.0553765296936035,1.4015498161315918,3.174983501434326,1.2676914930343628,3.0530524253845215,1.11309814453125,3.0032477378845215,1.3189352750778198,3.617568254470825,1.3113631010055542,3.5719544887542725,1.1866185665130615,3.6327219009399414,1.1815707683563232,3.6734559535980225,1.1328319311141968,3.6153879165649414,0.9113464951515198,3.6053919792175293,0.26445454359054565,3.771043300628662,-0.19053751230239868,3.1786293983459473,-0.5731514096260071,3.6388862133026123,-0.9448726773262024,3.081639528274536,-1.8074395656585693,3.5798254013061523,-2.517127513885498,3.124035120010376,-3.596172571182251,3.111407995223999,-3.280745267868042,2.0093467235565186,-3.483755588531494,1.7476506233215332,-3.302553176879883,0.5954216122627258,-3.339843511581421,0.042991045862436295,-3.24139404296875,-0.06652112305164337,-3.328030824661255,-0.08440086990594864,-3.287773847579956,-0.011197663843631744,-3.098911762237549,-0.24732428789138794,-3.0826950073242188,-1.1219888925552368,-3.192476987838745,-3.0306808948516846,-2.773486852645874,-3.1770670413970947,-2.926435947418213,-3.0969786643981934,-3.0916292667388916,-2.6601788997650146,-3.2126030921936035,-2.923088312149048,-3.1058948040008545,-3.342951774597168,-3.4054980278015137,-3.478283166885376,-3.179990530014038,-3.070356607437134,-3.3178632259368896,-3.3753740787506104,-2.635244131088257,-3.131749153137207,-2.550846576690674,-3.2338743209838867,-2.656855344772339,-3.168610095977783,-2.863374948501587,-3.2326695919036865,-2.835127592086792,-3.35980486869812,-2.5670621395111084,-3.252506971359253,-2.514437675476074,-3.4295644760131836,-2.2786307334899902,-3.626347541809082,-1.3742034435272217,-3.0215554237365723,-0.9814897179603577,-3.267507791519165,-0.8801883459091187,-3.307380437850952,-0.6819702386856079,-3.44818115234375,-0.7777536511421204,-3.239680051803589,-0.7692331075668335,-3.254823923110962,-0.7771936058998108,-3.524820566177368,-0.7731565833091736,-3.5671629905700684,-0.8061591386795044,-3.6248550415039062,-0.8157270550727844,-3.6881103515625,-0.9286486506462097,-3.6064093112945557,-0.8885793685913086,-3.653747320175171,-0.9479818940162659,-3.5443365573883057,-0.913375198841095,-3.4840245246887207,-0.7874807119369507,-3.501403331756592,-0.8469715714454651,-3.240931510925293,-0.8103066682815552,-3.2954261302948,-0.5826218724250793,-3.3340225219726562,-0.8051928877830505,-3.5803537368774414,-0.8851410150527954,-3.3967058658599854,-0.623889148235321,-3.3737258911132812,-0.6864894032478333,-3.1444759368896484,-0.6695001721382141,-3.501774787902832,0.01714959181845188,-3.521606922149658,0.5374510884284973,-3.5334999561309814,1.4219655990600586,-3.507202386856079,3.0495657920837402,-3.3658783435821533,3.173821449279785,-2.864234209060669,3.2608325481414795,-2.1243367195129395,3.536421298980713,-2.0888822078704834,3.431447744369507,-1.6328717470169067,3.438863515853882,-1.0287162065505981,3.2488760948181152,0.48457589745521545,3.2557249069213867,0.7594505548477173,3.228705644607544,0.7249048948287964,3.4456753730773926,0.5827904939651489,3.0434491634368896,0.5004922747612,3.4569199085235596,0.520818293094635,3.830381155014038,0.5337677001953125,3.0375728607177734,0.36947712302207947,3.086031436920166,0.360807865858078,3.8542964458465576,0.6240823864936829,3.715797185897827,0.726719856262207,3.7390389442443848,-0.023405442014336586,3.988460063934326,-0.6489887833595276,3.5626564025878906,-0.7799174785614014,3.582095146179199,-0.8785915374755859,3.758796215057373,-1.1057076454162598,3.4202616214752197,-0.9049992561340332,3.6989476680755615,-1.0535892248153687,3.36421275138855,-0.401262104511261,3.096553325653076,0.2764929234981537,3.5595664978027344,0.9378256797790527,3.250586986541748,0.4991161525249481,3.0516254901885986,-0.3175424635410309,3.881077289581299,0.17713920772075653,3.234412908554077,0.47371360659599304,3.463155746459961,0.1739480048418045,4.011641979217529,-0.14217202365398407,3.3426315784454346,-0.26693055033683777,3.408719062805176,-0.31467995047569275,3.2708520889282227,-0.28779685497283936,3.9258499145507812,-0.1422581523656845,3.794863700866699,0.03353987634181976,3.738276481628418,-0.020477570593357086,3.6877281665802,-0.04732010141015053,3.0507991313934326,-0.2046576291322708,3.2842135429382324,-0.3890269100666046,3.1422512531280518,-0.313973605632782,3.662954568862915,0.11840493232011795,3.4215705394744873,0.4340069890022278,3.587092161178589,0.3144688904285431,3.655848503112793,0.1868128478527069,3.541862964630127,0.11114608496427536,3.5036418437957764,-0.036548320204019547,3.473904609680176,-0.14565123617649078,3.533554792404175,-0.4180947542190552,3.467508554458618,-0.4195043742656708,3.6120588779449463,-0.49054139852523804,3.654507875442505,-0.45748642086982727,3.377760887145996,-0.1649748533964157,3.096569538116455,0.19228729605674744,3.267756462097168,0.16210786998271942,3.1918282508850098,0.24956925213336945,3.292147636413574,0.24540618062019348,3.1942334175109863,0.3546392023563385,3.137876272201538,0.39532074332237244,3.119765043258667,0.46632423996925354,3.35669207572937,0.35423797369003296,3.3701577186584473,0.35550934076309204,3.227461814880371,0.49283960461616516,3.3061978816986084,0.4926794171333313,3.3788087368011475,0.5524722337722778,3.2622878551483154,0.6031713485717773,3.1082675457000732,0.7999921441078186,3.095083713531494,1.2584060430526733,3.1134676933288574,1.5515650510787964,3.6811563968658447,2.2541866302490234,3.2190775871276855,2.719841241836548,2.1504061222076416,3.5948164463043213,1.3980517387390137,3.049968957901001,1.3603498935699463,3.061222791671753,1.3573265075683594,3.045295238494873,1.3717824220657349,3.0652894973754883,1.1466268301010132,3.1664438247680664,0.8988491296768188,3.1662652492523193,0.34843122959136963,3.3136720657348633,-0.3792925775051117,3.611083745956421,-0.7516974210739136,3.6596314907073975,-1.0965787172317505,3.813735246658325,