{"bimodal":false,"column_names":[""],"dimension":2,"dimension_input":0,"label":"forme3-6","data":[2.8949904441833496,-3.0361671447753906,3.1439621448516846,-2.3504672050476074,3.222841262817383,-2.922994375228882,3.511312484741211,-3.4213738441467285,3.137526273727417,-3.2700514793395996,2.938755512237549,-3.3386900424957275,2.314858913421631,-3.5910518169403076,1.6247012615203857,-3.6688859462738037,1.7384233474731445,-3.7243621349334717,1.8207197189331055,-3.577998638153076,1.5404233932495117,-3.4297163486480713,1.8273212909698486,-3.366795301437378,2.576242685317993,-3.3654062747955322,3.165130615234375,-3.125257730484009,3.330733299255371,-3.102646827697754,3.044177532196045,-2.9488425254821777,3.2197799682617188,-2.8265202045440674,3.3969600200653076,-3.0342252254486084,3.662586212158203,-3.0433812141418457,3.6734204292297363,-3.2685327529907227,3.4285800457000732,-3.2404212951660156,3.315505027770996,-3.3534083366394043,3.540616512298584,-3.425567626953125,3.416604518890381,-3.4614691734313965,3.3992919921875,-3.3996095657348633,3.4649853706359863,-3.3463845252990723,3.491722822189331,-3.405687093734741,3.5251312255859375,-3.3853015899658203,3.5218684673309326,-3.355430841445923,3.4790687561035156,-3.2310757637023926,3.1769068241119385,-3.7494707107543945,2.810938596725464,-3.947848081588745,2.664438486099243,-3.8983280658721924,2.5237276554107666,-3.8845667839050293,2.4338672161102295,-3.983619213104248,2.5072216987609863,-3.9337973594665527,2.722640037536621,-3.8850154876708984,2.8573243618011475,-3.8724141120910645,2.7962405681610107,-3.841212272644043,2.818323850631714,-3.818530797958374,2.9423577785491943,-3.8817319869995117,2.144984245300293,-3.0353593826293945,2.1256566047668457,-3.089897871017456,2.071690320968628,-3.087496519088745,2.069823741912842,-3.1005239486694336,1.9649479389190674,-3.067936897277832,1.8918670415878296,-3.089909076690674,1.8974839448928833,-3.090898275375366,1.8856335878372192,-3.1351113319396973,1.8629302978515625,-3.096996545791626,1.879853367805481,-3.1140637397766113,1.8760862350463867,-3.0771892070770264,1.8675707578659058,-3.1025025844573975,1.8081340789794922,-3.091132164001465,1.917268991470337,-3.1387996673583984,1.8382785320281982,-3.0906620025634766,1.5311989784240723,-3.0213377475738525,-0.34263259172439575,-3.4156928062438965,-3.2312235832214355,-1.0584825277328491,-3.1442067623138428,-0.23207513988018036,-3.4217636585235596,0.08060247451066971,-3.6454286575317383,0.321798175573349,-3.732004165649414,0.4244171977043152,-3.796194314956665,0.437514066696167,-3.853407621383667,0.4546237885951996,-3.8594067096710205,0.42163220047950745,-3.7160885334014893,0.36380133032798767,-3.6793770790100098,0.3398244380950928,-3.5543971061706543,0.06106248497962952,-3.4555835723876953,0.3335098922252655,-3.4215989112854004,0.9081583023071289,-3.060915470123291,1.3619948625564575,-3.5968258380889893,1.8837535381317139,-3.591735363006592,1.6395294666290283,-3.560173749923706,1.6826586723327637,-3.916102647781372,2.0175228118896484,-3.821589469909668,1.9248931407928467,-3.4453072547912598,1.576837182044983,-3.4776508808135986,1.443716287612915,-3.4302103519439697,1.1503114700317383,-3.394354820251465,1.0614172220230103,-3.4997334480285645,0.9273673892021179,-3.521618604660034,0.6665877103805542,-3.2587504386901855,0.02549460157752037,-3.17134952545166,-0.5116852521896362,-3.2107014656066895,-0.9322373867034912,-3.1782686710357666,-1.120161771774292,-3.2352700233459473,-1.2965030670166016,-3.097271203994751,-1.3012045621871948,-3.1209330558776855,-2.78812837600708,-2.921879291534424,-3.0384304523468018,-3.0616161823272705,-2.9768054485321045,-3.0176303386688232,-0.12826494872570038,-3.1113674640655518,1.6104447841644287,-2.411220073699951,3.217858076095581,-0.8609257936477661,3.037414312362671,-0.8549636006355286,3.2733047008514404,-1.033383846282959,3.3109731674194336,-0.2385234385728836,3.4988253116607666,1.6197880506515503,3.7764945030212402,1.849160075187683,3.7825539112091064,1.828550934791565,3.7531838417053223,1.7766376733779907,3.5634570121765137,1.5969587564468384,3.6822447776794434,1.4669710397720337,3.624291181564331,1.2460546493530273,3.5809988975524902,1.2109392881393433,3.5471951961517334,1.2170124053955078,3.585589647293091,1.3790847063064575,3.5353691577911377,1.5170209407806396,3.9590108394622803,1.2012226581573486,3.24869441986084,1.2549831867218018,3.3588106632232666,1.247773289680481,3.472842216491699,1.2383768558502197,3.5054585933685303,1.2962181568145752,3.505733013153076,1.3408180475234985,3.5674290657043457,1.3514385223388672,3.4711031913757324,1.0571378469467163,3.493194580078125,0.6684852242469788,3.4620463848114014,0.6379480361938477,3.532325267791748,0.6978983283042908,3.495075225830078,0.7508922815322876,3.446462631225586,0.7435904145240784,3.450664520263672,0.6501143574714661,3.463157892227173,0.6984481811523438,3.4034230709075928,0.7409806847572327,3.3921003341674805,0.7451587319374084,3.4175920486450195,0.8532058000564575,3.3657491207122803,0.8721765279769897,3.401308298110962,0.6496065855026245,3.3703689575195312,0.5121468305587769,3.343557357788086,0.5240948796272278,3.3506298065185547,0.6031168103218079,3.3176488876342773,0.6461588740348816,3.3204798698425293,0.6388063430786133,3.314213991165161,0.6471470594406128,3.31964111328125,0.6052284836769104,3.29486346244812,0.6067423224449158,3.303077220916748,0.6908971667289734,3.255387544631958,0.7567383646965027,3.29498553276062,0.8353450894355774,3.2445337772369385,0.8418150544166565,3.270458698272705,0.6231280565261841,3.249629259109497,0.7372238636016846,3.1943981647491455,0.9678003191947937,3.0919792652130127,1.30069100856781,3.92598557472229,1.2177433967590332,3.8756155967712402,1.2422305345535278,3.8310863971710205,1.2574126720428467,3.754676342010498,1.2117887735366821,3.7552456855773926,1.2827192544937134,3.7407307624816895,1.2577054500579834,3.7305736541748047,1.2667949199676514,3.6652321815490723,1.3330179452896118,3.6728343963623047,1.3272135257720947,3.64139986038208,1.5737758874893188,3.602614164352417,1.6401982307434082,3.637326955795288,1.6201541423797607,3.5756759643554688,1.5507982969284058,3.5044009685516357,1.7847329378128052,3.315040349960327,2.2747673988342285,3.389883518218994,2.2024426460266113,3.473313093185425,2.2621116638183594,3.379849672317505,2.1915736198425293,3.2965145111083984,2.1141958236694336,3.3398218154907227,2.0859792232513428,3.3391995429992676,2.0947861671447754,3.3084909915924072,2.1920504570007324,3.289302110671997,2.2081427574157715,3.3021926879882812,2.1422009468078613,3.288121223449707,2.162973403930664,3.2648837566375732,2.3358869552612305,3.2099549770355225,2.2272047996520996,3.1963367462158203,2.385619878768921,3.1563291549682617,3.5060558319091797,3.739344835281372,3.515456199645996,3.6134753227233887,3.036728858947754,2.5781733989715576,3.0859434604644775,2.373060464859009,3.6620099544525146,0.8555625081062317,3.291569948196411,-0.7026447057723999,3.0340940952301025,-0.8505856990814209,3.4702703952789307,-2.605612277984619,1.4596718549728394,-3.410946846008301,0.41616153717041016,-3.209803819656372,0.30073845386505127,-3.231025457382202,0.2369953691959381,-3.3205254077911377,0.16386297345161438,-3.4064671993255615,0.17723582684993744,-3.473264217376709,-0.31223493814468384,-3.6673669815063477,-0.5758816003799438,-3.688098192214966,-0.4586181342601776,-3.573370933532715,-0.20096348226070404,-3.583096504211426,-0.07565908879041672,-3.5428311824798584,-0.1219276636838913,-3.569553852081299,-0.24676600098609924,-3.6033105850219727,-0.2817506790161133,-3.6407034397125244,-0.2131805121898651,-3.535032033920288,-0.1503487229347229,-3.4570116996765137,-0.23741446435451508,-3.514228105545044,-0.39008915424346924,-3.573807716369629,-0.7173944711685181,-3.6323530673980713,-0.8999741673469543,-3.492846965789795,-1.060225248336792,-3.3428986072540283,-1.201162576675415,-3.349916696548462,-1.1323126554489136,-3.235976457595825,-1.0815738439559937,-3.247328758239746,-1.092576265335083,