{"bimodal":false,"column_names":[""],"dimension":2,"dimension_input":0,"label":"forme1-6","data":[2.3052291870117188,-0.1766212433576584,1.991236925125122,-0.208653524518013,1.8206309080123901,-0.1708829551935196,1.7959007024765015,-0.06608490645885468,1.7708730697631836,-0.00603510532528162,1.7281509637832642,0.0035531336907297373,1.682029128074646,-0.03436628729104996,1.6587514877319336,-0.01562710851430893,1.6595286130905151,0.05617435276508331,1.6483250856399536,0.20402872562408447,1.6175432205200195,0.33650457859039307,1.6066616773605347,0.4653964638710022,1.6392589807510376,0.60572350025177,1.6389151811599731,0.6961753368377686,1.6792916059494019,0.8550386428833008,1.7022470235824585,1.048075795173645,1.6824572086334229,1.2790658473968506,1.6580325365066528,1.4692350625991821,1.5891960859298706,1.5704115629196167,1.5077910423278809,1.597901701927185,1.4676216840744019,1.6155658960342407,1.4969121217727661,1.6376971006393433,1.5069338083267212,1.6228997707366943,1.5605741739273071,1.6746982336044312,1.6280969381332397,1.7239151000976562,1.6978822946548462,1.749984622001648,1.7650872468948364,1.7049134969711304,1.8313651084899902,1.6381300687789917,1.88007652759552,1.5371832847595215,1.9556900262832642,1.4786521196365356,1.9918694496154785,1.3982151746749878,2.000530481338501,1.3198457956314087,2.030343532562256,1.281004786491394,2.1176159381866455,1.2346835136413574,2.1949520111083984,1.182355523109436,2.238819122314453,1.1535601615905762,2.244236469268799,1.1444082260131836,2.24442195892334,1.1663674116134644,2.2696778774261475,1.2179535627365112,2.2713561058044434,1.2894728183746338,2.2692999839782715,1.3595243692398071,2.2125396728515625,1.4084969758987427,2.1219120025634766,1.3743512630462646,2.045339584350586,1.2938299179077148,2.003410816192627,1.152252435684204,1.9932271242141724,0.9814597368240356,2.051023483276367,0.8423717617988586,2.1273632049560547,0.7655665874481201,2.1740188598632812,0.7135711312294006,2.169048547744751,0.6649197936058044,2.1560420989990234,0.6328073740005493,2.139296531677246,0.5993845462799072,2.164949417114258,0.5686366558074951,2.1996519565582275,0.5756845474243164,2.224579334259033,0.5879425406455994,2.2677574157714844,0.5656101703643799,2.3583357334136963,0.5279183387756348,2.528505325317383,0.4772878587245941,2.6807634830474854,0.4549965262413025,2.7278897762298584,0.484404981136322,2.7147011756896973,0.5386067032814026,2.6824593544006348,0.6016898155212402,2.6387386322021484,0.685325562953949,2.5854499340057373,0.777752161026001,2.536978006362915,0.8747158646583557,2.480527877807617,0.9774897694587708,2.381268262863159,1.0352665185928345,2.2247941493988037,1.0265393257141113,2.126387596130371,0.9812945127487183,2.08769154548645,0.9379767179489136,2.1435935497283936,0.9070181846618652,2.1527676582336426,0.8717107772827148,2.138467311859131,0.8446378707885742,2.1045982837677,0.8604503870010376,2.080629825592041,0.8990503549575806,2.073019027709961,0.9317055940628052,2.080073595046997,0.9530821442604065,2.1137020587921143,0.9898678064346313,2.1856882572174072,1.0801254510879517,2.2264466285705566,1.1937923431396484,2.228201150894165,1.2988320589065552,2.101517915725708,1.3912675380706787,1.9914052486419678,1.4989120960235596,1.9306552410125732,1.6063220500946045,1.9079843759536743,1.7542915344238281,1.9009281396865845,1.8815209865570068,1.9219990968704224,1.9499962329864502,1.969741702079773,1.9809863567352295,2.000113010406494,2.068678379058838,2.004474639892578,2.173586845397949,1.933022379875183,2.1899030208587646,1.8563109636306763,2.205655813217163,1.7766437530517578,2.2284412384033203,1.692712426185608,2.2393927574157715,1.613519549369812,2.2473533153533936,1.5250627994537354,2.2753076553344727,1.352618932723999,2.3395402431488037,1.172689437866211,2.4433581829071045,1.0542881488800049,2.543264150619507,0.926971971988678,2.613267421722412,0.8250436186790466,2.662226676940918,0.7806316018104553,2.679689407348633,0.7752580642700195,2.6829192638397217,0.7661396861076355,2.7488975524902344,0.740418016910553,2.810399055480957,0.6698026657104492,2.859853982925415,0.6240297555923462,2.9255802631378174,0.5805041790008545,2.9934873580932617,0.46918749809265137,3.0396711826324463,0.28960490226745605,3.033081531524658,0.14277781546115875,3.0006775856018066,0.07978014647960663,2.9489495754241943,0.05561206489801407,2.961681842803955,0.03583147004246712,3.0017731189727783,-0.021676724776625633,3.0346667766571045,-0.0942414402961731,3.036391019821167,-0.18302036821842194,3.027200222015381,-0.2403521090745926,3.000833511352539,-0.24834322929382324,2.9756932258605957,-0.169565811753273,2.9384846687316895,-0.10679221153259277,2.9040348529815674,-0.09674840420484543,2.8906302452087402,-0.1689445674419403,2.9162709712982178,-0.2558988332748413,2.9581873416900635,-0.3059534430503845,3.0044572353363037,-0.3495563268661499,3.0378410816192627,-0.36968401074409485,3.0378942489624023,-0.33254894614219666,3.0057625770568848,-0.3161073327064514,2.9791178703308105,-0.3076988160610199,2.978102684020996,-0.2714242935180664,2.9678537845611572,-0.24692635238170624,2.9487802982330322,-0.199646458029747,2.9377973079681396,-0.18018174171447754,2.938746690750122,-0.19146102666854858,2.9434499740600586,-0.23642852902412415,2.9618496894836426,-0.2874723970890045,2.9712111949920654,-0.32873743772506714,2.9810874462127686,-0.3422543406486511,3.033459186553955,-0.35854580998420715,3.082348585128784,-0.3791821300983429,3.1010255813598633,-0.3727560043334961,3.1120171546936035,-0.4090089499950409,3.1238396167755127,-0.5150809288024902,3.1255440711975098,-0.6388775706291199,3.133519172668457,-0.7026278376579285,3.1577348709106445,-0.6918971538543701,3.174572467803955,-0.6703827381134033,3.195993185043335,-0.6956120133399963,3.1634585857391357,-0.7337859272956848,3.1061999797821045,-0.7616268992424011,3.044417381286621,-0.7733281850814819,3.0014922618865967,-0.7797421216964722,2.9621822834014893,-0.7546509504318237,2.911672353744507,-0.7368609309196472,2.8579108715057373,-0.7469804883003235,2.7880876064300537,-0.7498006224632263,2.7275290489196777,-0.757899284362793,2.7143824100494385,-0.7515829205513,2.7084460258483887,-0.7596924304962158,2.640556573867798,-0.7540811896324158,2.558537244796753,-0.7279266119003296,2.495518922805786,-0.7050542235374451,2.469116449356079,-0.7075798511505127,2.4445037841796875,-0.7021262645721436,2.4094326496124268,-0.684686541557312,2.3928308486938477,-0.6654399633407593,2.4006829261779785,-0.6618573665618896,2.4050848484039307,-0.6956433653831482,2.3470561504364014,-0.730111300945282,2.213076591491699,-0.7313776016235352,2.107121229171753,-0.690692663192749,2.1043825149536133,-0.6580049991607666,2.1589274406433105,-0.7371822595596313,2.210111141204834,-0.8088312745094299,2.2450482845306396,-0.8640770316123962,2.2617921829223633,-0.9452805519104004,2.2407212257385254,-1.028810977935791,2.2184221744537354,-1.1583517789840698,2.1723546981811523,-1.3227418661117554,2.0638303756713867,-1.4527883529663086,1.9768668413162231,-1.5814368724822998,1.8395729064941406,-1.6749118566513062,1.636833667755127,-1.698422908782959,1.4439857006072998,-1.722297191619873,1.3701908588409424,-1.7477575540542603,1.3688451051712036,-1.8437923192977905,1.4287080764770508,-1.940365195274353,1.4804047346115112,-1.9611157178878784,1.4434914588928223,-1.9776533842086792,1.4139995574951172,-1.98805832862854,1.3894762992858887,-1.983959674835205,1.3792767524719238,-1.9764032363891602,1.2786115407943726,-2.0612456798553467,1.1689332723617554,-2.121807098388672,1.0201612710952759,-2.163266658782959,0.8797906637191772,-2.2225098609924316,0.7634614706039429,-2.2586331367492676,0.6825968623161316,-2.295850992202759,0.6237952709197998,-2.2927892208099365,0.5274741649627686,-2.2651143074035645,0.43117383122444153,-2.2781789302825928,0.35787320137023926,-2.288874387741089,0.3014167845249176,-2.2613840103149414,0.21663983166217804,-2.259397506713867,0.13556459546089172,-2.259310245513916,0.07427627593278885,-2.2428457736968994,0.003894241526722908,