{"bimodal":false,"column_names":[""],"dimension":2,"dimension_input":0,"label":"forme1-6","data":[3.391155242919922,0.33233776688575745,3.274209976196289,3.070697069168091,0.7893352508544922,3.3859219551086426,-1.1649119853973389,3.306396961212158,-1.7464064359664917,3.4980106353759766,-1.6900486946105957,3.4849302768707275,-0.9434945583343506,3.308384895324707,0.280762255191803,3.2194478511810303,0.8422471284866333,3.1107113361358643,1.2537626028060913,3.076439619064331,1.718881607055664,3.159965753555298,1.7174769639968872,3.2411935329437256,1.5053136348724365,3.284990072250366,1.5625351667404175,3.263169288635254,1.8357001543045044,3.0617001056671143,2.6615171432495117,3.314995050430298,3.027324914932251,1.810869812965393,3.451261043548584,1.6541167497634888,3.3392677307128906,1.6184053421020508,3.430518865585327,0.9122282862663269,3.0195741653442383,0.7573860287666321,3.6347768306732178,1.001689076423645,3.315873861312866,0.9393118619918823,3.3680307865142822,1.2487636804580688,3.5112836360931396,1.8502733707427979,3.217373847961426,1.6321122646331787,3.2211344242095947,0.7238620519638062,3.2373411655426025,0.16023406386375427,3.3096368312835693,0.09485728293657303,3.2639076709747314,0.07276208698749542,3.2792580127716064,-0.44085749983787537,3.332616090774536,-0.4816915690898895,3.4082868099212646,-0.4832335114479065,3.4795923233032227,-0.42897045612335205,3.028683662414551,-0.23062478005886078,3.5612375736236572,-0.2532442808151245,3.6061480045318604,-0.605976402759552,3.163522720336914,-0.7535360455513,3.244673252105713,-1.1110458374023438,3.397007703781128,-1.2154511213302612,3.4106833934783936,-1.2049541473388672,3.1098475456237793,-1.1688646078109741,3.2570555210113525,-1.1064507961273193,3.2016305923461914,-1.1355412006378174,3.339390516281128,-1.8147108554840088,3.024113178253174,-2.1653177738189697,3.202029228210449,-2.8951773643493652,1.8705625534057617,-3.109703302383423,-3.239704132080078,-1.7561098337173462,-3.296797037124634,0.09101203083992004,-3.2806546688079834,-0.033018097281455994,-2.3365747928619385,-3.091693639755249,-0.8959247469902039,-3.3501949310302734,-1.2815029621124268,-3.1497414112091064,-1.7568222284317017,-3.2725396156311035,-1.3234620094299316,-3.015455961227417,-1.0946511030197144,-3.1243808269500732,-0.8369518518447876,-3.2794950008392334,-0.7269678115844727,-3.4974098205566406,-0.7772076725959778,-3.5216622352600098,-0.8005415797233582,-3.5460493564605713,-0.45147520303726196,-3.063153028488159,-0.27654752135276794,-3.205179214477539,-0.11376113444566727,-3.360008478164673,0.09725832939147949,-3.6239395141601562,0.11951044946908951,-3.6739938259124756,0.1775611788034439,-3.6570515632629395,0.40458786487579346,-3.642955780029297,0.34739556908607483,-3.6168007850646973,0.1688084751367569,-3.6090550422668457,0.1657043695449829,-3.672654390335083,0.24035310745239258,-3.5266854763031006,0.3427419066429138,-3.3463356494903564,0.2913585305213928,-3.4945452213287354,0.9980313181877136,-3.640240430831909,1.2690032720565796,-3.426582098007202,1.2628475427627563,-3.143643856048584,1.2524182796478271,-3.2595086097717285,0.6908358931541443,-3.215824842453003,-0.17689965665340424,-3.0701632499694824,-0.8065130710601807,-3.0227835178375244,-0.8109146356582642,-3.1573877334594727,-1.1761863231658936,-3.1698575019836426,-1.3691980838775635,-3.1556038856506348,-1.0381191968917847,-3.1971545219421387,-1.3634964227676392,-3.199826240539551,-1.7674837112426758,-3.2139790058135986,-3.642228126525879,-3.2425074577331543,-3.458739757537842,-1.9100295305252075,-3.5672767162323,-1.9271615743637085,-3.5962002277374268,-1.9590131044387817,-3.6753697395324707,-2.095479965209961,-3.669267177581787,-2.129425525665283,-3.5552268028259277,-2.0555636882781982,-3.5651354789733887,-1.9176795482635498,-3.07676362991333,-1.2633469104766846,-3.7781689167022705,-0.5822625756263733,-3.2642323970794678,-0.09296723455190659,-3.5509936809539795,0.043342456221580505,-3.649895668029785,0.03889552131295204,-3.741305112838745,0.11265456676483154,-3.8287532329559326,0.22793546319007874,-3.8327741622924805,0.22796818614006042,-3.8325159549713135,0.1293589323759079,-3.7784805297851562,0.0381811149418354,-3.7814900875091553,-0.09137839823961258,-3.6812617778778076,-0.16415132582187653,-3.5269343852996826,-0.3435584008693695,-3.4793901443481445,-0.4112603962421417,-3.382786512374878,-0.4882005751132965,-3.3532283306121826,-0.4759615957736969,-3.243854284286499,-0.5493062734603882,-3.1810286045074463,-0.5880085825920105,-3.222749710083008,-0.5329963564872742,-3.2441980838775635,-0.4338289201259613,-3.2390875816345215,-0.3969920873641968,-3.2890243530273438,-0.267677903175354,-3.2622649669647217,-0.15943071246147156,-3.2870237827301025,0.00030585701460950077,-3.3321893215179443,0.05708601325750351,-3.4239141941070557,0.16793765127658844,-3.5373375415802,0.2740277647972107,-3.6417179107666016,0.3093208074569702,-3.7014195919036865,0.4648630917072296,-3.7129273414611816,0.47978124022483826,-3.803096055984497,0.5337863564491272,-3.8017120361328125,0.5481860637664795,-3.8261537551879883,0.5787606835365295,-3.779667377471924,0.5754417777061462,-3.758756160736084,0.5677043795585632,-3.819718599319458,0.6598151922225952,-3.79830002784729,0.7177808284759521,-3.8234002590179443,0.6753469705581665,-3.8204965591430664,0.6318336129188538,-3.794187545776367,0.5777022242546082,-3.7676479816436768,0.47034138441085815,-3.7778971195220947,0.3986314833164215,-3.7309772968292236,0.37713831663131714,-3.75586199760437,0.39689746499061584,-3.7391719818115234,0.41523557901382446,-3.689537525177002,0.4216965138912201,-3.7128610610961914,0.3677976727485657,-3.657010078430176,0.3617640733718872,-3.652400255203247,0.3056216835975647,-3.5133838653564453,0.1885150820016861,-3.3087191581726074,0.5646687150001526,-3.1932315826416016,0.6839957237243652,-3.0263264179229736,0.6461507678031921,-3.9800984859466553,0.907259464263916,-3.9342386722564697,0.8530938625335693,-3.8377671241760254,0.8816124200820923,-3.6502082347869873,0.8794705867767334,-3.196058511734009,1.019773244857788,-3.025470018386841,1.5254485607147217,-2.9321508407592773,3.334815263748169,-1.5777013301849365,3.3402695655822754,-0.8657495379447937,3.3865323066711426,-0.6583046317100525,3.631162643432617,-0.6704002022743225,3.066054105758667,-0.7111204862594604,3.086293935775757,-0.5665186643600464,3.122551441192627,-0.44792279601097107,3.0879592895507812,-0.3515191972255707,3.176689624786377,-0.26624733209609985,3.4143569469451904,0.026211991906166077,3.4938764572143555,0.35023531317710876,3.6054770946502686,0.651489794254303,3.442025661468506,0.7237514853477478,3.5221786499023438,0.6437580585479736,3.45875883102417,0.8246504068374634,3.4298386573791504,0.9539600014686584,3.3550784587860107,1.1374703645706177,3.297119140625,1.1751880645751953,3.347095251083374,1.433490514755249,3.1094868183135986,1.546966552734375,3.0645549297332764,2.156553268432617,3.3852972984313965,2.1577022075653076,3.356313705444336,2.081829071044922,3.2613487243652344,1.9417359828948975,3.0379555225372314,2.3537542819976807,3.392876386642456,2.193976640701294,3.2981438636779785,1.610525369644165,3.1072604656219482,1.731429934501648,3.00506854057312,1.8740208148956299,3.597249984741211,1.4515312910079956,3.0808091163635254,1.8846276998519897,3.471163511276245,1.9665436744689941,3.510667085647583,2.1122496128082275,3.4509572982788086,2.251680374145508,3.014986515045166,3.154064893722534,3.384413957595825,3.454525947570801,3.419018507003784,3.3326058387756348,3.1289777755737305,3.1619932651519775,3.2566094398498535,3.351377487182617,2.4309113025665283,3.0188426971435547,1.5203895568847656,3.5934929847717285,0.9064831733703613,3.4015398025512695,0.3246341645717621,3.519507884979248,0.09307058900594711,3.459620714187622,0.08288981765508652,3.388166904449463,0.14240020513534546,3.420151710510254,0.1834491640329361,3.430173635482788,0.23551411926746368,3.390239715576172,0.2790660262107849,3.4035511016845703,0.28955966234207153,3.32989764213562,0.20664232969284058,