{"bimodal":false,"column_names":[""],"dimension":2,"dimension_input":0,"label":"forme1-5","data":[0.5336289405822754,-3.160429000854492,3.0793263912200928,1.2423831224441528,3.259222984313965,1.908301591873169,3.0833213329315186,2.142524480819702,3.023853302001953,2.0885908603668213,2.908665180206299,3.1700663566589355,1.8590904474258423,3.3341708183288574,1.549034595489502,3.0394322872161865,1.5769926309585571,3.314635753631592,2.3144943714141846,3.0641727447509766,3.023728609085083,1.9852969646453857,3.394284725189209,1.2669968605041504,3.199598789215088,0.8810030221939087,3.2582221031188965,0.9018656611442566,3.3945412635803223,0.5559425354003906,3.4180047512054443,-1.3055951595306396,3.181063175201416,-3.5928256511688232,0.0726928859949112,-3.6915359497070312,-0.12464284896850586,-3.4820287227630615,-0.04030396044254303,-3.728867292404175,-0.05505916476249695,-3.0497946739196777,-0.11798584461212158,-3.0139851570129395,-0.04634835198521614,-3.117050886154175,0.018912389874458313,-3.130549907684326,-0.048386525362730026,-3.249401807785034,-0.40775740146636963,-3.1583573818206787,-1.3465890884399414,-3.4706287384033203,-2.2008609771728516,-3.0329997539520264,-3.7051315307617188,-3.0573697090148926,-3.834965467453003,-1.7063884735107422,-3.0556976795196533,-1.0189725160598755,-3.1502132415771484,-1.0279135704040527,-3.2160863876342773,-0.9858936667442322,-3.2345447540283203,-0.9375318288803101,-3.108334541320801,-1.0691020488739014,-3.726365804672241,-1.7994204759597778,-3.23357892036438,-2.2292087078094482,-3.0297021865844727,-2.4864628314971924,-3.7105278968811035,-2.978912115097046,-3.1445963382720947,-2.404207944869995,-3.397617816925049,-2.3631322383880615,-3.6490652561187744,-1.8912028074264526,-3.7624623775482178,-1.4702577590942383,-3.9046077728271484,-1.0521810054779053,-3.9610164165496826,-0.7643870115280151,-3.9226768016815186,-0.6375685930252075,-3.8233747482299805,-0.5289416313171387,-3.895963668823242,-0.5702435374259949,-3.746960163116455,-0.8580532670021057,-3.4422130584716797,-1.162052035331726,-3.4443235397338867,-1.2403857707977295,-3.3797521591186523,-1.200670599937439,-3.1880531311035156,-0.5489055514335632,-3.6266252994537354,-0.20829607546329498,-3.482614040374756,0.10211349278688431,-3.655090570449829,0.16839773952960968,-3.5313751697540283,0.6809675693511963,-3.4789443016052246,1.4284183979034424,-3.439906120300293,1.2963510751724243,-3.141669511795044,1.7546511888504028,-3.0403664112091064,3.063582181930542,-1.7039400339126587,3.0617892742156982,-0.1699676215648651,3.406177043914795,0.4543526768684387,3.0123331546783447,0.7416574358940125,3.149101734161377,0.9232810735702515,3.7315547466278076,0.7383885383605957,3.080641746520996,0.5898801684379578,3.0103683471679688,0.7567855715751648,3.064358711242676,1.1848883628845215,3.7016873359680176,1.3282650709152222,3.6671836376190186,1.4351301193237305,3.5651192665100098,2.015366792678833,3.2564053535461426,2.8507776260375977,3.5643556118011475,1.9213522672653198,3.4498090744018555,2.3327112197875977,3.3106093406677246,2.0012786388397217,3.2221519947052,1.8251307010650635,3.2627456188201904,2.310208320617676,3.315998077392578,1.065213918685913,3.2662248611450195,0.5837626457214355,3.681049108505249,0.30412226915359497,3.011589288711548,0.26228147745132446,3.106794595718384,-0.04469587281346321,3.403334379196167,-0.7479612827301025,3.588416814804077,-1.6068708896636963,3.5794146060943604,-1.7265700101852417,3.0291807651519775,-3.0096094608306885,3.84020733833313,-3.866119623184204,2.455402374267578,-3.3746259212493896,1.1061067581176758,-3.646916151046753,1.1008533239364624,-3.842046022415161,1.1076732873916626,-3.8661692142486572,1.131181001663208,-3.7905659675598145,0.9747177958488464,-3.318995237350464,0.6520279049873352,-3.637457847595215,0.0459047332406044,-3.0906732082366943,-0.9027578830718994,-3.772235870361328,-2.05865478515625,-3.1318724155426025,-2.3762307167053223,-2.9281814098358154,-3.2358851432800293,-2.6755728721618652,-3.835254192352295,-2.608245849609375,-3.936119556427002,-2.6190826892852783,-3.821735382080078,-2.860607624053955,-3.548494338989258,-3.0734212398529053,-3.3977882862091064,-3.0463340282440186,-3.434386968612671,-2.8327736854553223,-3.456223487854004,-2.484316349029541,-3.750561237335205,-1.453680157661438,-3.092160940170288,-1.4475069046020508,-3.145803451538086,-1.4866901636123657,-3.2206015586853027,-1.5317010879516602,-3.278315782546997,-1.691131830215454,-3.1629021167755127,-1.9115443229675293,-3.1850669384002686,-2.148771047592163,-3.0227420330047607,-2.857398748397827,-3.9111416339874268,-2.690403461456299,-3.808182954788208,-1.7297463417053223,-3.992366313934326,-1.134127140045166,-3.705550193786621,-1.276770830154419,-3.555213212966919,-1.1410843133926392,-3.542614221572876,-1.496786117553711,-3.5674688816070557,-2.039527654647827,-3.4221158027648926,-2.2343029975891113,-3.3936049938201904,-2.042982816696167,-3.179203510284424,-1.4286537170410156,-3.4101126194000244,-0.6469177007675171,-3.7775025367736816,-0.9175112843513489,-3.598362684249878,-0.9783675670623779,-3.743572473526001,-0.7457938194274902,-3.7636852264404297,-0.4635726809501648,-3.787008285522461,0.14308613538742065,-3.5465645790100098,0.15250486135482788,-3.830564260482788,0.04108193889260292,-3.675612211227417,-0.05028173699975014,-3.597222328186035,0.052107393741607666,-3.201539993286133,0.1000380665063858,-3.0648603439331055,0.9889383912086487,-3.113880157470703,1.720564603805542,-3.293407440185547,3.232576847076416,-0.8668989539146423,3.4463202953338623,0.31219545006752014,3.1881167888641357,0.19321833550930023,3.619532585144043,-0.9726465344429016,3.52382755279541,-1.4190863370895386,3.0199639797210693,-1.2208380699157715,3.057060956954956,-1.1338406801223755,3.150679349899292,-0.8623684644699097,3.62396502494812,-0.4180154800415039,3.1202914714813232,-0.3098723292350769,3.003596305847168,-0.5146920084953308,3.1907758712768555,0.1751464307308197,4.05942440032959,0.941806435585022,3.3361268043518066,0.27391576766967773,3.2559056282043457,0.08986122161149979,3.0645394325256348,0.010839593596756458,3.056062936782837,-0.2548171281814575,3.9471120834350586,-0.5179033279418945,3.9861819744110107,-0.6381045579910278,3.1887247562408447,-0.4552372694015503,3.2587475776672363,-0.35560107231140137,3.0924153327941895,-0.5179899334907532,3.989804267883301,-1.3351632356643677,3.178230047225952,-1.2218741178512573,3.5616931915283203,-1.2337318658828735,3.530588388442993,-0.7292463779449463,3.0103349685668945,-0.3514920473098755,3.6791043281555176,-0.5599578619003296,3.0242342948913574,-0.4343731701374054,3.3068950176239014,-0.49843984842300415,3.2548835277557373,-0.3849073350429535,3.8418896198272705,-0.5408611297607422,3.845101833343506,-0.6712450981140137,3.281176805496216,-0.5699008703231812,3.2173194885253906,-0.48883044719696045,3.867412567138672,-0.8015607595443726,3.844010591506958,-0.9806549549102783,3.2413241863250732,-0.8113846778869629,3.2511041164398193,-0.7963367104530334,3.002352237701416,-0.7841501235961914,3.600548028945923,-0.5579187870025635,3.7137057781219482,-0.40370485186576843,3.7801525592803955,-0.18687285482883453,3.4581754207611084,-0.1378609538078308,3.389897108078003,0.02957996539771557,3.2715156078338623,0.3812524378299713,3.502018928527832,0.7136607766151428,3.241839647293091,0.6949084401130676,3.478911876678467,0.2764705419540405,3.3018980026245117,0.30455130338668823,3.349119186401367,0.32945606112480164,3.1438446044921875,0.17791762948036194,3.308987855911255,0.13469476997852325,3.525196075439453,0.22918593883514404,3.09663724899292,0.15049074590206146,3.167558431625366,0.5044379830360413,3.2845823764801025,0.8525382876396179,3.49977445602417,0.7665191888809204,3.2721049785614014,0.44628584384918213,3.1487507820129395,0.47986918687820435,3.647278308868408,1.0859447717666626,3.4735915660858154,1.1524063348770142,3.076340675354004,0.7472841143608093,3.234238624572754,0.6405078172683716,3.0715255737304688,0.7333999276161194,3.7475569248199463,