{"bimodal":false,"column_names":[""],"dimension":2,"dimension_input":0,"label":"forme1-15","data":[3.4637057781219482,-1.1628872156143188,3.243797779083252,0.5337061285972595,3.3202667236328125,0.48872560262680054,3.6274352073669434,0.3973447382450104,3.1389389038085938,0.391888290643692,3.261667013168335,0.31612884998321533,3.2407474517822266,0.39957213401794434,3.3606719970703125,0.15649272501468658,3.7774486541748047,-0.862009584903717,3.636821985244751,-0.9522615671157837,3.6028811931610107,-0.9703130125999451,3.5426814556121826,-0.8299279808998108,3.401413679122925,-0.4404466450214386,3.369497299194336,-0.06469544023275375,3.7823448181152344,-0.2995474636554718,3.002699851989746,-0.15109513700008392,3.699019193649292,0.16079485416412354,3.0885655879974365,-0.2247409075498581,3.8748133182525635,-0.9430288076400757,4.374379634857178,-1.0871949195861816,4.288035869598389,-0.9047824740409851,4.024144172668457,-0.7979254126548767,3.9450130462646484,-0.7551756501197815,3.72695255279541,-0.509101927280426,3.7543861865997314,-0.46665629744529724,3.8765289783477783,-0.5749292373657227,3.800452709197998,-0.5429999828338623,3.631000518798828,-0.606299877166748,3.3966875076293945,-0.19702014327049255,3.4307632446289062,-0.024175552651286125,3.468183994293213,-0.1439334601163864,3.1103572845458984,0.06613992899656296,3.8016796112060547,0.296031653881073,3.3128585815429688,-0.00936933048069477,3.5431065559387207,-0.29157754778862,3.1914567947387695,-0.04455685243010521,3.1166226863861084,-0.09436748176813126,3.565596103668213,-0.364928662776947,3.53115177154541,-0.35744214057922363,3.2145745754241943,-0.15276195108890533,3.298874616622925,-0.3117341697216034,3.5109946727752686,-0.37583091855049133,3.346949338912964,-0.24114595353603363,3.1612234115600586,-0.01864996924996376,3.2811293601989746,-0.0579904243350029,3.28558087348938,0.006914766971021891,3.083397626876831,0.21289122104644775,3.105743169784546,0.14221984148025513,3.2639033794403076,0.034552108496427536,3.3878045082092285,0.009247617796063423,3.166985511779785,0.1480892151594162,3.11275053024292,0.18683359026908875,3.394132614135742,-0.02004886046051979,3.4212825298309326,0.01544682215899229,3.2233619689941406,0.14568421244621277,3.2875633239746094,0.11348221451044083,3.4921178817749023,-0.0321771465241909,3.4977922439575195,-0.03581877797842026,3.422011613845825,0.03299294412136078,3.4387645721435547,0.11727537959814072,3.6043083667755127,-0.012995323166251183,3.4999992847442627,0.0753207877278328,3.3360965251922607,0.11018732935190201,3.251401901245117,0.3727273643016815,3.331101179122925,0.4184495210647583,3.2576701641082764,0.44529154896736145,3.8906450271606445,1.1378828287124634,3.9682345390319824,1.1795878410339355,3.792945146560669,1.4012773036956787,3.2958245277404785,1.970078945159912,3.366931438446045,3.3255302906036377,2.292231321334839,3.0816147327423096,2.106304168701172,3.255492687225342,1.5048130750656128,3.810063123703003,0.5353763699531555,3.247131586074829,0.11665383726358414,3.561408519744873,-0.23780199885368347,3.7653300762176514,-0.3695833683013916,3.8519515991210938,-0.4145025610923767,3.852771043777466,-0.42637497186660767,3.870893716812134,-0.4895860552787781,3.9658658504486084,-0.40415677428245544,3.8939340114593506,-0.26786431670188904,3.795959949493408,-0.07648128271102905,3.68588924407959,0.09795291721820831,3.600112199783325,0.09630914032459259,3.557645082473755,0.08381698280572891,3.5866103172302246,0.034048374742269516,3.529651641845703,0.046294718980789185,3.60477352142334,0.01734067313373089,3.647815465927124,-0.06523865461349487,3.6101765632629395,-0.13779740035533905,3.606942653656006,-0.13599815964698792,3.5284810066223145,-0.16740170121192932,3.612314224243164,-0.273994117975235,3.5862936973571777,-0.5218691825866699,3.7090165615081787,-0.7208547592163086,3.776677131652832,-0.6678960919380188,3.7139110565185547,-0.5411187410354614,3.659842014312744,-0.28042134642601013,3.4415812492370605,0.16382554173469543,3.1670727729797363,0.5204060673713684,3.078132152557373,1.4549537897109985,3.4999728202819824,3.231478452682495,3.0472464561462402,3.6368930339813232,1.5104012489318848,3.7515869140625,1.2126498222351074,3.4370315074920654,1.1685601472854614,3.008039712905884,2.5546035766601562,0.2893022894859314,3.2756052017211914,-0.78847736120224,3.0343942642211914,-1.669201135635376,3.2969532012939453,-2.8641605377197266,3.815065860748291,-3.8785223960876465,3.977815628051758,-3.565678358078003,2.9090213775634766,-4.07860803604126,2.34637713432312,-4.284024715423584,1.639242172241211,-4.437778949737549,1.2651277780532837,-3.105435371398926,0.8892613053321838,-3.25117826461792,0.861996591091156,-3.2949254512786865,0.9061493277549744,-3.3314168453216553,0.947677731513977,-3.3866705894470215,0.9591918587684631,-3.363835096359253,0.8432895541191101,-3.3091206550598145,0.686089038848877,-3.1814651489257812,0.5420107245445251,-3.0039799213409424,0.4045266807079315,-4.294975757598877,0.4145295321941376,-4.231499195098877,0.3341298997402191,-4.134450435638428,0.3240711987018585,-3.9368560314178467,0.1559487283229828,-3.71073317527771,-0.13444356620311737,-3.395822048187256,-0.33008065819740295,-3.972470760345459,-1.0150609016418457,-3.927513599395752,-1.187867522239685,-3.6551568508148193,-1.6128919124603271,-3.0174975395202637,-2.2647669315338135,-3.050184726715088,-3.7146213054656982,-2.167720079421997,-3.3441736698150635,-1.9989337921142578,-3.494056463241577,-2.306183338165283,-3.3290388584136963,-2.7804453372955322,-3.1511175632476807,-2.7462236881256104,-3.2024893760681152,-2.4535653591156006,-3.3216135501861572,-2.1274280548095703,-3.4512858390808105,-2.4177403450012207,-3.398526906967163,-2.2006099224090576,-3.4532594680786133,-1.7501388788223267,-3.6826977729797363,-1.135524034500122,-3.99394154548645,-0.23739230632781982,-3.2732043266296387,-0.3122625946998596,-3.2299678325653076,0.1130220890045166,-3.391465902328491,0.6700597405433655,-3.586805820465088,1.1288487911224365,-3.630722999572754,1.4420803785324097,-3.5370664596557617,1.2768176794052124,-3.173164129257202,1.511482834815979,-3.6334686279296875,1.5769990682601929,-3.2669577598571777,2.093812942504883,-3.1877076625823975,3.0041635036468506,1.7773311138153076,1.2258707284927368,3.2383534908294678,0.8696196675300598,3.2167625427246094,3.0420467853546143,3.3915679454803467,2.904489040374756,3.295051097869873,2.815762996673584,3.210038185119629,2.968297243118286,3.1698532104492188,2.886550188064575,3.185148000717163,2.443300247192383,3.0083625316619873,2.565000534057617,3.0615644454956055,3.329514980316162,3.3337624073028564,3.2927815914154053,2.161179542541504,3.5063517093658447,1.0961647033691406,3.4489688873291016,0.5986617207527161,3.0415596961975098,0.8891206383705139,3.322084426879883,-2.9038760662078857,2.1694531440734863,-3.7536561489105225,0.9722566604614258,-3.308720588684082,-0.27128610014915466,-3.4370484352111816,-0.49590280652046204,-3.1017086505889893,-0.4995541274547577,-3.1849524974823,-0.7136530876159668,-3.263174057006836,-1.1540621519088745,-3.1321587562561035,-1.3010965585708618,-3.133814811706543,-1.1509459018707275,-3.1800944805145264,-1.2202249765396118,-3.3571200370788574,-1.7604316473007202,-3.0044398307800293,-3.564952850341797,-2.378329038619995,-3.3799400329589844,-1.4303644895553589,-3.290116310119629,-1.6730130910873413,-3.24141788482666,-1.7284824848175049,-3.397573709487915,-1.6308144330978394,-3.1423168182373047,-2.0574073791503906,-3.123615026473999,-2.1888880729675293,-3.2574806213378906,-2.236470937728882,-3.530205726623535,-2.084414005279541,-3.9355015754699707,-1.6541149616241455,-3.287324905395508,-0.7978483438491821,-3.189913749694824,-0.8536556959152222,-3.1730620861053467,-0.8831385374069214,-3.247110366821289,-0.8647716045379639,-3.3292315006256104,-0.7982023358345032,-3.3865773677825928,-0.8032271265983582,-3.3683836460113525,-0.8981663584709167,-3.2891628742218018,-0.9337934255599976,-3.1804232597351074,-1.0497349500656128,-3.221851110458374,-1.0447474718093872,