{"bimodal":false,"column_names":[""],"dimension":2,"dimension_input":0,"label":"forme3-1","data":[-0.4112217128276825,3.356990337371826,-0.2578592896461487,3.45880389213562,-0.3633311092853546,3.4639639854431152,-0.3765929937362671,3.61602783203125,-0.3171362578868866,3.7827515602111816,-0.1676824390888214,3.0988962650299072,-0.10531151294708252,3.307971477508545,0.16467177867889404,3.24308443069458,0.4140225946903229,3.343994617462158,0.6348753571510315,3.5264878273010254,0.8365217447280884,3.5924885272979736,0.9268836379051208,3.632481098175049,0.9454906582832336,3.7895565032958984,0.8820331692695618,3.9082448482513428,0.9457133412361145,3.797635316848755,0.7443568110466003,3.7020230293273926,0.8675909042358398,3.630993366241455,0.9148374795913696,3.4786031246185303,0.9491867423057556,3.566312313079834,0.9715962409973145,3.8120195865631104,0.8592112064361572,3.8353445529937744,1.0154967308044434,3.7528634071350098,1.207694411277771,3.714794874191284,1.1267257928848267,3.9384138584136963,0.8586001396179199,4.107667922973633,0.8401442170143127,4.10242223739624,0.9222406148910522,4.046074867248535,0.7999208569526672,4.101421356201172,0.28256550431251526,4.153387546539307,0.3358408212661743,4.152349472045898,0.579696774482727,4.103422164916992,0.689109206199646,4.098141670227051,0.6798341870307922,4.001605033874512,1.1389155387878418,4.028594970703125,1.427292823791504,4.138777732849121,1.4344372749328613,4.215887069702148,1.1413791179656982,4.3095879554748535,1.1950123310089111,4.251248359680176,1.4082179069519043,4.247036933898926,1.2000839710235596,4.327173709869385,0.5333970189094543,3.022860050201416,0.4420017898082733,3.066901683807373,0.2839827537536621,3.121309757232666,0.10248763859272003,3.1569318771362305,-0.03482896462082863,3.1684443950653076,-0.04255090653896332,3.1557085514068604,0.05873309075832367,3.137000560760498,0.22299893200397491,3.169548749923706,0.34393611550331116,3.14009952545166,0.38449791073799133,3.0257909297943115,0.6174837350845337,4.418684482574463,0.8984507322311401,4.3852763175964355,0.864416241645813,4.426635265350342,0.548643171787262,3.004128932952881,0.9466981291770935,4.449157238006592,1.134586215019226,4.326998233795166,1.2570799589157104,4.2383904457092285,1.2306972742080688,4.238701820373535,1.2977813482284546,4.278217315673828,1.3766297101974487,4.328865051269531,1.5678681135177612,4.275361061096191,1.8423181772232056,4.032061576843262,2.2451605796813965,3.829254627227783,2.74599027633667,3.478405237197876,2.957367181777954,3.3258814811706543,3.0515873432159424,3.3077034950256348,3.113873243331909,3.2471563816070557,3.0530354976654053,3.2280118465423584,2.948406219482422,3.284716844558716,2.9019358158111572,3.363919258117676,2.782177686691284,3.3256795406341553,2.735424518585205,3.2926671504974365,2.9048445224761963,3.295567274093628,2.9397404193878174,3.2704784870147705,2.87076473236084,3.272618532180786,2.87949538230896,3.2320520877838135,2.899888038635254,3.2152061462402344,2.9264302253723145,3.1928884983062744,2.936999797821045,3.1385228633880615,3.0001208782196045,3.1070072650909424,2.939427137374878,3.037260055541992,2.6980791091918945,3.190412998199463,2.598536729812622,3.277848720550537,2.455806016921997,3.1773009300231934,3.063458204269409,3.8001320362091064,2.876919984817505,3.11674427986145,3.002260684967041,1.6965547800064087,-0.11066559702157974,-3.0121164321899414,-0.7635415196418762,-3.5705275535583496,-0.6928719878196716,-4.263749599456787,-0.3212207853794098,-3.0442888736724854,-0.44026458263397217,-3.0641069412231445,-0.5316827297210693,-3.103686571121216,-0.7448108196258545,-3.028277635574341,-1.1762467622756958,-4.446292877197266,-0.7389011979103088,-4.323735237121582,-0.4210992455482483,-4.319559574127197,-0.20561055839061737,-4.183147430419922,-0.09714550524950027,-4.18795919418335,-0.07642297446727753,-4.248509407043457,-0.10210826247930527,-4.182673454284668,-0.2925616502761841,-3.984619379043579,-0.2485424429178238,-3.8491828441619873,-0.25484102964401245,-3.838524341583252,-0.2992580831050873,-3.907687187194824,-0.31074512004852295,-3.8957111835479736,-0.3559347987174988,-3.8248367309570312,-0.3368261456489563,-3.69207501411438,-0.24799835681915283,-3.6321585178375244,-0.12655854225158691,-3.7379918098449707,0.11160383373498917,-3.8198869228363037,0.1654013842344284,-4.034498691558838,-0.04428388923406601,-3.975834608078003,-0.12476158142089844,-4.208362102508545,-0.3088536560535431,-4.332637310028076,-0.5687012076377869,-4.249297618865967,-0.6724178791046143,-4.193127155303955,-0.919269323348999,-4.040571689605713,-1.2347033023834229,-4.0550312995910645,-1.3511641025543213,-3.8882105350494385,-1.3907290697097778,-3.889580011367798,-1.4382679462432861,-3.8023841381073,-1.455119013786316,-3.6865193843841553,-1.2694931030273438,-3.7664496898651123,-1.15298330783844,-3.816939353942871,-1.2253408432006836,-3.6378586292266846,-1.1987111568450928,-3.675286293029785,-1.210121750831604,-3.7224152088165283,-1.2086952924728394,-3.754279851913452,-1.1320966482162476,-3.7378218173980713,-1.1156469583511353,-3.673992395401001,-1.1881288290023804,-3.666393280029297,-1.297277569770813,-3.5729973316192627,-1.6381675004959106,-3.321563482284546,-2.3260090351104736,-3.8087785243988037,-3.101175546646118,-3.5183331966400146,-3.1663997173309326,-2.547558546066284,-3.5658111572265625,-0.4258545935153961,-3.222672939300537,1.1864936351776123,-3.415910005569458,1.9281259775161743,-3.6331653594970703,2.44248366355896,-3.4379560947418213,2.937241315841675,-3.3237783908843994,3.267120838165283,-3.3935348987579346,3.267929792404175,-3.569499969482422,3.3071765899658203,-3.568333148956299,3.282158136367798,-3.1612548828125,3.262524366378784,-2.903383731842041,3.261488437652588,-2.6025004386901855,3.5485475063323975,-2.6365809440612793,3.863177537918091,-2.0526270866394043,3.0517375469207764,-2.0097427368164062,3.0093910694122314,-2.767183780670166,3.983599901199341,-3.1072885990142822,3.90720534324646,-3.253366231918335,3.8729608058929443,-3.3374757766723633,3.75128436088562,-3.4295976161956787,3.6747119426727295,-3.5268752574920654,3.5583434104919434,-3.546142816543579,3.4819300174713135,-3.524325370788574,3.4845666885375977,-3.5208895206451416,3.424215316772461,-3.4649391174316406,3.2844927310943604,-3.5338237285614014,3.335425853729248,-3.574486255645752,3.4330286979675293,-3.6417436599731445,3.18900203704834,-3.603297472000122,2.36906099319458,-3.675117015838623,1.5214176177978516,-3.3903183937072754,0.9152108430862427,-3.3051538467407227,-0.5296959280967712,-1.6062830686569214,-3.412266731262207,0.31177303194999695,-3.018882989883423,2.185683250427246,-3.3169753551483154,2.39538311958313,-3.0493252277374268,2.839186191558838,-3.1735033988952637,3.548536539077759,-3.6079349517822266,3.035961389541626,-2.9244141578674316,3.1087193489074707,-2.920090913772583,3.083117961883545,-2.8645148277282715,3.928898334503174,-3.6677799224853516,3.598283529281616,-3.646334409713745,3.246840000152588,-3.5540354251861572,3.069025993347168,-3.581559658050537,2.889096736907959,-3.5342838764190674,2.8576931953430176,-3.465939521789551,2.736990213394165,-3.407656669616699,2.611217737197876,-3.286346435546875,2.7113382816314697,-3.3081672191619873,2.766214609146118,-3.3070390224456787,2.846682548522949,-3.432971954345703,2.369471549987793,-3.2598531246185303,1.5444755554199219,-3.098158836364746,1.3702478408813477,-3.2958476543426514,1.3991813659667969,-3.2866246700286865,1.5021133422851562,-3.260936975479126,1.5456393957138062,-3.2275307178497314,1.6442781686782837,-3.1511878967285156,1.9516887664794922,-3.2666399478912354,2.3434641361236572,-3.4816861152648926,2.6658122539520264,-3.505812168121338,2.8746731281280518,-3.5409657955169678,2.8185861110687256,-3.6056132316589355,2.7895829677581787,-3.8985133171081543,2.8741838932037354,-3.8224823474884033,2.71004319190979,-3.7063918113708496,2.8859918117523193,-3.856066942214966,2.927278757095337,-3.8562064170837402,2.94623064994812,-3.7319109439849854,2.733794689178467,