{"bimodal":false,"column_names":[""],"dimension":2,"dimension_input":0,"label":"forme2-1","data":[-10.59746265411377,3.767735719680786,-8.417232513427734,11.19886302947998,-6.560376167297363,10.433743476867676,-5.344198703765869,11.087422370910645,-5.541552543640137,10.041828155517578,-4.92116117477417,10.181751251220703,-2.958061695098877,11.037211418151855,-2.5613720417022705,10.256860733032227,-4.714046001434326,10.455759048461914,-8.369843482971191,10.835798263549805,-10.545694351196289,8.631272315979004,-10.48355770111084,6.998114109039307,-11.119983673095703,6.4073166847229,-11.12806224822998,3.9817609786987305,-5.079598426818848,-10.143669128417969,7.765929222106934,-10.530279159545898,6.325961112976074,-10.45022201538086,0.3498271405696869,-10.336161613464355,2.3475875854492188,-10.278024673461914,3.2981462478637695,-10.556168556213379,-10.542868614196777,-9.847487449645996,-10.913710594177246,-1.0155699253082275,-10.581243515014648,3.098144292831421,-10.153840065002441,8.927125930786133,-5.5003790855407715,11.283315658569336,-2.091081142425537,10.537181854248047,2.0580525398254395,11.066226959228516,0.9713377952575684,10.266721725463867,5.781158447265625,11.045548439025879,5.525066375732422,11.127065658569336,3.6252825260162354,10.154996871948242,3.7442266941070557,10.927633285522461,10.57371711730957,5.439115047454834,11.387267112731934,3.471897602081299,10.279099464416504,2.963104724884033,11.217769622802734,3.7202224731445312,10.400270462036133,4.130421161651611,10.732179641723633,4.714650630950928,11.001935958862305,5.156131744384766,10.553370475769043,4.012112617492676,10.684283256530762,1.0755621194839478,-7.566345691680908,-10.457890510559082,-8.212472915649414,-10.21737289428711,-10.631591796875,-7.789722919464111,-10.345703125,-3.242310047149658,-10.03956127166748,-3.3760712146759033,-10.905088424682617,-4.081264495849609,-10.238487243652344,-7.933592796325684,10.146713256835938,-9.831462860107422,10.011432647705078,-2.6676745414733887,10.57529067993164,-2.6236732006073,10.012680053710938,-3.7957401275634766,10.085192680358887,3.183244466781616,-0.7569795250892639,10.169827461242676,-1.2163902521133423,10.177939414978027,9.583520889282227,-10.157931327819824,2.7833752632141113,-10.17260456085205,4.203743934631348,-10.574420928955078,5.406477928161621,-10.568986892700195,4.643504619598389,-10.24284553527832,4.869931697845459,-10.709561347961426,4.223383903503418,-10.225442886352539,3.2816271781921387,-10.42315673828125,2.1045682430267334,-10.128695487976074,0.20745152235031128,-10.38838005065918,0.6138287782669067,-10.285099029541016,0.06171741336584091,-10.321891784667969,-0.0329350084066391,-10.429564476013184],"data_input":[],"data_output":[],"length":68}