{"bimodal":false,"column_names":[""],"dimension":2,"dimension_input":0,"label":"forme2-1","data":[-10.100958824157715,0.9996957182884216,-3.409252882003784,10.041321754455566,-2.2138068675994873,10.055209159851074,-2.5049889087677,10.167339324951172,-2.7048070430755615,10.00536060333252,-2.7858669757843018,10.505370140075684,-4.492979526519775,10.398776054382324,-5.423148155212402,10.498860359191895,-7.847994804382324,10.291097640991211,-8.464319229125977,10.386473655700684,-8.687418937683105,10.04396915435791,-10.050366401672363,9.459686279296875,-10.194662094116211,7.775690078735352,-10.380569458007812,6.506369590759277,-6.392908573150635,-10.210829734802246,5.693458080291748,-10.136996269226074,5.725914478302002,-10.093158721923828,3.0672924518585205,-10.44430923461914,2.2203853130340576,-10.267136573791504,1.9250308275222778,-10.358284950256348,-10.264239311218262,-9.464476585388184,-10.354965209960938,-2.5591988563537598,-7.682285785675049,10.083154678344727,-4.476340293884277,10.366304397583008,-3.8631367683410645,10.298171043395996,-1.93728506565094,10.215346336364746,-1.3991738557815552,10.256072044372559,-0.34194517135620117,10.426566123962402,0.6274273991584778,10.289070129394531,2.041921377182007,10.33846664428711,7.082961559295654,10.215104103088379,10.332388877868652,10.060993194580078,10.315566062927246,4.716336727142334,10.12305736541748,6.560412883758545,10.332992553710938,9.454764366149902,10.00877571105957,8.227766990661621,10.216784477233887,5.3538713455200195,10.369843482971191,0.5130417943000793,10.137948036193848,0.6116622686386108,10.382373809814453,0.377920001745224,10.362082481384277,-4.783132553100586,-10.355340003967285,-5.90900993347168,-10.176454544067383,-2.8184986114501953,-10.413612365722656,-2.903829336166382,-10.32630729675293,-3.5100393295288086,-10.471819877624512,-3.915146589279175,-10.278987884521484,-4.374996185302734,-8.367463111877441,-10.462823867797852,-1.4237078428268433,-10.091665267944336,10.35026741027832,-6.909324645996094,10.564355850219727,-5.965133190155029,10.375950813293457,-4.805492877960205,2.6401114463806152,10.026168823242188,3.117429733276367,10.415677070617676,6.306506633758545,10.177070617675781,10.166025161743164,-6.121285915374756,5.442091464996338,-10.721994400024414,3.7645113468170166,-10.1705322265625,3.6815078258514404,-10.255468368530273,3.7955002784729004,-10.107168197631836,3.628354549407959,-10.696069717407227,3.119554281234741,-10.727241516113281,2.8610599040985107,-10.564437866210938,1.7405288219451904,-10.16994857788086,2.2815120220184326,-10.095534324645996,1.4118385314941406,-10.366158485412598,0.9896469116210938,-10.712080955505371,-0.18316467106342316,-10.404019355773926],"data_input":[],"data_output":[],"length":68}