{"bimodal":false,"column_names":[""],"dimension":2,"dimension_input":0,"label":"forme4-1","data":[-0.10840342193841934,3.229067802429199,-1.0755319595336914,3.190433979034424,-1.7372854948043823,3.541276454925537,-1.9769710302352905,3.002455711364746,-2.3228628635406494,3.0781991481781006,-2.554136037826538,3.2214674949645996,-2.5089643001556396,3.3206787109375,-3.0305609703063965,3.2273318767547607,-3.0170252323150635,2.760924816131592,-3.32058048248291,3.3389806747436523,-2.668572187423706,3.134284257888794,-0.5495476126670837,3.2087459564208984,0.7529467940330505,3.1331169605255127,0.8901060819625854,3.243783712387085,0.6279369592666626,3.2215914726257324,0.295621782541275,3.0217432975769043,0.24568438529968262,3.586118221282959,0.13646641373634338,3.4965672492980957,0.28190848231315613,3.5738296508789062,0.3685438930988312,3.736119508743286,1.0178539752960205,3.634901762008667,1.5588996410369873,3.361283302307129,1.2359694242477417,3.4197168350219727,0.6154119372367859,3.1626925468444824,2.516688585281372,3.3470458984375,3.2631397247314453,1.893202781677246,3.1948838233947754,0.6658628582954407,3.9986536502838135,0.7307116389274597,3.303323745727539,0.39551255106925964,3.3032965660095215,0.25675109028816223,3.4511845111846924,0.18317656219005585,3.3934009075164795,0.27908042073249817,3.3885159492492676,0.1349189281463623,3.4460787773132324,-0.037825629115104675,3.3603312969207764,-0.08086999505758286,3.3860762119293213,-0.08358098566532135,3.308471918106079,-0.13675077259540558,3.206512928009033,-0.11108691245317459,3.161381959915161,-0.08922973275184631,3.207547187805176,-0.0020372350700199604,3.0930118560791016,0.011084971949458122,3.480808973312378,0.44504043459892273,3.082566976547241,0.6145704984664917,3.5194389820098877,-0.07607457041740417,3.7663919925689697,-0.5831322073936462,3.1587181091308594,-0.5499665141105652,3.4451406002044678,-0.8388779759407043,3.5531580448150635,-0.7431840300559998,1.4710954427719116,-3.9700334072113037,-0.10076943039894104,-3.7926464080810547,-0.4144548773765564,-4.005375385284424,-0.30756843090057373,-4.097519874572754,-0.2845141887664795,-4.223121643066406,-0.20952479541301727,-4.334224224090576,-0.23393212258815765,-4.431191921234131,-0.3182116448879242,-4.43226432800293,-0.18713845312595367,-3.0051474571228027,-0.025175830349326134,-3.0031754970550537,0.25244244933128357,-4.481476783752441,0.2939300835132599,-4.438452243804932,0.406081885099411,-4.299734115600586,0.40854835510253906,-4.377388000488281,0.33347779512405396,-4.309096813201904,0.22470302879810333,-4.169783115386963,0.24936695396900177,-4.3204474449157715,0.4559585750102997,-3.9087750911712646,0.6158705949783325,-3.705512046813965,0.5945942997932434,-3.768551826477051,0.4024263918399811,-4.0603837966918945,-0.23149435222148895,-4.31827449798584,-1.1126441955566406,-3.5879902839660645,-3.0236785411834717,-3.5127837657928467,-3.5824849605560303,-3.4390878677368164,-3.6735551357269287,-3.4382150173187256,-3.7551052570343018,-3.4289309978485107,-3.67073917388916,-3.8465404510498047,-2.777250289916992,-3.303565263748169,-3.096980333328247,-1.6719387769699097,-1.2757550477981567,3.1916165351867676,0.2535947859287262,3.379155397415161,-0.14249257743358612,3.535585880279541,-0.4875231981277466,3.549588203430176,-0.46575748920440674,3.0081002712249756,-0.6441924571990967,3.6611721515655518,-0.5541312098503113,3.7553837299346924,-0.33112597465515137,3.0922913551330566,-0.32710960507392883,3.026614189147949,-0.3742331266403198,3.5003867149353027,-0.19189658761024475,3.646580934524536,-0.1754383146762848,3.00996994972229,-0.3156077265739441,3.7037370204925537,-0.5223559141159058,3.4525222778320312,-0.8381390571594238,3.3769338130950928,-1.4066388607025146,3.194175958633423,-1.8757284879684448,3.5447821617126465,-1.5895932912826538,3.5759341716766357,-1.3608900308609009,3.093046188354492,-1.4210798740386963,3.170836925506592,-1.3831303119659424,3.2245848178863525,-1.3704311847686768,3.3237969875335693,-1.1996946334838867,3.071506977081299,-1.1548302173614502,3.3089702129364014,-1.4678579568862915,3.186056613922119,-2.641016960144043,-3.6935763359069824,-1.2899973392486572,-3.675353527069092,-1.31316077709198,-3.5979268550872803,-1.2578980922698975,-3.6691224575042725,-1.315699577331543,-4.113469123840332,-1.380649447441101,-4.472098350524902,-0.9225361347198486,-3.01870059967041,-0.9144739508628845,-3.006431818008423,-1.3884252309799194,-4.512289524078369,-0.9037667512893677,-3.057353973388672,-0.8947069644927979,-3.078886032104492,-0.8750298023223877,-3.1298248767852783,-0.7856888771057129,-3.170328378677368,-0.5906252861022949,-3.1187100410461426,-1.321576476097107,-3.1243515014648438,-0.6386929154396057,-3.2441563606262207],"data_input":[],"data_output":[],"length":119}