{"bimodal":false,"column_names":[""],"dimension":2,"dimension_input":0,"label":"forme1-1","data":[-3.1758944988250732,1.1546540260314941,-3.4206180572509766,0.7675423622131348,-3.1560051441192627,0.6518153548240662,-3.247920513153076,0.7039042115211487,-3.2504782676696777,0.6619560122489929,-3.006674289703369,0.40791693329811096,-3.5883820056915283,0.3692958652973175,-3.6095571517944336,0.40021592378616333,-3.357257604598999,0.2787761986255646,-3.001455068588257,0.3931311368942261,-3.2764859199523926,1.5856863260269165,-3.3664352893829346,2.6019065380096436,-3.2604403495788574,3.1447231769561768,-3.019568920135498,1.9722102880477905,-3.0756142139434814,1.4261267185211182,-3.1928579807281494,0.8219717144966125,-3.0662190914154053,-0.5557948350906372,-3.1078109741210938,-1.293678879737854,-3.450493574142456,-1.1814649105072021,-3.057999849319458,-0.9917764067649841,-3.0614333152770996,-0.8684588074684143,-3.4404568672180176,-0.5667509436607361,-3.546856641769409,-0.5808430910110474,-3.502376079559326,-0.6716342568397522,-3.499729871749878,-0.6308314204216003,-3.4483330249786377,-0.8820218443870544,-3.203681468963623,-1.5942292213439941,-2.7836849689483643,-3.4823412895202637,-1.3112388849258423,-3.4199705123901367,-1.0873401165008545,-3.426929235458374,-1.2302602529525757,-3.3809690475463867,-1.6560691595077515,-3.1014325618743896,-2.8701632022857666,-3.0513198375701904,-3.104982852935791,-2.9376628398895264,-2.4245681762695312,-3.465090751647949,-1.6684082746505737,-3.2450695037841797,-1.6699055433273315,-3.301701784133911,-1.5435248613357544,-3.364591360092163,-1.7574305534362793,-3.3080251216888428,-1.5619322061538696,-3.27512788772583,-1.0945641994476318,-3.2575860023498535,-0.7393509149551392,-3.414252519607544,0.021087758243083954,-3.279212236404419,0.20149561762809753,-3.3454229831695557,3.2100110054016113,0.7132220268249512,3.1779329776763916,3.153697967529297,3.271855592727661,2.6793105602264404,3.1510353088378906,1.4339829683303833,3.4787240028381348,0.7026099562644958,3.414428949356079,0.7998300194740295,3.241086006164551,1.1354436874389648,3.1959407329559326,1.284333348274231,3.274491548538208,1.5700182914733887,3.0086324214935303,3.0874621868133545,3.2528343200683594,3.0969936847686768,3.1180038452148438,2.2709996700286865,3.2261860370635986,2.0729355812072754,3.2405829429626465,1.5832271575927734,3.2268903255462646,1.3310707807540894,3.224242687225342,-0.01233576238155365,1.6825759410858154,-3.0494017601013184,1.2891958951950073,-3.4792897701263428,0.9975064396858215,-3.444392442703247,0.7165476679801941,-3.583146810531616,0.5092464685440063,-3.573876142501831,0.23415318131446838,-3.000605344772339,-0.3926195800304413,-3.0657808780670166,-0.6975237131118774,-3.0294108390808105,-1.617079257965088,-3.310004234313965,-2.987596273422241,-3.2026984691619873,-3.0006766319274902,-3.255470037460327,-2.9165520668029785,-3.3426201343536377,-2.2925727367401123,-3.1571741104125977,-2.5218873023986816,-3.135026454925537,-2.6724963188171387,-3.297663450241089,-2.7669031620025635,-3.3358383178710938,-2.8773672580718994,-3.2721545696258545,-3.3510162830352783,-2.3915610313415527,-3.3747475147247314,-1.6554619073867798,-3.0862221717834473,-1.1576018333435059,-3.2900376319885254,-0.8982599973678589,-3.2931783199310303,-0.8997955918312073,-3.1494946479797363,-1.049772024154663,-3.5728156566619873,-1.37101411819458,-3.16213059425354,-1.1098803281784058,-3.0988216400146484,-1.1521110534667969,-3.538652181625366,-1.4422962665557861,-3.145653247833252,-1.1170899868011475,-3.186526298522949,-1.0151393413543701,-3.3281939029693604,-0.8276768326759338,-3.1886253356933594,-0.980590283870697,-3.1041641235351562,-1.4916787147521973,-3.3484554290771484,-1.2916947603225708,-3.1135666370391846,-1.1944129467010498,-3.123539447784424,-0.9275317192077637,-3.3014070987701416,-0.5699750185012817,-3.2483291625976562,-0.2170388251543045,-3.5189108848571777,0.019952993839979172,-3.1363492012023926,0.19803352653980255,-3.0263054370880127,0.20223785936832428,-3.1901071071624756,0.11783833056688309,-3.4098727703094482,0.3005266487598419,-3.65726637840271,0.22452810406684875,-3.5399727821350098,0.32321858406066895,-3.036142110824585,0.881054699420929,-3.361178398132324,2.013270139694214,-3.400113821029663,3.1260271072387695,-2.8048596382141113,3.4467427730560303,-2.2423064708709717,3.0485005378723145,-2.178597927093506,3.4729251861572266,-0.92185378074646,3.3866446018218994,0.31054672598838806,3.131322145462036,1.0843009948730469,3.106905937194824,3.0854876041412354,3.1821370124816895,3.1198372840881348,3.2646663188934326,2.735327959060669,3.040464162826538,2.7842094898223877,3.1397030353546143,2.8483216762542725,3.2348134517669678,2.8914449214935303,3.320430040359497,3.080402374267578,3.1977181434631348,3.2254140377044678,3.2476115226745605,2.3586337566375732,3.030562162399292,2.1070556640625,3.0980212688446045,1.556667685508728,3.52012300491333,0.6347812414169312,3.227393388748169,0.2433885782957077,3.3381130695343018,0.05055740475654602,3.536200523376465,-0.01158326305449009,3.5670323371887207,-0.11085372418165207,3.6150929927825928,-0.05550951138138771,3.680250883102417,-0.4321185052394867,3.6904067993164062,-1.1094565391540527,3.6125881671905518,-1.9514234066009521,3.549729108810425,-2.5100131034851074,3.5049526691436768,-2.9992055892944336,3.6202971935272217,-3.306069850921631,3.247437000274658,-3.401048421859741,2.7725281715393066,-3.644091844558716,2.280069351196289,-3.0209271907806396,1.4504632949829102,-3.5987954139709473,1.2195711135864258,-3.073962688446045,0.40265098214149475,-3.1645901203155518,-0.4378432035446167,-3.483586311340332,-0.8936912417411804,-3.4195501804351807,-1.1046873331069946,-3.210129737854004,-1.1358004808425903,-3.0530760288238525,-2.482895612716675,-3.0197913646698,-2.968830108642578,-1.2681074142456055,-3.0048294067382812,-1.8494765758514404,-3.2357494831085205,-3.466569423675537,-2.1999800205230713,-3.1414124965667725,-1.2833197116851807,-3.225581169128418,-1.321943759918213,-3.1532838344573975,-1.412139892578125,-3.088256597518921,-2.034879684448242,-3.1819541454315186,-3.285200357437134,-1.8527336120605469,-3.119476079940796,-2.4057745933532715,-3.4367949962615967,-2.4539992809295654,-3.338754177093506,-2.562781810760498,-3.207310676574707,-2.482544422149658,-3.3868658542633057,-1.2644860744476318,-3.1317946910858154,-1.9732722043991089,-3.0121355056762695,-1.7617497444152832,-3.4247536659240723,-2.065455198287964,-3.2446978092193604,-3.131699323654175,-3.047922372817993,-0.6155067086219788,-3.5142982006073,-1.1207934617996216,-3.2967255115509033,-0.3123442828655243,-3.251868486404419,0.5293623805046082,-3.510321617126465,0.48285993933677673,-3.4311254024505615,-0.07295577228069305,-3.2349660396575928,-0.9535213708877563,-3.541726589202881,-1.3789266347885132,-3.3570728302001953,-1.5352880954742432,-3.356189012527466,-1.414826512336731,-3.4737708568573,-1.2345833778381348,-3.552090883255005,-0.5293959975242615,-3.060908079147339,-0.23333938419818878,-3.147350549697876,-0.3798181414604187,-3.100729465484619,-0.381033331155777,-3.1575043201446533,-0.3795017600059509,-3.181691884994507,-0.4392828643321991,-3.225111484527588,-0.4922545254230499,-3.2378292083740234,-0.6794190406799316,-3.070521593093872,-0.601556122303009,-3.091674327850342,-0.4845488369464874,-3.1290290355682373,0.3050854504108429,-3.4695897102355957,1.0472255945205688,-3.5706679821014404,1.0903464555740356,-3.6909303665161133,1.0429368019104004,-3.536350965499878,1.1743977069854736,-3.52640438079834,1.2192935943603516,-3.5247879028320312,1.8999035358428955,-3.152813673019409,3.230039119720459,-1.5831692218780518,3.232685089111328,0.22075049579143524,3.1259849071502686,0.06349550932645798,3.3176991939544678,-0.4568176567554474,3.2476677894592285,-0.8851809501647949,3.389055013656616,-1.0224357843399048,3.115751266479492,-0.8505038619041443,3.189387559890747,-0.6801117062568665,3.346025228500366,-0.824522852897644,3.167170524597168,-0.8620697855949402,3.459789991378784,