{"bimodal":false,"column_names":[""],"dimension":2,"dimension_input":0,"label":"forme1-1","data":[-1.1941163539886475,-0.08308936655521393,-1.0859143733978271,-0.08089026808738708,-1.0673154592514038,-0.11614549905061722,-1.1269307136535645,-0.17717629671096802,-1.058978796005249,-0.18669535219669342,-1.3699337244033813,-0.22381046414375305,-1.572735071182251,-0.09768420457839966,-1.8482900857925415,0.0012626141542568803,-2.0374226570129395,-0.001808484666980803,-2.154819965362549,-0.0415840707719326,-2.2943055629730225,-0.1058826744556427,-2.3580245971679688,-0.22823092341423035,-2.3099026679992676,-0.355536550283432,-2.3703179359436035,-0.41917896270751953,-2.4504802227020264,-0.4988056421279907,-2.524523973464966,-0.567528247833252,-2.507424831390381,-0.5652257800102234,-2.620976448059082,-0.5888001322746277,-2.6666057109832764,-0.605307400226593,-2.6870360374450684,-0.6101101636886597,-2.7044413089752197,-0.6677218079566956,-2.605548858642578,-0.7321340441703796,-2.7546000480651855,-0.9096345901489258,-2.9030985832214355,-1.0313186645507812,-3.0087199211120605,-1.051702857017517,-3.142303228378296,-1.1113183498382568,-3.2573494911193848,-1.196853518486023,-3.3541412353515625,-1.2699652910232544,-3.366189956665039,-1.3439221382141113,-3.3535099029541016,-1.403320074081421,-3.3554654121398926,-1.4698922634124756,-3.406395673751831,-1.5170211791992188,-3.446272134780884,-1.5481001138687134,-3.436016321182251,-1.5363402366638184,-3.422297954559326,-1.5224841833114624,-3.4288806915283203,-1.5131652355194092,-3.4147558212280273,-1.5234909057617188,-3.3906121253967285,-1.53584885597229,-3.3354125022888184,-1.5233941078186035,-3.2691259384155273,-1.5266236066818237,-3.207768440246582,-1.5493961572647095,-3.1428377628326416,-1.5825644731521606,-3.1122701168060303,-1.640549898147583,-3.0705013275146484,-1.6890082359313965,-2.980409622192383,-1.7162495851516724,-2.8980817794799805,-1.7412636280059814,-2.827073812484741,-1.7800567150115967,-2.8227827548980713,-1.8457363843917847,-2.8067047595977783,-1.902557373046875,-2.728635549545288,-1.9254236221313477,-2.6205410957336426,-1.9548834562301636,-2.4566330909729004,-2.0120232105255127,-2.2992799282073975,-2.0807714462280273,-2.177823066711426,-2.146770477294922,-2.0950429439544678,-2.2278435230255127,-2.0329365730285645,-2.291945457458496,-1.9564675092697144,-2.3418705463409424,-1.8430455923080444,-2.400804281234741,-1.7231955528259277,-2.4519426822662354,-1.6070842742919922,-2.48648738861084,-1.570640206336975,-2.479581594467163,-1.5919215679168701,-2.462534189224243,-1.672056794166565,-2.44388747215271,-1.7320196628570557,-2.418118953704834,-1.7078735828399658,-2.3981621265411377,-1.6513829231262207,-2.3851029872894287,-1.6319786310195923,-2.372170925140381,-1.6408790349960327,-2.365912437438965,-1.6487743854522705,-2.3692476749420166,-1.6388226747512817,-2.3839917182922363,-1.5712192058563232,-2.4106109142303467,-1.4587204456329346,-2.4297659397125244,-1.406592845916748,-2.439185857772827,-1.3819674253463745,-2.442753791809082,-1.340978741645813,-2.4475059509277344,-1.2562534809112549,-2.460505485534668,-1.1632765531539917,-2.4783401489257812,-1.0612283945083618,-2.493065595626831,-1.0504064559936523,-2.5129573345184326,-1.0654444694519043,-2.53302264213562,-1.0636017322540283,-2.5303494930267334,-0.9934080243110657,-2.507920980453491,-0.9180589914321899,-2.4867067337036133,-0.8582963943481445,-2.4714455604553223,-0.8666566610336304,-2.4516122341156006,-0.9008530974388123,-2.443419933319092,-0.9450193047523499,-2.432133436203003,-0.9546800851821899,-2.4075887203216553,-0.9183621406555176,-2.4195683002471924,-0.8472766280174255,-2.4215855598449707,-0.7666940093040466,-2.414903402328491,-0.7069105505943298,-2.406095266342163,-0.6622149348258972,-2.3996732234954834,-0.5534172058105469,-2.428903341293335,-0.43799373507499695,-2.4765303134918213,-0.3304201364517212,-2.5240652561187744,-0.1985185593366623,-2.562675714492798,-0.05770466476678848,-2.6129233837127686,0.15399865806102753,-2.687579870223999,0.38214176893234253,-2.759049415588379,0.5562725067138672,-2.8321213722229004,0.7018895745277405,-2.926588296890259,0.8640156388282776,-3.0219271183013916,1.1162091493606567,-3.1514642238616943,1.347954273223877,-3.278428316116333,1.5113734006881714,-3.3846347332000732,1.5627167224884033,-3.445833206176758,1.584018349647522,-3.4319286346435547,1.604689359664917,-3.3898656368255615,1.5733762979507446,-3.3058524131774902,1.4371397495269775,-3.2132210731506348,1.2760562896728516,-3.1350927352905273,1.073857069015503,-3.0494425296783447,0.8912646770477295,-2.935523748397827,0.6826673746109009,-2.7542858123779297,0.4537535011768341,-2.5257015228271484,0.22996169328689575,-2.3105990886688232,-0.05556664615869522,-2.1297972202301025,-0.39704763889312744,-1.954069972038269,-0.7395014762878418,-1.7939116954803467,-1.1088968515396118,-1.591208577156067,-1.4305367469787598,-1.3353217840194702,-1.708152413368225,-1.1000956296920776,-1.9636043310165405,-0.9039576649665833,-2.1994380950927734,-0.7818121314048767,-2.403181791305542,-0.7456578612327576,-2.5683157444000244,-0.7287328839302063,-2.71795392036438,-0.652408242225647,-2.8371400833129883,-0.5353840589523315,-2.9093263149261475,-0.4551072418689728,-2.9417502880096436,-0.429352343082428,-2.9804067611694336,-0.41886842250823975,-3.1004748344421387,-0.3831626772880554,-3.2455906867980957,-0.30349138379096985,-3.340876817703247,-0.22720229625701904,-3.3311281204223633,-0.18718262016773224,-3.289024591445923,-0.20147982239723206,-3.266507387161255,-0.23306885361671448,-3.2666139602661133,-0.26446133852005005,-3.2700581550598145,-0.24873356521129608,-3.279508352279663,-0.2185564786195755,-3.3109042644500732,-0.2000265121459961,-3.3199596405029297,-0.20365016162395477,-3.258653163909912,-0.21171694993972778,-3.191467761993408,-0.187791109085083,-3.157292604446411,-0.16886170208454132,-3.1991496086120605,-0.16471445560455322,-3.212141752243042,-0.16661258041858673,-3.1662557125091553,-0.1632269322872162,-3.122689962387085,-0.17462386190891266,-3.1047046184539795,-0.22616451978683472,-3.065995693206787,-0.2807212173938751,-3.0416910648345947,-0.32539674639701843,-3.0403475761413574,-0.33150941133499146,-3.008218288421631,-0.3486645221710205,-2.9475648403167725,-0.3714498281478882,-2.8603107929229736,-0.459896445274353,-2.805144786834717,-0.5271053314208984,-2.7543370723724365,-0.5344038009643555,-2.676680326461792,-0.5298705697059631,-2.593332052230835,-0.5417159795761108,-2.522200107574463,-0.5807421803474426,-2.474011182785034,-0.6149078607559204,-2.4525837898254395,-0.6175926923751831,-2.478259563446045,-0.6014106273651123,-2.486199140548706,-0.5930471420288086,-2.3482682704925537,-0.577120840549469,-2.3355908393859863,-0.5561836957931519,-2.3759989738464355,-0.5199511051177979,-2.423388719558716,-0.48309215903282166,-2.4349942207336426,-0.4627949595451355,-2.3907148838043213,-0.47330164909362793,-2.3356945514678955,-0.49695613980293274,-2.2616608142852783,-0.5381535291671753,-2.196105480194092,-0.6500752568244934,-2.145210027694702,-0.7643594145774841,-2.0702731609344482,-0.8497011065483093,-1.982677698135376,-0.8921030759811401,-1.8883510828018188,-0.8808645606040955,-1.8520902395248413,-0.857428252696991,-1.8260047435760498,-0.8111624121665955,-1.7820268869400024,-0.7668441534042358,-1.7565103769302368,-0.7431063055992126,-1.738866925239563,-0.7402886748313904,-1.6984845399856567,-0.7730753421783447,-1.6392455101013184,-0.7756261229515076,-1.5847198963165283,-0.762894868850708,-1.5117433071136475,-0.744968593120575,-1.4324424266815186,-0.7559053301811218,-1.234300971031189,-0.8550955057144165,-1.0349904298782349,-0.9574371576309204,-0.8188799619674683,-1.1107661724090576,-0.6075757741928101,-1.2825751304626465,-0.39842474460601807,-1.4405237436294556,-0.06252007186412811,-1.5845478773117065,0.3317195773124695,-1.7792751789093018,0.8571245074272156,-1.9631052017211914,1.3619550466537476,-2.114758014678955,1.7528607845306396,-2.1211929321289062,1.9739129543304443,