{"bimodal":false,"column_names":[""],"dimension":2,"dimension_input":0,"label":"forme1-1","data":[-0.012256493791937828,-1.361169695854187,-0.0476742722094059,-1.3038084506988525,-0.08785729110240936,-1.2873125076293945,-0.1867893636226654,-1.308510422706604,-0.35313984751701355,-1.2023818492889404,-0.579062819480896,-0.9483580589294434,-1.0022101402282715,-0.7314798831939697,-1.552625298500061,-0.579233705997467,-2.0725696086883545,-0.32368770241737366,-2.4958763122558594,-0.0051273019053041935,-2.94856858253479,0.13717246055603027,-3.316633462905884,0.2602942883968353,-3.467869281768799,0.30324414372444153,-3.497753143310547,0.2792319655418396,-3.5801594257354736,0.28420373797416687,-3.4901068210601807,0.15615147352218628,-3.428615093231201,0.11504753679037094,-3.3824658393859863,-0.0027827522717416286,-3.285388231277466,-0.11427884548902512,-3.215125322341919,-0.18802510201931,-3.2045435905456543,-0.26365530490875244,-3.130695104598999,-0.387910932302475,-3.1722018718719482,-0.49242934584617615,-3.1155006885528564,-0.5711861848831177,-2.975497007369995,-0.6692204475402832,-2.854353904724121,-0.7397492527961731,-2.7986538410186768,-0.7639415264129639,-2.683288812637329,-0.9371237754821777,-2.394270896911621,-1.159348487854004,-2.2433061599731445,-1.3113311529159546,-2.191751480102539,-1.4003995656967163,-2.1380250453948975,-1.4405031204223633,-1.9827338457107544,-1.5638303756713867,-1.9188036918640137,-1.6859053373336792,-1.8210886716842651,-1.7599776983261108,-1.7425546646118164,-1.8488184213638306,-1.6975353956222534,-1.8816766738891602,-1.5690209865570068,-1.9168263673782349,-1.47572660446167,-1.971917986869812,-1.4111300706863403,-2.029147148132324,-1.3624118566513062,-2.0451712608337402,-1.3393399715423584,-2.0321290493011475,-1.3172341585159302,-2.0401151180267334,-1.248577356338501,-2.084364652633667,-1.2338298559188843,-2.1041786670684814,-1.256577968597412,-2.1083455085754395,-1.2919827699661255,-2.107248306274414,-1.3322139978408813,-2.109072208404541,-1.325698733329773,-2.0996813774108887,-1.3286739587783813,-2.0877156257629395,-1.3683347702026367,-2.0994415283203125,-1.3643490076065063,-2.1081342697143555,-1.314204454421997,-2.1145830154418945,-1.2949657440185547,-2.1063289642333984,-1.30771803855896,-2.0965073108673096,-1.3202134370803833,-2.0943286418914795,-1.300903558731079,-2.0993971824645996,-1.2663308382034302,-2.098684072494507,-1.2530256509780884,-2.0756099224090576,-1.2546039819717407,-2.0705456733703613,-1.2275968790054321,-2.0619962215423584,-1.1751725673675537,-2.065903663635254,-1.1356078386306763,-2.0772829055786133,-1.1189924478530884,-2.083217144012451,-1.1257106065750122,-2.07165789604187,-1.1508119106292725,-2.0610485076904297,-1.1477161645889282,-2.058138370513916,-1.1217782497406006,-2.0569167137145996,-1.1291742324829102,-2.04866361618042,-1.1436365842819214,-2.0493507385253906,-1.1478221416473389,-2.086346387863159,-1.1127402782440186,-2.093679666519165,-1.06367826461792,-2.0928375720977783,-1.0280545949935913,-2.0784168243408203,-1.0279370546340942,-2.0676019191741943,-1.0564160346984863,-2.052666664123535,-1.026148796081543,-2.0551130771636963,-0.9889536499977112,-2.069890022277832,-0.9451523423194885,-2.0920045375823975,-0.9503531455993652,-2.1120712757110596,-0.9610769748687744,-2.1272215843200684,-0.946094810962677,-2.1301681995391846,-0.9003661870956421,-2.1366939544677734,-0.8436303734779358,-2.1398072242736816,-0.7901145219802856,-2.1576120853424072,-0.7490755915641785,-2.1786177158355713,-0.7061247825622559,-2.2164723873138428,-0.6358141303062439,-2.2756741046905518,-0.505100429058075,-2.3041141033172607,-0.4255889654159546,-2.3251962661743164,-0.3842555582523346,-2.3467836380004883,-0.3781599998474121,-2.359513998031616,-0.36972475051879883,-2.370124578475952,-0.3111450970172882,-2.3858299255371094,-0.21995727717876434,-2.400508403778076,-0.12700869143009186,-2.393555164337158,-0.06821175664663315,-2.38265323638916,-0.053720518946647644,-2.3914098739624023,-0.04648929089307785,-2.4081740379333496,-0.018051762133836746,-2.4331822395324707,0.08338148891925812,-2.4576616287231445,0.2048673927783966,-2.4681761264801025,0.33632463216781616,-2.4832677841186523,0.4149588346481323,-2.5428049564361572,0.4273316562175751,-2.66349720954895,0.481605589389801,-2.74511456489563,0.5647817254066467,-2.7988221645355225,0.7136451601982117,-2.8159706592559814,0.8867635130882263,-2.817737340927124,1.0060235261917114,-2.8216824531555176,1.0079913139343262,-2.8608272075653076,0.945824921131134,-2.9008989334106445,0.8855530619621277,-2.9298858642578125,0.7713457345962524,-2.925105571746826,0.639639675617218,-2.900036096572876,0.5235065221786499,-2.807166814804077,0.44300273060798645,-2.5951647758483887,0.3240959048271179,-2.341036319732666,0.003201929619535804,-2.059460401535034,-0.44840988516807556,-1.8444430828094482,-0.8871533870697021,-1.6722207069396973,-1.2717795372009277,-1.4606330394744873,-1.558247685432434,-1.206344723701477,-1.7364416122436523,-0.9881024956703186,-1.9928439855575562,-0.7832342386245728,-2.269289493560791,-0.6076475381851196,-2.513638734817505,-0.5852102041244507,-2.7029809951782227,-0.5743644833564758,-2.8090109825134277,-0.5517584085464478,-2.8050758838653564,-0.5294139981269836,-2.775111675262451,-0.5313481092453003,-2.721182107925415,-0.5818608403205872,-2.726278781890869,-0.6099158525466919,-2.7258918285369873,-0.5827929377555847,-2.713732957839966,-0.5508646368980408,-2.6820597648620605,-0.5467163324356079,-2.694493055343628,-0.5491870045661926,-2.7156381607055664,-0.5408234596252441,-2.736832857131958,-0.5276245474815369,-2.7901384830474854,-0.49220359325408936,-2.8513572216033936,-0.4625307619571686,-2.9083211421966553,-0.4535110592842102,-2.9536256790161133,-0.4585971236228943,-2.9771568775177,-0.46016162633895874,-2.990539789199829,-0.46880683302879333,-2.9875476360321045,-0.4794916808605194,-2.985151529312134,-0.4880524277687073,-2.96225643157959,-0.5088546872138977,-2.920771598815918,-0.5787709355354309,-2.872452974319458,-0.6333246827125549,-2.7808690071105957,-0.6458079814910889,-2.685814142227173,-0.6452161073684692,-2.64125919342041,-0.6625029444694519,-2.6274361610412598,-0.6929228901863098,-2.594627857208252,-0.7115617394447327,-2.5323522090911865,-0.7133386135101318,-2.5202677249908447,-0.7121360898017883,-2.5409796237945557,-0.718826413154602,-2.585463047027588,-0.7363191246986389,-2.580108404159546,-0.7364243268966675,-2.5450658798217773,-0.709648847579956,-2.5230095386505127,-0.6915680766105652,-2.593902826309204,-0.688692569732666,-2.639519214630127,-0.7406585812568665,-2.6429383754730225,-0.7915545105934143,-2.645637035369873,-0.8318132758140564,-2.6312148571014404,-0.8417329788208008,-2.649677276611328,-0.8363602161407471,-2.6929521560668945,-0.8086643218994141,-2.7140414714813232,-0.7835125923156738,-2.681574583053589,-0.7790800929069519,-2.6893253326416016,-0.8008981943130493,-2.7260873317718506,-0.7759392857551575,-2.701115369796753,-0.7513958215713501,-2.6674256324768066,-0.7394255995750427,-2.661452054977417,-0.7503066062927246,-2.7078049182891846,-0.759502649307251,-2.732347249984741,-0.7599962949752808,-2.717616319656372,-0.7463118433952332,-2.7187628746032715,-0.7348629236221313,-2.7584521770477295,-0.7324265241622925,-2.7903358936309814,-0.7356891632080078,-2.8055479526519775,-0.7314885258674622,-2.809662342071533,-0.7068034410476685,-2.8213412761688232,-0.6820288300514221,-2.8493282794952393,-0.6627360582351685,-2.8365509510040283,-0.6653764843940735,-2.7793240547180176,-0.6949864625930786,-2.6834099292755127,-0.7268886566162109,-2.6215779781341553,-0.7677940726280212,-2.585829973220825,-0.8078523278236389,-2.5192148685455322,-0.8562443852424622,-2.3807761669158936,-0.9207280874252319,-2.2550785541534424,-0.9664968252182007,-2.1519393920898438,-1.053878903388977,-2.0512638092041016,-1.1332124471664429,-1.8366914987564087,-1.248976230621338,-1.6559720039367676,-1.3490772247314453,-1.518642544746399,-1.4126715660095215,-1.3829704523086548,-1.4664002656936646,