{"bimodal":false,"column_names":[""],"dimension":2,"dimension_input":0,"label":"forme1-1","data":[-0.4682699143886566,-1.4596569538116455,-1.0784035921096802,-1.4639383554458618,-1.4466954469680786,-1.4690680503845215,-1.4975228309631348,-1.376179814338684,-1.7653110027313232,-1.3117393255233765,-1.9819626808166504,-1.2067656517028809,-2.128971576690674,-1.1059116125106812,-2.2391653060913086,-1.0503075122833252,-2.3433942794799805,-1.0322351455688477,-2.44796085357666,-1.0394126176834106,-2.564098358154297,-1.0199767351150513,-2.678205966949463,-0.907614529132843,-2.7842698097229004,-0.7952486872673035,-2.8510055541992188,-0.741879940032959,-2.8455169200897217,-0.7661911845207214,-2.830064296722412,-0.8119729161262512,-2.866804838180542,-0.878936767578125,-2.924651861190796,-0.9124689698219299,-2.9544217586517334,-0.9340232610702515,-2.93407940864563,-0.9590208530426025,-2.9395334720611572,-0.951991856098175,-2.978093385696411,-0.9926041960716248,-3.1454739570617676,-0.9567073583602905,-3.1765902042388916,-0.9281203150749207,-3.149522066116333,-0.9074101448059082,-3.1493453979492188,-0.8690526485443115,-3.1973559856414795,-0.8123353123664856,-3.2128803730010986,-0.7648497223854065,-3.1843433380126953,-0.7446259260177612,-3.0712828636169434,-0.8008555769920349,-2.951812744140625,-0.8617006540298462,-2.885925054550171,-0.8700568675994873,-2.8653688430786133,-0.9043683409690857,-2.818091869354248,-0.9564598798751831,-2.736121654510498,-0.993171215057373,-2.680372953414917,-1.0075757503509521,-2.6809744834899902,-0.9816315770149231,-2.688546895980835,-0.9633792638778687,-2.669135808944702,-0.9623624682426453,-2.6836438179016113,-0.9797412157058716,-2.712448835372925,-0.9789517521858215,-2.73105788230896,-0.9498227834701538,-2.7531251907348633,-0.9130738377571106,-2.762423038482666,-0.8783887624740601,-2.752347230911255,-0.8994811773300171,-2.7454307079315186,-0.9433487057685852,-2.75362491607666,-0.9829563498497009,-2.755988121032715,-1.040808081626892,-2.724181652069092,-1.0959125757217407,-2.5462353229522705,-1.1597533226013184,-2.4145314693450928,-1.2108814716339111,-2.353208541870117,-1.2497859001159668,-2.2337539196014404,-1.3005157709121704,-2.108710289001465,-1.3603029251098633,-1.9762170314788818,-1.410390019416809,-1.856964349746704,-1.4287896156311035,-1.7501976490020752,-1.4405760765075684,-1.5837334394454956,-1.450057029724121,-1.4082001447677612,-1.4676930904388428,-1.2868406772613525,-1.5121039152145386,-1.245571255683899,-1.5731935501098633,-1.221875786781311,-1.6312888860702515,-1.1762968301773071,-1.688454031944275,-1.0369936227798462,-1.7646775245666504,-0.8934007287025452,-1.8522439002990723,-0.7387009859085083,-1.9671366214752197,-0.6076602339744568,-2.0640714168548584,-0.5613353848457336,-2.156937599182129,-0.508876621723175,-2.279620409011841,-0.4062406122684479,-2.3792672157287598,-0.20761638879776,-2.4813191890716553,0.06661541014909744,-2.57179856300354,0.31244784593582153,-2.631711006164551,0.4837616980075836,-2.7018356323242188,0.5726818442344666,-2.803602457046509,0.6629227995872498,-2.897566795349121,0.8288982510566711,-2.957700729370117,1.0042022466659546,-2.9993393421173096,1.1898161172866821,-3.0436911582946777,1.305486798286438,-3.0956506729125977,1.3357690572738647,-3.1475822925567627,1.2784847021102905,-3.1806859970092773,1.2694501876831055,-3.15388822555542,1.2739859819412231,-3.1198606491088867,1.2605814933776855,-3.116300582885742,1.228304386138916,-3.119218111038208,1.192434549331665,-3.1044681072235107,1.167963981628418,-3.088066816329956,1.1836094856262207,-3.0736610889434814,1.2126636505126953,-3.065737009048462,1.23014497756958,-3.06969952583313,1.1987888813018799,-3.078195333480835,1.1572253704071045,-3.086498737335205,1.1508111953735352,-3.0905773639678955,1.1816350221633911,-3.062941312789917,1.2036875486373901,-3.0262582302093506,1.2006721496582031,-2.9783504009246826,1.1261712312698364,-2.9229576587677,0.9961355328559875,-2.8589110374450684,0.9041765928268433,-2.7666475772857666,0.8641822934150696,-2.682147979736328,0.8496325612068176,-2.646200656890869,0.7767090201377869,-2.637777328491211,0.6955538988113403,-2.6336734294891357,0.5976437926292419,-2.6418027877807617,0.5149553418159485,-2.64609694480896,0.4240499436855316,-2.605644464492798,0.37846338748931885,-2.4858412742614746,0.2653072476387024,-2.35209584236145,-0.0035389778204262257,-2.226954460144043,-0.285236656665802,-2.0507795810699463,-0.4766354560852051,-1.8656582832336426,-0.6292566061019897,-1.6854016780853271,-0.8033466935157776,-1.531395673751831,-0.9932346940040588,-1.4275496006011963,-1.2087434530258179,-1.3595346212387085,-1.344878911972046,-1.3235628604888916,-1.4335906505584717,-1.3078515529632568,-1.4954030513763428,-1.2915196418762207,-1.5436209440231323,-1.2653601169586182,-1.5825892686843872,-1.2620574235916138,-1.601171851158142,-1.2798712253570557,-1.6248321533203125,-1.2767503261566162,-1.6838480234146118,-1.2525216341018677,-1.7363762855529785,-1.1952438354492188,-1.7605900764465332,-1.1445550918579102,-1.745004415512085,-1.1385327577590942,-1.7474693059921265,-1.1689729690551758,-1.7770085334777832,-1.1902483701705933,-1.8469516038894653,-1.1741894483566284,-1.881232738494873,-1.1260539293289185,-1.8752487897872925,-1.0806405544281006,-1.8312833309173584,-1.081086277961731,-1.8077306747436523,-1.101073980331421,-1.8719514608383179,-1.1187409162521362,-1.9208821058273315,-1.1143791675567627,-1.8886940479278564,-1.1032688617706299,-1.8633360862731934,-1.0954066514968872,-1.8760440349578857,-1.09263014793396,-1.9585025310516357,-1.0748955011367798,-2.0280215740203857,-1.0713930130004883,-2.0699453353881836,-1.0750610828399658,-2.0633127689361572,-1.057602882385254,-2.057879686355591,-1.0259076356887817,-2.0707900524139404,-0.9983229637145996,-2.1126692295074463,-0.9841259717941284,-2.1610302925109863,-0.9821125268936157,-2.2116339206695557,-0.9979706406593323,-2.246009588241577,-1.0255709886550903,-2.2850730419158936,-1.0506106615066528,-2.334792137145996,-1.0429924726486206,-2.4422075748443604,-0.9247069954872131,-2.6062681674957275,-0.6885632872581482,-2.757991075515747,-0.44257402420043945,-2.9308931827545166,-0.22983665764331818,-3.128626585006714,-0.10885664820671082,-3.336444139480591,-0.01599564589560032,-3.5796639919281006,0.11114589124917984,-3.7537803649902344,0.25420302152633667,-3.86326003074646,0.3746986985206604,-3.8939902782440186,0.4475362002849579,-3.8864688873291016,0.41622453927993774,-3.9517364501953125,0.34732571244239807,-4.029356002807617,0.30536821484565735,-4.0752644538879395,0.309585303068161,-4.0301337242126465,0.3315492868423462,-3.91770339012146,0.2884778380393982,-3.826014280319214,0.22308318316936493,-3.820821762084961,0.1878037303686142,-3.854865074157715,0.2597486972808838,-3.8739206790924072,0.3318847417831421,-3.859309434890747,0.3287925720214844,-3.839256763458252,0.29980236291885376,-3.874098300933838,0.29400092363357544,-3.901927947998047,0.2893456816673279,-3.9052603244781494,0.26379698514938354,-3.8929030895233154,0.26141461730003357,-3.8857250213623047,0.2575564682483673,-3.8871209621429443,0.22846202552318573,-3.837646722793579,0.17363563179969788,-3.766287326812744,0.10832598060369492,-3.6623969078063965,0.028804246336221695,-3.6220543384552,-0.053203850984573364,-3.5983235836029053,-0.11140590906143188,-3.480517864227295,-0.09258847683668137,-3.3728904724121094,-0.08842357248067856,-3.323354959487915,-0.10587994754314423,-3.304516553878784,-0.10629483312368393,-3.296444892883301,-0.10229995101690292,-3.2623307704925537,-0.1457446962594986,-3.184246063232422,-0.20408979058265686,-3.110553503036499,-0.25834158062934875,-3.057408571243286,-0.28961288928985596,-3.0495927333831787,-0.34441861510276794,-3.015803575515747,-0.3822106122970581,-2.9495904445648193,-0.406432181596756,-2.8951289653778076,-0.4175693392753601,-2.8486883640289307,-0.41509753465652466,-2.7868659496307373,-0.39939847588539124,-2.721996307373047,-0.38416486978530884,-2.583987236022949,-0.4219107925891876,