{"bimodal":false,"column_names":[""],"dimension":2,"dimension_input":0,"label":"forme1-1","data":[-0.724993884563446,-1.2311515808105469,-0.9241521954536438,-1.2094782590866089,-1.1079622507095337,-1.1842477321624756,-1.3919163942337036,-1.0459481477737427,-1.6762785911560059,-0.7760629653930664,-2.025097131729126,-0.4718301296234131,-2.4366424083709717,-0.2656609117984772,-2.8404037952423096,-0.1228131502866745,-3.180619716644287,0.025580033659934998,-3.4422426223754883,0.14653070271015167,-3.614598512649536,0.1277102530002594,-3.682065963745117,0.06895393133163452,-3.6948435306549072,0.03198152408003807,-3.529351234436035,-0.07033895701169968,-3.4156458377838135,-0.19808094203472137,-3.3278961181640625,-0.2755007743835449,-3.2536425590515137,-0.30056238174438477,-3.251054525375366,-0.3296675384044647,-3.2609574794769287,-0.3593040704727173,-3.2299628257751465,-0.39612892270088196,-3.2250990867614746,-0.4074002802371979,-3.1794724464416504,-0.45175620913505554,-3.1754910945892334,-0.4672708511352539,-3.178154230117798,-0.46840840578079224,-3.162075996398926,-0.4615497887134552,-3.111818790435791,-0.4805540442466736,-3.0613911151885986,-0.5073533058166504,-3.0123302936553955,-0.5353013277053833,-2.9775733947753906,-0.5957924723625183,-2.9261975288391113,-0.6925933361053467,-2.856705665588379,-0.7727904915809631,-2.765610694885254,-0.8517721891403198,-2.70100998878479,-0.9024955034255981,-2.6633334159851074,-0.9310833811759949,-2.678740978240967,-0.9665348529815674,-2.660531520843506,-1.0011374950408936,-2.626462936401367,-1.0169671773910522,-2.5722296237945557,-1.0039833784103394,-2.5428600311279297,-0.9746213555335999,-2.6183841228485107,-0.9636972546577454,-2.7332119941711426,-0.9611485004425049,-2.8159306049346924,-0.954533040523529,-2.8324904441833496,-0.9401112198829651,-2.7652947902679443,-0.9324528574943542,-2.6859378814697266,-0.9363030791282654,-2.620784044265747,-0.9818658828735352,-2.560157537460327,-1.0779364109039307,-2.509183406829834,-1.168900728225708,-2.4246296882629395,-1.2619489431381226,-2.255579710006714,-1.362484097480774,-2.0879673957824707,-1.4489333629608154,-1.913524866104126,-1.5380421876907349,-1.817054271697998,-1.6326879262924194,-1.7191627025604248,-1.7275328636169434,-1.5970150232315063,-1.8200417757034302,-1.454953670501709,-1.9149539470672607,-1.3500036001205444,-1.9992551803588867,-1.2599034309387207,-2.0598037242889404,-1.1547317504882812,-2.0942516326904297,-1.0645703077316284,-2.122582197189331,-0.9755249619483948,-2.165491819381714,-0.9038240313529968,-2.209590435028076,-0.8624529242515564,-2.245680570602417,-0.8439927101135254,-2.289320707321167,-0.7715431451797485,-2.32603120803833,-0.7004026174545288,-2.36272931098938,-0.6351326107978821,-2.3828985691070557,-0.599227786064148,-2.399831533432007,-0.5886576771736145,-2.4107491970062256,-0.6050167083740234,-2.410888195037842,-0.6180312633514404,-2.4155187606811523,-0.5769233107566833,-2.4217610359191895,-0.5135510563850403,-2.410146713256836,-0.47482576966285706,-2.3997950553894043,-0.4889567494392395,-2.4010121822357178,-0.5126529335975647,-2.448315143585205,-0.5092352628707886,-2.493621587753296,-0.4313790202140808,-2.52402400970459,-0.3424443304538727,-2.540044069290161,-0.27088662981987,-2.5472981929779053,-0.2779207229614258,-2.5587563514709473,-0.28355270624160767,-2.567934513092041,-0.27096912264823914,-2.5660388469696045,-0.2747836709022522,-2.559582471847534,-0.27526313066482544,-2.563584804534912,-0.24652834236621857,-2.559237003326416,-0.21051262319087982,-2.550227165222168,-0.17932584881782532,-2.552480459213257,-0.156012624502182,-2.535447120666504,-0.11055608838796616,-2.492765426635742,-0.020543063059449196,-2.4642350673675537,0.056749507784843445,-2.469123125076294,0.07497497648000717,-2.5693087577819824,0.08351433277130127,-2.6798572540283203,0.13550010323524475,-2.755894184112549,0.29089999198913574,-2.858485460281372,0.46504083275794983,-2.9916586875915527,0.6437764763832092,-3.1198816299438477,0.7805884480476379,-3.246737480163574,0.9143689870834351,-3.33525013923645,1.0704889297485352,-3.3740804195404053,1.1597634553909302,-3.3783881664276123,1.2258021831512451,-3.3654730319976807,1.3100403547286987,-3.3009047508239746,1.3431357145309448,-3.2504637241363525,1.304174542427063,-3.2408347129821777,1.2576512098312378,-3.2412190437316895,1.1593598127365112,-3.2122743129730225,1.032887578010559,-3.14872407913208,0.935775876045227,-3.062549352645874,0.846371591091156,-2.90165638923645,0.6341943144798279,-2.734001874923706,0.35848668217658997,-2.6151561737060547,-0.012089749798178673,-2.525609254837036,-0.2840699851512909,-2.370969533920288,-0.4673757255077362,-2.201032876968384,-0.621131956577301,-2.0032265186309814,-0.8496667146682739,-1.8191825151443481,-1.065213918685913,-1.6850755214691162,-1.2912648916244507,-1.6179144382476807,-1.4849998950958252,-1.5727542638778687,-1.6416248083114624,-1.4937465190887451,-1.7262132167816162,-1.407397747039795,-1.7703527212142944,-1.3471298217773438,-1.7800153493881226,-1.327006220817566,-1.8061352968215942,-1.343794345855713,-1.8898483514785767,-1.3560329675674438,-1.964544415473938,-1.3226258754730225,-2.032270669937134,-1.2281450033187866,-2.069094181060791,-1.1051712036132812,-2.1062159538269043,-0.9974164962768555,-2.2016355991363525,-0.9450757503509521,-2.3624112606048584,-0.9299283623695374,-2.5186967849731445,-0.9056597352027893,-2.658557176589966,-0.8224833607673645,-2.712164878845215,-0.7322689890861511,-2.719195604324341,-0.6668336391448975,-2.731990337371826,-0.6547203660011292,-2.819345712661743,-0.6615896821022034,-2.91237735748291,-0.658890962600708,-2.956932783126831,-0.6395382881164551,-2.956979751586914,-0.6117986440658569,-2.9145045280456543,-0.5893462896347046,-2.882920742034912,-0.630086362361908,-2.8834714889526367,-0.6537426710128784,-2.8791534900665283,-0.6551869511604309,-2.873964309692383,-0.6476296782493591,-2.88456392288208,-0.6397275328636169,-2.9021875858306885,-0.6339096426963806,-2.9366836547851562,-0.632909893989563,-2.948124885559082,-0.6266063451766968,-2.955587863922119,-0.6140345931053162,-2.9596619606018066,-0.5929279923439026,-2.9899063110351562,-0.5966016054153442,-3.0127201080322266,-0.6076116561889648,-2.971822500228882,-0.6068727970123291,-2.8995048999786377,-0.6145097613334656,-2.824254035949707,-0.6470687389373779,-2.8123786449432373,-0.6580358743667603,-2.814472198486328,-0.6591268181800842,-2.7985382080078125,-0.6326448321342468,-2.78507924079895,-0.6149894595146179,-2.792295217514038,-0.6049531698226929,-2.854191780090332,-0.5841597318649292,-2.9050521850585938,-0.5673196315765381,-2.9216058254241943,-0.5534740090370178,-2.9179928302764893,-0.5623089075088501,-2.913146734237671,-0.5782350897789001,-2.911867618560791,-0.5862372517585754,-2.9182066917419434,-0.5854508280754089,-2.9193127155303955,-0.5853428840637207,-2.9158408641815186,-0.5953157544136047,-2.9005048274993896,-0.6018449664115906,-2.8840525150299072,-0.589054524898529,-2.8739852905273438,-0.5755587220191956,-2.886464834213257,-0.5809578895568848,-2.9017581939697266,-0.6032885313034058,-2.872313976287842,-0.5849233269691467,-2.8743700981140137,-0.5577226281166077,-2.8796451091766357,-0.535528302192688,-2.8464906215667725,-0.5337288975715637,-2.760063409805298,-0.5886734127998352,-2.668285369873047,-0.650088369846344,-2.5622665882110596,-0.7471809387207031,-2.496715784072876,-0.8452351689338684,-2.4357144832611084,-0.9008035063743591,-2.334791898727417,-0.8950992226600647,-2.222625970840454,-0.8996898531913757,-2.0888776779174805,-0.9556438326835632,-2.0059638023376465,-1.0170786380767822,-1.9717872142791748,-1.0646018981933594,-1.9536714553833008,-1.0979520082473755,-1.8960232734680176,-1.13202702999115,-1.76002037525177,-1.1726881265640259,-1.6124038696289062,-1.1938281059265137,-1.5103298425674438,-1.2377361059188843,-1.3913252353668213,-1.3540470600128174,-1.1992756128311157,-1.5146143436431885,-0.8773372769355774,-1.7717113494873047,-0.46528464555740356,-1.9523454904556274,-0.0989975780248642,