{"bimodal":false,"column_names":[""],"dimension":2,"dimension_input":0,"label":"forme1-1","data":[0.1208440288901329,10.05080509185791,0.2255374938249588,10.166657447814941,-5.0635528564453125,10.121206283569336,-5.7625532150268555,10.049025535583496,-2.4622199535369873,10.208658218383789,-0.2125844806432724,10.450114250183105,2.755354881286621,10.288235664367676,2.6614954471588135,10.607544898986816,0.6954149603843689,10.123943328857422,-0.5662133693695068,10.437828063964844,1.995749592781067,10.222061157226562,4.649847507476807,10.22655963897705,4.430638790130615,10.436235427856445,-10.262651443481445,8.815569877624512,-10.984359741210938,4.621922016143799,-10.041061401367188,4.157341003417969,-11.365669250488281,4.653661727905273,-11.273599624633789,3.9589457511901855,-10.1607666015625,0.40101364254951477,-11.394460678100586,-2.0516045093536377,-11.139598846435547,-1.8888750076293945,-10.500713348388672,-4.034873008728027,-9.00097942352295,-10.221078872680664,-1.5336664915084839,-10.042806625366211,-1.3656951189041138,-10.224292755126953,-2.7148826122283936,-11.095073699951172,-2.7574470043182373,-11.34830093383789,10.334307670593262,-3.4566361904144287,10.230888366699219,10.26173210144043,10.392583847045898,7.085434913635254,10.668866157531738,5.815517425537109,10.222349166870117,-2.2591707706451416,5.267950057983398,-10.065274238586426,-3.8468880653381348,-10.155335426330566,-4.4848856925964355,-10.888883590698242,-3.9756581783294678,-10.306794166564941,-10.600510597229004,-8.09780216217041,-11.109074592590332,-4.155191898345947,-10.249098777770996,-3.7052292823791504,-10.021162033081055,-4.073706150054932,-10.069665908813477,-3.905735731124878,-10.517817497253418,-3.4442412853240967,-10.80994987487793,-2.820775270462036,-10.624223709106445,-2.742824077606201,-10.401545524597168,-1.5047450065612793,-10.750985145568848,-0.447986364364624,-10.734780311584473,2.623692512512207,-10.365062713623047,6.505257606506348,2.077021837234497,10.05199146270752,6.964849948883057,10.39564037322998,8.023908615112305,10.428825378417969,7.728304386138916,10.098121643066406,4.377750873565674,10.002256393432617,1.4968860149383545,10.212166786193848,0.7168328166007996,10.153288841247559,-4.636610984802246,10.92586898803711,-7.957487106323242,10.348919868469238,-11.04929256439209,6.679532527923584,-10.006702423095703,4.741631031036377,-10.506409645080566,-0.9991821050643921,-5.609992980957031,-10.780036926269531,-0.35951507091522217,-10.102334976196289,-2.194789409637451,-10.38899040222168,-6.714240550994873,-10.325464248657227,-8.516447067260742,-10.125036239624023,-4.773299694061279,-10.285345077514648,-2.6206657886505127,-10.403849601745605,-3.3452389240264893,-10.199085235595703,-3.605342149734497,-10.283434867858887,-3.4099678993225098,-10.61030101776123,-3.321197271347046,-10.644740104675293,-3.3248367309570312,-10.759265899658203,-2.1518075466156006,-10.205090522766113,0.6654792428016663,-10.5033597946167,10.205551147460938,-10.356096267700195,10.035778045654297,-3.717496156692505,10.020224571228027,1.393013834953308,10.986477851867676,1.7240256071090698,10.141047477722168,0.8115851879119873,10.66124153137207,-1.1936829090118408,10.058971405029297,-2.570725440979004,10.604999542236328,-1.464924931526184,10.042902946472168,-0.6616472601890564,10.304450988769531,0.4544382691383362,10.887624740600586,0.5161997675895691,10.399494171142578,1.001220464706421,10.416223526000977,-0.3082802891731262,10.578468322753906,0.04711382836103439,10.01648235321045,-0.19682535529136658,10.805733680725098,0.361117422580719,10.77846622467041,0.5283241868019104,10.111747741699219,0.02557121217250824,10.378120422363281,0.4061554968357086,10.525860786437988,0.16887128353118896,10.746604919433594,0.8775392770767212,10.479573249816895,2.4288620948791504,10.414389610290527,6.895780563354492,4.639042377471924,10.549766540527344,-0.21078450977802277,10.806708335876465,-0.8409126996994019,10.102758407592773,-0.8021970391273499,10.303956031799316,-0.7186939120292664,10.459023475646973,-0.4335055947303772,10.402840614318848,0.24582810699939728,11.125090599060059,0.3709021806716919,10.899809837341309,1.003086805343628,10.652788162231445,1.363059401512146,10.301024436950684,2.550746202468872,10.857417106628418,3.456327438354492,10.320908546447754],"data_input":[],"data_output":[],"length":109}