{"bimodal":false,"column_names":[""],"dimension":2,"dimension_input":0,"label":"forme1-1","data":[-1.3549365997314453,-0.2946813106536865,-1.5950844287872314,-0.45142096281051636,-1.6793142557144165,-0.50761479139328,-1.868556261062622,-0.6316637396812439,-1.8604755401611328,-0.7292554378509521,-2.048924684524536,-0.8002005815505981,-2.070204257965088,-0.9344542622566223,-2.0028834342956543,-1.0512146949768066,-2.0406441688537598,-1.1122504472732544,-2.1703765392303467,-1.0653458833694458,-2.213407516479492,-1.0456620454788208,-2.27433705329895,-1.039851188659668,-2.449464797973633,-1.1818586587905884,-2.399190902709961,-1.3717200756072998,-2.3915185928344727,-1.4841409921646118,-2.6592214107513428,-1.4671406745910645,-2.790276527404785,-1.4464762210845947,-2.765738010406494,-1.4669147729873657,-2.6950626373291016,-1.5425666570663452,-2.724055290222168,-1.5958794355392456,-2.7125513553619385,-1.6450855731964111,-2.6323933601379395,-1.7140361070632935,-2.6114165782928467,-1.770706057548523,-2.817148447036743,-1.7487365007400513,-2.991525411605835,-1.717605710029602,-3.026416778564453,-1.7003117799758911,-2.9845333099365234,-1.6828906536102295,-2.971033811569214,-1.6674805879592896,-3.0212113857269287,-1.689399003982544,-3.0471177101135254,-1.7306594848632812,-3.016714096069336,-1.787976622581482,-3.0128095149993896,-1.839529275894165,-3.0054287910461426,-1.8856523036956787,-2.91182804107666,-1.940796136856079,-2.8195319175720215,-1.9944517612457275,-2.7714881896972656,-2.0270111560821533,-2.7627577781677246,-2.0346553325653076,-2.7577836513519287,-2.0397021770477295,-2.6685240268707275,-2.033665657043457,-2.5588719844818115,-2.0556459426879883,-2.505401372909546,-2.0655574798583984,-2.4755568504333496,-2.076369524002075,-2.4383883476257324,-2.092057228088379,-2.3847203254699707,-2.089693784713745,-2.342705488204956,-2.073582649230957,-2.3068032264709473,-2.0445756912231445,-2.282094955444336,-2.0248374938964844,-2.276487112045288,-2.0145962238311768,-2.249105453491211,-1.9881714582443237,-2.178924322128296,-1.9869815111160278,-2.00439715385437,-2.029803514480591,-1.7731510400772095,-2.128023386001587,-1.5767186880111694,-2.2342891693115234,-1.4382753372192383,-2.3393986225128174,-1.3354880809783936,-2.4077274799346924,-1.225416898727417,-2.4477763175964355,-1.1125565767288208,-2.4817588329315186,-0.969188392162323,-2.5402462482452393,-0.8726683259010315,-2.6376612186431885,-0.8120126128196716,-2.706990957260132,-0.8116106390953064,-2.6885125637054443,-0.7786478400230408,-2.6359400749206543,-0.7229344844818115,-2.589529514312744,-0.6452993750572205,-2.5605368614196777,-0.6094416975975037,-2.5613484382629395,-0.6073666214942932,-2.5742743015289307,-0.6214105486869812,-2.616976022720337,-0.5890870094299316,-2.651718854904175,-0.4578847289085388,-2.6670360565185547,-0.3403821587562561,-2.66586971282959,-0.25650593638420105,-2.6647932529449463,-0.2338586300611496,-2.666476011276245,-0.2311333268880844,-2.6787683963775635,-0.22876200079917908,-2.6989805698394775,-0.19749832153320312,-2.7212440967559814,-0.13734294474124908,-2.736053466796875,-0.04615933448076248,-2.737067937850952,0.0032218140549957752,-2.743861436843872,0.015808705240488052,-2.7666847705841064,-0.03213959187269211,-2.8050856590270996,-0.0321994312107563,-2.811101198196411,0.004397982265800238,-2.8086369037628174,0.060364026576280594,-2.7937283515930176,0.05040208622813225,-2.7899374961853027,-0.010304060764610767,-2.7929093837738037,-0.07911431044340134,-2.7825779914855957,-0.1231146901845932,-2.7701268196105957,-0.15944932401180267,-2.7474465370178223,-0.19146867096424103,-2.696826934814453,-0.21108998358249664,-2.650906562805176,-0.2912635803222656,-2.5946524143218994,-0.3796790838241577,-2.553795576095581,-0.4401424825191498,-2.5616302490234375,-0.49171963334083557,-2.578494071960449,-0.5260875821113586,-2.5806503295898438,-0.5489580035209656,-2.549041748046875,-0.5748692154884338,-2.4959983825683594,-0.6895056962966919,-2.3896048069000244,-0.88271164894104,-2.2686805725097656,-1.0643696784973145,-2.149822473526001,-1.2323286533355713,-2.0044190883636475,-1.3742917776107788,-1.8618472814559937,-1.52446448802948,-1.746591567993164,-1.6933848857879639,-1.6680482625961304,-1.8397548198699951,-1.5924432277679443,-1.9713023900985718,-1.5052098035812378,-2.1053192615509033,-1.3936214447021484,-2.2337067127227783,-1.3043311834335327,-2.3593695163726807,-1.262099266052246,-2.452472448348999,-1.2549954652786255,-2.5273609161376953,-1.247534990310669,-2.579906702041626,-1.2327073812484741,-2.593175172805786,-1.1866427659988403,-2.5831494331359863,-1.1514427661895752,-2.5944406986236572,-1.1583106517791748,-2.61312198638916,-1.1538115739822388,-2.6213228702545166,-1.1439071893692017,-2.622824192047119,-1.1134687662124634,-2.631649971008301,-1.0703423023223877,-2.722169876098633,-0.9914509057998657,-2.814018964767456,-0.9374178647994995,-2.8882617950439453,-0.9343245625495911,-2.9504189491271973,-0.9393593072891235,-3.035048723220825,-0.8981451392173767,-3.126448154449463,-0.8353850841522217,-3.2026805877685547,-0.7814798951148987,-3.188582420349121,-0.7939714789390564,-3.145312786102295,-0.8231779336929321,-3.113478183746338,-0.8478429317474365,-3.1140053272247314,-0.8522849082946777,-3.113860845565796,-0.8520403504371643,-3.0729451179504395,-0.8648606538772583,-3.0042877197265625,-0.8935503363609314,-2.9301652908325195,-0.9206311702728271,-2.928037405014038,-0.9209269285202026,-2.957122564315796,-0.8998472094535828,-2.979402780532837,-0.8698888421058655,-2.9480416774749756,-0.8773927092552185,-2.901686906814575,-0.9072121977806091,-2.8741650581359863,-0.9507103562355042,-2.8987324237823486,-0.9575839042663574,-2.931035280227661,-0.9352728128433228,-2.9004809856414795,-0.9697245955467224,-2.8674814701080322,-1.0025652647018433,-2.889754295349121,-0.9968799948692322,-2.9212632179260254,-0.9655205011367798,-2.943037986755371,-0.9342142343521118,-2.9383232593536377,-0.9422848224639893,-2.9194045066833496,-0.951583206653595,-2.900291681289673,-0.9304023385047913,-2.9209706783294678,-0.9102907776832581,-2.9423084259033203,-0.9007360339164734,-2.932523727416992,-0.9101914763450623,-2.895449161529541,-0.9252284169197083,-2.8387229442596436,-0.9434774518013,-2.847646951675415,-0.9608756303787231,-2.894580841064453,-0.9422122836112976,-2.9133694171905518,-0.9094645977020264,-2.893857717514038,-0.8854200839996338,-2.886406898498535,-0.8682926297187805,-2.8948590755462646,-0.8583378195762634,-2.9337899684906006,-0.8546457290649414,-2.959182024002075,-0.8531617522239685,-2.9366085529327393,-0.8623870611190796,-2.9140548706054688,-0.8676796555519104,-2.8334314823150635,-0.9111303091049194,-2.6328113079071045,-0.9876497983932495,-2.3595030307769775,-1.0490058660507202,-2.0792524814605713,-1.155160903930664,-1.841783881187439,-1.3025389909744263,-1.6550558805465698,-1.473032832145691,-1.4961658716201782,-1.5988270044326782,-1.2900880575180054,-1.681999683380127,-1.0407462120056152,-1.764291763305664,-0.8270901441574097,-1.8420568704605103,-0.6563052535057068,-1.9086930751800537,-0.4764454662799835,-1.9579423666000366,-0.286048948764801,-2.003509998321533,-0.0600891187787056,-2.0613954067230225,0.1756189912557602,-2.1606504917144775,0.3910573720932007,-2.2585442066192627,0.6107642650604248,-2.337320327758789,0.8178035020828247,-2.411961555480957,1.0247325897216797,-2.4827044010162354,1.2487692832946777,-2.538114547729492,1.4514979124069214,-2.583827257156372,1.6828949451446533,-2.5871474742889404,1.8680349588394165,-2.45255184173584,1.986018180847168,-2.251201868057251,2.028832197189331,-1.9813741445541382,2.0237507820129395,-1.7573573589324951,2.0237739086151123,-1.578255295753479,2.112220525741577,-1.431684970855713,2.193906784057617,-1.3290064334869385,2.2674407958984375,-1.1934330463409424,2.356424331665039,-1.0441234111785889,2.4476518630981445,-0.8523361682891846,2.434130907058716,-0.6803786754608154,2.3949456214904785,-0.545274555683136,2.42460036277771,-0.44006606936454773,2.5530972480773926,