{"bimodal":false,"column_names":[""],"dimension":2,"dimension_input":0,"label":"forme1-1","data":[-0.5482298731803894,0.4048902988433838,-0.6375550627708435,0.13901296257972717,-0.8304405808448792,-0.053808096796274185,-0.8896258473396301,-0.19744321703910828,-1.1942288875579834,-0.41336819529533386,-1.448454737663269,-0.6906647086143494,-1.7553523778915405,-0.7502118945121765,-1.935414433479309,-0.9244922399520874,-2.1538643836975098,-1.0077017545700073,-2.3042876720428467,-1.0848188400268555,-2.4488883018493652,-1.197121262550354,-2.486957550048828,-1.3532888889312744,-2.481752634048462,-1.469994068145752,-2.5310370922088623,-1.588159203529358,-2.61816143989563,-1.6446510553359985,-2.7067158222198486,-1.639005184173584,-2.7466304302215576,-1.7243919372558594,-2.850876808166504,-1.7306534051895142,-2.897763967514038,-1.7456318140029907,-2.953845739364624,-1.7442455291748047,-2.9552693367004395,-1.7631298303604126,-2.946199893951416,-1.8091155290603638,-2.943643093109131,-1.8549292087554932,-2.9528133869171143,-1.8539018630981445,-3.0143048763275146,-1.7978971004486084,-3.092250108718872,-1.7424087524414062,-3.1565537452697754,-1.7109320163726807,-3.196280002593994,-1.70661461353302,-3.2493090629577637,-1.6929672956466675,-3.3419101238250732,-1.665071964263916,-3.415034532546997,-1.6491395235061646,-3.4170589447021484,-1.67042076587677,-3.3823392391204834,-1.6954602003097534,-3.387172222137451,-1.6947845220565796,-3.407726287841797,-1.6991959810256958,-3.416534423828125,-1.7161047458648682,-3.4012558460235596,-1.7378108501434326,-3.375307559967041,-1.7605904340744019,-3.3494555950164795,-1.7647101879119873,-3.3145499229431152,-1.7856436967849731,-3.2988007068634033,-1.8121904134750366,-3.3121495246887207,-1.8192052841186523,-3.2688870429992676,-1.8097599744796753,-3.2156825065612793,-1.808080792427063,-3.165243625640869,-1.8170948028564453,-3.1442222595214844,-1.8340216875076294,-3.1394429206848145,-1.846673846244812,-3.1335878372192383,-1.8604620695114136,-3.103839874267578,-1.8799046277999878,-3.0309269428253174,-1.910581350326538,-2.998253583908081,-1.8993505239486694,-3.0021021366119385,-1.886719822883606,-3.0089359283447266,-1.9108527898788452,-2.962219476699829,-1.9564399719238281,-2.9031312465667725,-2.007600784301758,-2.8056528568267822,-2.05000638961792,-2.706395149230957,-2.083202838897705,-2.621126890182495,-2.1126182079315186,-2.537597179412842,-2.151547908782959,-2.442354202270508,-2.1877546310424805,-2.3156816959381104,-2.200317144393921,-2.217003107070923,-2.1877071857452393,-2.1344728469848633,-2.1892666816711426,-2.007262706756592,-2.240577459335327,-1.749939203262329,-2.373019218444824,-1.425804615020752,-2.48134446144104,-1.1124790906906128,-2.5534346103668213,-0.8308929800987244,-2.588989496231079,-0.6556178331375122,-2.6012134552001953,-0.5220221877098083,-2.656572103500366,-0.3827280104160309,-2.799116849899292,-0.1373273730278015,-2.9779653549194336,0.1344708949327469,-3.1528162956237793,0.37131306529045105,-3.2911243438720703,0.5627247095108032,-3.3926618099212646,0.7355048656463623,-3.4692530632019043,1.0093830823898315,-3.5447170734405518,1.1819372177124023,-3.6179277896881104,1.3912713527679443,-3.698887348175049,1.5778918266296387,-3.76993989944458,1.6873630285263062,-3.7991042137145996,1.6609572172164917,-3.7782552242279053,1.6109154224395752,-3.750831365585327,1.6074309349060059,-3.7294132709503174,1.677781343460083,-3.731334924697876,1.7467889785766602,-3.7475521564483643,1.7544692754745483,-3.7518012523651123,1.7182939052581787,-3.720902442932129,1.6009989976882935,-3.6647322177886963,1.5142830610275269,-3.6361563205718994,1.4838242530822754,-3.6244585514068604,1.4642372131347656,-3.6386120319366455,1.3889392614364624,-3.652894973754883,1.2269362211227417,-3.687140703201294,1.0901050567626953,-3.7013204097747803,1.014970302581787,-3.6890289783477783,0.951126754283905,-3.6322059631347656,0.8615832924842834,-3.547015905380249,0.6496801972389221,-3.3743538856506348,0.36383816599845886,-3.1223692893981934,0.06573201715946198,-2.836146354675293,-0.32178667187690735,-2.466846466064453,-0.7131158113479614,-2.1217777729034424,-1.0541306734085083,-1.8253717422485352,-1.4423662424087524,-1.5498991012573242,-1.8292045593261719,-1.2893925905227661,-2.2063136100769043,-1.0369884967803955,-2.4920129776000977,-0.8249745965003967,-2.7118873596191406,-0.6438180208206177,-2.9689345359802246,-0.47253909707069397,-3.2737555503845215,-0.32506656646728516,-3.547839641571045,-0.2175983190536499,-3.756366491317749,-0.15982848405838013,-3.921149492263794,-0.10553080588579178,-4.053200721740723,-0.06239200755953789,-4.113394260406494,-0.06042112410068512,-4.140195846557617,-0.07433916628360748,-4.128739356994629,-0.09024826437234879,-4.106405735015869,-0.10862397402524948,-4.0867767333984375,-0.13967686891555786,-4.0321221351623535,-0.17893865704536438,-3.9102206230163574,-0.2086915522813797,-3.8201897144317627,-0.24074813723564148,-3.800039291381836,-0.2659291923046112,-3.802788496017456,-0.2756574749946594,-3.7945611476898193,-0.25739219784736633,-3.7632575035095215,-0.240297332406044,-3.7211246490478516,-0.24158219993114471,-3.7275612354278564,-0.24804498255252838,-3.7305402755737305,-0.24933482706546783,-3.6982555389404297,-0.261847585439682,-3.693729877471924,-0.2752811908721924,-3.7005131244659424,-0.2812992334365845,-3.6760642528533936,-0.284880667924881,-3.6195454597473145,-0.3183649480342865,-3.5686399936676025,-0.4016697406768799,-3.5208609104156494,-0.5359347462654114,-3.4502413272857666,-0.6804507374763489,-3.312088966369629,-0.8285430669784546,-3.1516077518463135,-0.9724778532981873,-3.0440330505371094,-1.0715630054473877,-2.9752235412597656,-1.0815168619155884,-2.926090955734253,-1.07338285446167,-2.8452415466308594,-1.069083333015442,-2.7556161880493164,-1.0767828226089478,-2.6918160915374756,-1.078155279159546,-2.6727454662323,-1.0750678777694702,-2.6860649585723877,-1.0718679428100586,-2.6983158588409424,-1.0719830989837646,-2.7071142196655273,-1.058470368385315,-2.718390464782715,-1.0350679159164429,-2.719353199005127,-1.0291088819503784,-2.7272791862487793,-1.0353283882141113,-2.755843162536621,-1.047054648399353,-2.7819464206695557,-1.02629554271698,-2.773012399673462,-1.0098838806152344,-2.76507830619812,-1.0104421377182007,-2.781338930130005,-1.023240089416504,-2.798809289932251,-0.9885324239730835,-2.814375400543213,-0.9497683644294739,-2.824223279953003,-0.9306724667549133,-2.9448819160461426,-0.9518768787384033,-2.9400758743286133,-0.9717506170272827,-2.9215238094329834,-0.950536847114563,-2.8994600772857666,-0.9211732149124146,-2.8764004707336426,-0.9238021373748779,-2.8602805137634277,-0.9396833777427673,-2.8595752716064453,-0.9361388087272644,-2.85260272026062,-0.9252634644508362,-2.8216209411621094,-0.9440414905548096,-2.7707459926605225,-0.9574328660964966,-2.698780059814453,-0.9494781494140625,-2.528709888458252,-0.9806820154190063,-2.3189311027526855,-1.0813177824020386,-2.1382880210876465,-1.1629117727279663,-1.9459713697433472,-1.1774991750717163,-1.7012304067611694,-1.2138166427612305,-1.4614030122756958,-1.2673593759536743,-1.1410036087036133,-1.3367563486099243,-0.7606251835823059,-1.3942515850067139,-0.3943279981613159,-1.4564030170440674,-0.01601066254079342,-1.5836116075515747,0.3166807293891907,-1.7323168516159058,0.6209630966186523,-1.896837830543518,0.9538674354553223,-2.0251502990722656,1.2643022537231445,-2.1450095176696777,1.6118427515029907,-2.2827987670898438,1.9654525518417358,-2.4081952571868896,2.2882535457611084,-2.510423421859741,2.5968353748321533,-2.572099447250366,2.792679786682129,-2.62123703956604,2.931365966796875,-2.63798451423645,3.089660167694092,-2.630338668823242,3.310605764389038,-2.5901806354522705,3.500444173812866,-2.5526416301727295,3.627103328704834,-2.5162241458892822,3.639641284942627,-2.4687986373901367,3.585491418838501,-2.386014461517334,3.521167755126953,-2.309319496154785,3.4995596408843994,-2.2601747512817383,3.533466339111328,-2.2390620708465576,3.6486690044403076,