{"bimodal":false,"column_names":[""],"dimension":2,"dimension_input":0,"label":"forme1-1","data":[-1.167553186416626,-1.0909006595611572,-1.310439109802246,-1.0441514253616333,-1.421132206916809,-0.9584330916404724,-1.6225671768188477,-0.9644500613212585,-1.8239643573760986,-0.7845764756202698,-2.018340587615967,-0.6213635802268982,-2.264883279800415,-0.5728837251663208,-2.4165151119232178,-0.5089120268821716,-2.5118837356567383,-0.5315039753913879,-2.59971284866333,-0.5133082270622253,-2.5708870887756348,-0.5472580790519714,-2.5939319133758545,-0.5289527177810669,-2.6321730613708496,-0.5060734152793884,-2.6612420082092285,-0.533406674861908,-2.6558704376220703,-0.4970483183860779,-2.7152256965637207,-0.48113566637039185,-2.6912877559661865,-0.4542219638824463,-2.6732802391052246,-0.4478575587272644,-2.6167237758636475,-0.5084900259971619,-2.5534353256225586,-0.488537460565567,-2.5171151161193848,-0.49041271209716797,-2.4829931259155273,-0.567227840423584,-2.422772169113159,-0.724401593208313,-2.3236513137817383,-0.8626918792724609,-2.2082765102386475,-0.9701002240180969,-2.1153647899627686,-1.0411310195922852,-1.9962403774261475,-1.0950117111206055,-1.9185737371444702,-1.139664649963379,-1.874404788017273,-1.163832664489746,-1.834722876548767,-1.1831284761428833,-1.7999882698059082,-1.200139045715332,-1.7788413763046265,-1.2212564945220947,-1.7562243938446045,-1.270717978477478,-1.6716738939285278,-1.3302898406982422,-1.5935778617858887,-1.3867523670196533,-1.550908088684082,-1.427833080291748,-1.5280102491378784,-1.4309322834014893,-1.506649136543274,-1.4336363077163696,-1.487330436706543,-1.4587862491607666,-1.4675679206848145,-1.4716989994049072,-1.4638564586639404,-1.4682319164276123,-1.4558584690093994,-1.468387246131897,-1.4432405233383179,-1.482079267501831,-1.4301859140396118,-1.510105848312378,-1.437611699104309,-1.549322247505188,-1.4435073137283325,-1.5850728750228882,-1.4537827968597412,-1.6173276901245117,-1.494938850402832,-1.6274043321609497,-1.5369913578033447,-1.6276988983154297,-1.5658910274505615,-1.6074687242507935,-1.5836721658706665,-1.5766284465789795,-1.6109341382980347,-1.5334504842758179,-1.630266785621643,-1.5148119926452637,-1.6322455406188965,-1.5046080350875854,-1.5907474756240845,-1.5315195322036743,-1.5241764783859253,-1.5689641237258911,-1.471544623374939,-1.6011366844177246,-1.442459225654602,-1.6108696460723877,-1.4378340244293213,-1.6126209497451782,-1.4498361349105835,-1.6153936386108398,-1.478841781616211,-1.6077642440795898,-1.5108729600906372,-1.593815565109253,-1.5315667390823364,-1.553926706314087,-1.5570021867752075,-1.527366280555725,-1.5157047510147095,-1.5479286909103394,-1.4826993942260742,-1.564397931098938,-1.4021265506744385,-1.6016018390655518,-1.3494333028793335,-1.5996224880218506,-1.3281341791152954,-1.6003130674362183,-1.2994405031204224,-1.6204102039337158,-1.2306143045425415,-1.6495788097381592,-1.1553186178207397,-1.6620903015136719,-1.0745298862457275,-1.6763665676116943,-1.006951928138733,-1.7139184474945068,-0.9278967976570129,-1.756866455078125,-0.7686165571212769,-1.8442118167877197,-0.5675356388092041,-1.9656550884246826,-0.4042176306247711,-2.035576581954956,-0.10450733453035355,-2.1808371543884277,0.19993768632411957,-2.345625877380371,0.4680979251861572,-2.545065402984619,0.6495272517204285,-2.6837708950042725,0.7733818292617798,-2.70540452003479,0.8191889524459839,-2.6360280513763428,0.8202767968177795,-2.564152717590332,0.7564336061477661,-2.4750518798828125,0.6764402985572815,-2.38645339012146,0.569966733455658,-2.299407958984375,0.5256619453430176,-2.235057830810547,0.6227531433105469,-2.234398365020752,0.6858018040657043,-2.269066572189331,0.6206187009811401,-2.263899803161621,0.5222983956336975,-2.251969337463379,0.4631507098674774,-2.2405762672424316,0.4732818603515625,-2.2282874584198,0.4787393808364868,-2.196942090988159,0.46273064613342285,-2.1619086265563965,0.39741256833076477,-2.136875629425049,0.30953624844551086,-2.12172794342041,0.2428937703371048,-2.1124203205108643,0.26874011754989624,-2.1087357997894287,0.3207576274871826,-2.1190574169158936,0.36485880613327026,-2.156130790710449,0.3769594430923462,-2.220186233520508,0.39153823256492615,-2.2808218002319336,0.44534429907798767,-2.3234808444976807,0.5060174465179443,-2.3502016067504883,0.5178081393241882,-2.3632328510284424,0.4988354742527008,-2.357848882675171,0.4932456910610199,-2.3504202365875244,0.4542633891105652,-2.3034937381744385,0.4029886722564697,-2.257085084915161,0.3301312029361725,-2.2205147743225098,0.28709009289741516,-2.2127060890197754,0.2644004821777344,-2.217313766479492,0.25460800528526306,-2.2075417041778564,0.24536588788032532,-2.2025883197784424,0.24807453155517578,-2.213675022125244,0.28092217445373535,-2.250493288040161,0.30917099118232727,-2.279503107070923,0.28432416915893555,-2.283951997756958,0.18045908212661743,-2.2335927486419678,0.07499706745147705,-2.1664669513702393,-0.036483846604824066,-2.0545318126678467,-0.1524338275194168,-1.9375483989715576,-0.2822648584842682,-1.8357717990875244,-0.5106832385063171,-1.6929072141647339,-0.7512442469596863,-1.5212891101837158,-1.0215542316436768,-1.3279322385787964,-1.230609655380249,-1.1647478342056274,-1.3993465900421143,-1.0646133422851562,-1.5888417959213257,-1.0777270793914795,-1.786739706993103,-1.062402367591858,-1.9453803300857544,-0.997303307056427,-2.061142921447754,-0.8787499666213989,-2.137441635131836,-0.8320096731185913,-2.205164670944214,-0.8215744495391846,-2.299833059310913,-0.8167409896850586,-2.3410956859588623,-0.8065032958984375,-2.3260231018066406,-0.8238053917884827,-2.304457187652588,-0.8504117131233215,-2.275313377380371,-0.8513137698173523,-2.25274658203125,-0.847819447517395,-2.243319272994995,-0.8469251394271851,-2.2172372341156006,-0.8871190547943115,-2.1747779846191406,-0.8869665861129761,-2.150653600692749,-0.8997074961662292,-2.1615755558013916,-0.9033458828926086,-2.2241923809051514,-0.8845115303993225,-2.3049752712249756,-0.8741481304168701,-2.361198663711548,-0.8781243562698364,-2.363891124725342,-0.895707905292511,-2.3704452514648438,-0.8648561239242554,-2.3913981914520264,-0.8320947289466858,-2.4330856800079346,-0.8292157053947449,-2.4701128005981445,-0.8439878821372986,-2.4628114700317383,-0.8515976667404175,-2.431520938873291,-0.8691725730895996,-2.4096102714538574,-0.8856791257858276,-2.401757001876831,-0.8674505352973938,-2.387047529220581,-0.8433065414428711,-2.3541159629821777,-0.8379421234130859,-2.3689680099487305,-0.8373709321022034,-2.3881478309631348,-0.8265892863273621,-2.3805508613586426,-0.8273103833198547,-2.3480210304260254,-0.8351929187774658,-2.3366096019744873,-0.8288424015045166,-2.390207529067993,-0.7948169708251953,-2.4337661266326904,-0.7716979384422302,-2.429274320602417,-0.7751649618148804,-2.3918421268463135,-0.8083203434944153,-2.4006786346435547,-0.7935558557510376,-2.409959554672241,-0.7630687355995178,-2.4019322395324707,-0.7482199668884277,-2.3836350440979004,-0.7682839035987854,-2.375518321990967,-0.7892600893974304,-2.3750853538513184,-0.7825189232826233,-2.3687283992767334,-0.7697760462760925,-2.350482225418091,-0.7739360928535461,-2.3539888858795166,-0.7956269383430481,-2.381103992462158,-0.7805960178375244,-2.3889687061309814,-0.7544584274291992,-2.374842882156372,-0.7350813150405884,-2.3560001850128174,-0.7324511408805847,-2.3606231212615967,-0.7474198937416077,-2.40810227394104,-0.7296953201293945,-2.4417319297790527,-0.6942847967147827,-2.4219069480895996,-0.6585631966590881,-2.383845806121826,-0.6816392540931702,-2.3626699447631836,-0.7198669910430908,-2.374112129211426,-0.7268610000610352,-2.349536180496216,-0.7241013050079346,-2.3347175121307373,-0.7188249230384827,-2.323606491088867,-0.711096465587616,-2.330308437347412,-0.7192614078521729,-2.3195865154266357,-0.731899619102478,-2.3048925399780273,-0.7276501059532166,-2.31817626953125,-0.6947612166404724,-2.3427584171295166,-0.6835500597953796,-2.3589563369750977,-0.6771705150604248,-2.365023374557495,