{"bimodal":false,"column_names":[""],"dimension":2,"dimension_input":0,"label":"forme1-1","data":[-0.1323975920677185,0.08777853846549988,-0.6930165886878967,0.0352061502635479,-0.8140891790390015,-0.0895296111702919,-1.1085091829299927,-0.12877584993839264,-1.486297607421875,-0.06261447817087173,-1.8336408138275146,-0.04264727979898453,-2.219479560852051,-0.1347149908542633,-2.591676712036133,-0.2049519121646881,-2.7522950172424316,-0.266250878572464,-2.890091896057129,-0.45320460200309753,-3.0333034992218018,-0.5303189754486084,-3.056967258453369,-0.6545021533966064,-3.069514513015747,-0.7696382999420166,-3.1099724769592285,-0.8507668972015381,-3.089813709259033,-0.9164549708366394,-3.1334640979766846,-0.981738805770874,-3.2020061016082764,-1.0905197858810425,-3.1952226161956787,-1.1622830629348755,-3.210171699523926,-1.244888424873352,-3.2105257511138916,-1.3359131813049316,-3.102668046951294,-1.47718346118927,-3.0279338359832764,-1.5870448350906372,-2.971708297729492,-1.6750279664993286,-2.8732807636260986,-1.7460336685180664,-2.8372209072113037,-1.7844284772872925,-2.8436343669891357,-1.7965046167373657,-2.8726789951324463,-1.8136866092681885,-2.86849045753479,-1.8383291959762573,-2.781397819519043,-1.8767021894454956,-2.747349500656128,-1.9021755456924438,-2.7496261596679688,-1.9122544527053833,-2.7287464141845703,-1.9303088188171387,-2.6177639961242676,-1.977524995803833,-2.5123720169067383,-2.0253264904022217,-2.46051287651062,-2.0557143688201904,-2.4831321239471436,-2.082801342010498,-2.4999988079071045,-2.099419593811035,-2.455427885055542,-2.1066882610321045,-2.3910274505615234,-2.129952907562256,-2.417032480239868,-2.1114437580108643,-2.4249043464660645,-2.1003212928771973,-2.372509717941284,-2.1118063926696777,-2.290620803833008,-2.1368696689605713,-2.234407663345337,-2.148109197616577,-2.2443833351135254,-2.1284356117248535,-2.2236320972442627,-2.1208250522613525,-2.171696662902832,-2.133939504623413,-2.1315956115722656,-2.157252311706543,-2.0991060733795166,-2.1642367839813232,-2.069002151489258,-2.167860269546509,-2.0334863662719727,-2.1825733184814453,-1.9825080633163452,-2.1988019943237305,-1.9265830516815186,-2.215085506439209,-1.8536932468414307,-2.204554557800293,-1.7641956806182861,-2.2060413360595703,-1.6921648979187012,-2.2351086139678955,-1.6291502714157104,-2.3007547855377197,-1.5100007057189941,-2.328782796859741,-1.3830957412719727,-2.3524301052093506,-1.265834927558899,-2.4180917739868164,-1.1817376613616943,-2.4681429862976074,-1.0782897472381592,-2.5073680877685547,-0.974113941192627,-2.4899051189422607,-0.885042130947113,-2.4484755992889404,-0.7859010100364685,-2.4572558403015137,-0.671538770198822,-2.5604894161224365,-0.5519291758537292,-2.662249803543091,-0.38953283429145813,-2.7537131309509277,-0.21538306772708893,-2.8449785709381104,-0.06900732219219208,-2.907362461090088,0.06264514476060867,-2.9144632816314697,0.18843558430671692,-2.9092602729797363,0.310977041721344,-2.923762083053589,0.357730507850647,-2.925999879837036,0.3672584891319275,-2.9139347076416016,0.3586924076080322,-2.905398368835449,0.40912652015686035,-2.896974802017212,0.46396467089653015,-2.8807570934295654,0.49644961953163147,-2.863511800765991,0.4499334394931793,-2.8574726581573486,0.3780113458633423,-2.8284223079681396,0.3306578993797302,-2.8018603324890137,0.34672990441322327,-2.804730176925659,0.36617088317871094,-2.8260092735290527,0.3559972941875458,-2.831397294998169,0.30812808871269226,-2.79791259765625,0.28889575600624084,-2.7583935260772705,0.2861117124557495,-2.7408506870269775,0.2876748740673065,-2.761908531188965,0.274822860956192,-2.798121452331543,0.23274578154087067,-2.8060836791992188,0.2032826542854309,-2.759955644607544,0.17155273258686066,-2.694554328918457,0.13245907425880432,-2.6274144649505615,0.07840212434530258,-2.6014275550842285,0.017845161259174347,-2.5791127681732178,-0.08122749626636505,-2.5640628337860107,-0.2190018594264984,-2.592048168182373,-0.3534097969532013,-2.5981898307800293,-0.45898109674453735,-2.52134108543396,-0.5501960515975952,-2.4228806495666504,-0.6679956912994385,-2.2856781482696533,-0.8451367020606995,-2.047351837158203,-1.0551975965499878,-1.7629369497299194,-1.3816348314285278,-1.438141942024231,-1.75584876537323,-1.1766552925109863,-2.077794313430786,-0.9751783013343811,-2.359879732131958,-0.795509934425354,-2.6225249767303467,-0.5855438709259033,-2.8716375827789307,-0.3754402995109558,-3.1053714752197266,-0.2202529013156891,-3.3101723194122314,-0.11224155873060226,-3.4725310802459717,-0.12121791392564774,-3.5845789909362793,-0.13180764019489288,-3.639801502227783,-0.09583896398544312,-3.643273115158081,-0.052106186747550964,-3.6347222328186035,-0.04402334615588188,-3.613705635070801,-0.09506771713495255,-3.5871639251708984,-0.12571080029010773,-3.540487766265869,-0.13686983287334442,-3.541987180709839,-0.11696472764015198,-3.563143491744995,-0.10389455407857895,-3.5553746223449707,-0.10172383487224579,-3.50095796585083,-0.09288722276687622,-3.4417457580566406,-0.07328159362077713,-3.420210123062134,-0.06011902168393135,-3.4667301177978516,-0.08854573965072632,-3.427579402923584,-0.1456122249364853,-3.3410515785217285,-0.21151617169380188,-3.1787967681884766,-0.3145022690296173,-3.0243029594421387,-0.43826374411582947,-2.8995230197906494,-0.5565348863601685,-2.807532548904419,-0.6902564167976379,-2.638204574584961,-0.8435173630714417,-2.4588918685913086,-0.9917382001876831,-2.273155689239502,-1.168128252029419,-2.1101715564727783,-1.3229869604110718,-1.9361265897750854,-1.4308303594589233,-1.7697925567626953,-1.4607678651809692,-1.6566851139068604,-1.4721660614013672,-1.6291821002960205,-1.4826369285583496,-1.6167842149734497,-1.4711633920669556,-1.5966657400131226,-1.4446994066238403,-1.5841056108474731,-1.4311294555664062,-1.60702383518219,-1.4455443620681763,-1.625961184501648,-1.4556875228881836,-1.665984869003296,-1.4198625087738037,-1.734426736831665,-1.3375053405761719,-1.8088594675064087,-1.2400333881378174,-1.8709716796875,-1.184281826019287,-1.9252781867980957,-1.1657140254974365,-1.9988840818405151,-1.1843420267105103,-2.081979274749756,-1.1683566570281982,-2.101332664489746,-1.1498031616210938,-2.120901346206665,-1.0928122997283936,-2.134300470352173,-1.0164248943328857,-2.2023026943206787,-0.9521157145500183,-2.276383399963379,-0.9227986335754395,-2.3246042728424072,-0.9242745637893677,-2.322389602661133,-0.9001410007476807,-2.319916009902954,-0.86439448595047,-2.361095666885376,-0.8400381207466125,-2.430474042892456,-0.8394058346748352,-2.4708144664764404,-0.8286363482475281,-2.4372856616973877,-0.8298015594482422,-2.3986124992370605,-0.8407455086708069,-2.4002978801727295,-0.845137894153595,-2.4012796878814697,-0.80785071849823,-2.387160539627075,-0.7738459706306458,-2.2920889854431152,-0.8172722458839417,-2.1642696857452393,-0.9704834222793579,-2.0513882637023926,-1.1316252946853638,-1.8997405767440796,-1.1662929058074951,-1.7713567018508911,-1.149955153465271,-1.6622380018234253,-1.1154428720474243,-1.596270203590393,-1.1029597520828247,-1.507638692855835,-1.1297990083694458,-1.4246970415115356,-1.2365084886550903,-1.354019045829773,-1.3427796363830566,-1.28908371925354,-1.4111870527267456,-1.231849193572998,-1.3791265487670898,-1.1895301342010498,-1.3114469051361084,-1.1770515441894531,-1.2588666677474976,-1.1590648889541626,-1.2700495719909668,-1.1241066455841064,-1.2886114120483398,-1.075164794921875,-1.297988772392273,-1.030436635017395,-1.312374234199524,-0.9768962860107422,-1.358158826828003,-0.88802570104599,-1.3610258102416992,-0.7698630094528198,-1.3999876976013184,-0.6939883232116699,-1.4886326789855957,-0.6100137829780579,-1.5640285015106201,-0.45358532667160034,-1.6353673934936523,-0.2735067903995514,-1.7560460567474365,0.005824534688144922,-1.8822927474975586,0.2818288803100586,-1.954144835472107,0.5037261247634888,-1.9445552825927734,0.7736979126930237,-1.8666372299194336,1.102656364440918,-1.8552930355072021,1.548144817352295,-1.9631781578063965,