{"bimodal":false,"column_names":[""],"dimension":2,"dimension_input":0,"label":"forme3-3","data":[0.1707516759634018,-0.345721960067749,0.16865088045597076,-0.4911237955093384,0.12358667701482773,-0.6946220397949219,0.05438271164894104,-0.8474411964416504,-0.04459628090262413,-0.9134537577629089,-0.09505563229322433,-1.0595303773880005,-0.07867704331874847,-1.2396270036697388,-0.053524408489465714,-1.4103957414627075,-0.06365898251533508,-1.5560575723648071,-0.14055867493152618,-1.6194645166397095,-0.2268507033586502,-1.6324208974838257,-0.2999770939350128,-1.6491600275039673,-0.35653311014175415,-1.7082467079162598,-0.3966142535209656,-1.7438008785247803,-0.44393864274024963,-1.769951343536377,-0.49752822518348694,-1.7940951585769653,-0.5446984171867371,-1.800631046295166,-0.5974017977714539,-1.8066399097442627,-0.6548231840133667,-1.8278281688690186,-0.7108577489852905,-1.8536242246627808,-0.7634804248809814,-1.8504188060760498,-0.7875264286994934,-1.872921347618103,-0.7957623600959778,-1.9316290616989136,-0.7972198128700256,-1.9740031957626343,-0.7848341464996338,-2.0549070835113525,-0.7703399658203125,-2.1181747913360596,-0.7780652046203613,-2.135874032974243,-0.784210741519928,-2.149963140487671,-0.8000438213348389,-2.173734664916992,-0.8313159346580505,-2.1866564750671387,-0.8605894446372986,-2.204197883605957,-0.895263671875,-2.2242395877838135,-0.9445070028305054,-2.2073261737823486,-1.025477409362793,-2.104423999786377,-1.0928690433502197,-2.0138626098632812,-1.1413213014602661,-1.9864273071289062,-1.1823498010635376,-1.978543758392334,-1.2031763792037964,-1.9725548028945923,-1.2380290031433105,-1.9089699983596802,-1.2724151611328125,-1.859078288078308,-1.3289698362350464,-1.827107548713684,-1.4035675525665283,-1.7647614479064941,-1.442287564277649,-1.7214010953903198,-1.4527029991149902,-1.7206987142562866,-1.463995337486267,-1.744766116142273,-1.4864788055419922,-1.7474896907806396,-1.507604956626892,-1.7243571281433105,-1.533303141593933,-1.7113527059555054,-1.5693318843841553,-1.6665797233581543,-1.6093088388442993,-1.6155675649642944,-1.6379311084747314,-1.5767711400985718,-1.6553077697753906,-1.5701062679290771,-1.7148815393447876,-1.478310227394104,-1.7676451206207275,-1.4130462408065796,-1.8139694929122925,-1.4120126962661743,-1.8565455675125122,-1.3966888189315796,-1.8921871185302734,-1.3662986755371094,-1.8989956378936768,-1.3460685014724731,-1.9039958715438843,-1.348332405090332,-1.9245744943618774,-1.340531826019287,-1.9583622217178345,-1.303546667098999,-1.9717150926589966,-1.309637188911438,-1.9693669080734253,-1.329235553741455,-1.9803026914596558,-1.3020509481430054,-2.0034260749816895,-1.236441969871521,-2.0340452194213867,-1.2081162929534912,-2.039642333984375,-1.209209680557251,-2.0455918312072754,-1.1983438730239868,-2.053802013397217,-1.1693528890609741,-2.045396327972412,-1.194923758506775,-2.019216299057007,-1.2610914707183838,-1.9977647066116333,-1.2852288484573364,-1.9812687635421753,-1.268156886100769,-1.969844937324524,-1.267917513847351,-1.96147882938385,-1.2745156288146973,-1.9578608274459839,-1.282617449760437,-1.965995192527771,-1.2709811925888062,-2.010699510574341,-1.2568583488464355,-2.0241527557373047,-1.2627294063568115,-2.011632204055786,-1.3308855295181274,-2.0033740997314453,-1.3410483598709106,-2.011913776397705,-1.2755836248397827,-2.0084898471832275,-1.251775860786438,-1.9771513938903809,-1.2812118530273438,-1.9592353105545044,-1.3296635150909424,-1.9531840085983276,-1.327720046043396,-1.9586069583892822,-1.2784266471862793,-1.9627728462219238,-1.2598655223846436,-1.9584119319915771,-1.2497919797897339,-1.9447449445724487,-1.2642123699188232,-1.947838544845581,-1.2848050594329834,-1.9474347829818726,-1.3020974397659302,-1.9459120035171509,-1.318585753440857,-1.9445979595184326,-1.322187900543213,-1.9407061338424683,-1.3207536935806274,-1.949469804763794,-1.3144545555114746,-1.9658797979354858,-1.3086299896240234,-1.9801119565963745,-1.2870806455612183,-2.002473831176758,-1.288940668106079,-2.0099968910217285,-1.3070449829101562,-2.02358341217041,-1.26223886013031,-2.1135449409484863,-1.1401786804199219,-2.2182435989379883,-0.9968870878219604,-2.2767012119293213,-0.7711237072944641,-2.307400941848755,-0.5759924650192261,-2.2873928546905518,-0.4142744243144989,-2.301461696624756,-0.23979082703590393,-2.3239223957061768,-0.09468638151884079,-2.3561854362487793,-0.014504469931125641,-2.389573097229004,0.08226902782917023,-2.423673152923584,0.18737725913524628,-2.447519302368164,0.2610166370868683,-2.459930658340454,0.29828009009361267,-2.4920880794525146,0.344992995262146,-2.5159499645233154,0.410068154335022,-2.515212297439575,0.46231967210769653,-2.470647096633911,0.4845547676086426,-2.4365146160125732,0.5417082905769348,-2.4257588386535645,0.6558077335357666,-2.407499313354492,0.7497649192810059,-2.39117693901062,0.8247975707054138,-2.416172742843628,0.9260920882225037,-2.4581587314605713,1.0273380279541016,-2.4880692958831787,1.094997525215149,-2.499354124069214,1.126534104347229,-2.511584758758545,1.1521495580673218,-2.5478036403656006,1.1889880895614624,-2.592376708984375,1.231911063194275,-2.6236050128936768,1.2601417303085327,-2.5893516540527344,1.224423885345459,-2.5654385089874268,1.207919955253601,-2.5454673767089844,1.1880784034729004,-2.530522584915161,1.1649457216262817,-2.5201425552368164,1.1547151803970337,-2.4836666584014893,1.120164155960083,-2.4762284755706787,1.0650215148925781,-2.44218373298645,1.0176268815994263,-2.31892728805542,1.0890333652496338,-2.1795904636383057,1.1597940921783447,-2.0948376655578613,1.317793846130371,-2.066399097442627,1.5218051671981812,-2.0543980598449707,1.696154236793518,-2.027550458908081,1.8259437084197998,-1.9989995956420898,1.9226250648498535,-1.9663962125778198,2.001563310623169,-1.976719617843628,2.1250603199005127,-2.007955551147461,2.266408681869507,-2.0835819244384766,2.3919498920440674,-2.1415417194366455,2.455345630645752,-2.179877281188965,2.4697394371032715,-2.236952543258667,2.488980531692505,-2.257920742034912,2.4746553897857666,-2.265794277191162,2.456531047821045,-2.123375654220581,2.476314067840576,-1.88368821144104,2.4774763584136963,-1.3915412425994873,2.357863664627075,-1.000962734222412,2.285135269165039,-0.7366915941238403,2.4258670806884766,-0.6611189246177673,2.689120292663574,-0.6484233736991882,2.9053289890289307,-0.6614122986793518,3.0228445529937744,-0.6801174283027649,3.0175139904022217,-0.6943512558937073,3.031646490097046,-0.7008841633796692,3.0036823749542236,-0.7247768640518188,2.9805266857147217,-0.7800064086914062,2.951159954071045,-0.8002482056617737,2.928260326385498,-0.8068426847457886,2.919590950012207,-0.7985459566116333,2.9277138710021973,-0.65151047706604,2.8915843963623047,-0.611551821231842,2.8268253803253174,-0.5012943744659424,2.7317137718200684,-0.38432326912879944,2.661254405975342,-0.2986278533935547,2.6475954055786133,-0.20049123466014862,2.5963504314422607,-0.055472467094659805,2.494546890258789,0.16325049102306366,2.4210829734802246,0.347348690032959,2.442864418029785,0.4958305358886719,2.476450204849243,0.567543625831604,2.4676265716552734,0.599054217338562,2.4533979892730713,0.6033594012260437,2.4403505325317383,0.6264710426330566,2.36708402633667,0.6839633584022522,2.274336099624634,0.7498931884765625,2.157796859741211,0.8126760125160217,2.0574212074279785,0.9116982221603394,1.9139223098754883,0.996379017829895,1.7391273975372314,1.0684423446655273,1.617113471031189,1.138067364692688,1.5522606372833252,1.193701982498169,1.500145435333252,1.2576656341552734,1.4102052450180054,1.304648518562317,1.3647406101226807,1.3465569019317627,1.3218317031860352,1.4118177890777588,1.1457085609436035,1.5192418098449707,0.8584480285644531,1.6086446046829224,0.610089898109436,1.6671684980392456,0.49658823013305664,1.67658269405365,0.4917340576648712,1.6686749458312988,0.5193225145339966,1.6392797231674194,0.5301663279533386,1.5986700057983398,0.45259949564933777,1.5539417266845703,0.4056355953216553,