{"bimodal":false,"column_names":[""],"dimension":2,"dimension_input":0,"label":"forme3-3","data":[-1.0939992666244507,-0.812801718711853,-1.1080559492111206,-0.694615364074707,-1.2171651124954224,-0.7921639084815979,-1.4303481578826904,-0.8510801792144775,-1.6004905700683594,-0.7942622303962708,-1.7118163108825684,-0.7882558107376099,-1.7963616847991943,-0.8419365286827087,-1.8503097295761108,-0.9163382649421692,-1.872039794921875,-1.001413106918335,-1.9029293060302734,-1.075714111328125,-1.943528652191162,-1.1598328351974487,-1.9966036081314087,-1.2485599517822266,-2.043558359146118,-1.3226077556610107,-2.095440626144409,-1.3884656429290771,-2.1495823860168457,-1.4667929410934448,-2.1955599784851074,-1.5292515754699707,-2.219202995300293,-1.5714112520217896,-2.2883408069610596,-1.5679821968078613,-2.3514482975006104,-1.5668936967849731,-2.4058730602264404,-1.578285574913025,-2.452061414718628,-1.5845471620559692,-2.482403516769409,-1.6193857192993164,-2.4781270027160645,-1.6838425397872925,-2.463942527770996,-1.7099453210830688,-2.4629123210906982,-1.7125835418701172,-2.458106517791748,-1.7270373106002808,-2.4447720050811768,-1.7515759468078613,-2.397075653076172,-1.8087154626846313,-2.3167028427124023,-1.9043800830841064,-2.2323825359344482,-1.987741231918335,-2.1743650436401367,-2.042276620864868,-2.1334211826324463,-2.1092777252197266,-2.081970691680908,-2.184588670730591,-2.0438320636749268,-2.2372946739196777,-2.0225465297698975,-2.2529456615448,-2.0359981060028076,-2.2453699111938477,-2.058396100997925,-2.234950542449951,-2.068096160888672,-2.216092109680176,-2.074514150619507,-2.2070651054382324,-2.095008134841919,-2.184924364089966,-2.128075122833252,-2.1498677730560303,-2.149993419647217,-2.1191611289978027,-2.167447090148926,-2.1039791107177734,-2.1830525398254395,-2.0944933891296387,-2.1955275535583496,-2.076418399810791,-2.191089630126953,-2.0633556842803955,-2.171889305114746,-2.065943956375122,-2.1736643314361572,-2.0855722427368164,-2.1968142986297607,-2.058016777038574,-2.227642059326172,-2.0401623249053955,-2.236213445663452,-2.0505945682525635,-2.223527431488037,-2.081538677215576,-2.2066919803619385,-2.094021797180176,-2.232271194458008,-2.016768455505371,-2.287836790084839,-1.9219484329223633,-2.3817012310028076,-1.80195951461792,-2.5844221115112305,-1.6586014032363892,-2.6633870601654053,-1.5058168172836304,-2.768155097961426,-1.329908847808838,-2.864811658859253,-1.195212960243225,-2.941357135772705,-1.0977611541748047,-2.9561426639556885,-1.0066419839859009,-2.961838960647583,-0.9182751774787903,-2.9982690811157227,-0.836101233959198,-3.021684169769287,-0.7874553799629211,-3.033209800720215,-0.7542951703071594,-3.019585371017456,-0.7162206768989563,-2.994762897491455,-0.7105635404586792,-2.9621312618255615,-0.7314005494117737,-2.936305046081543,-0.7479224801063538,-2.989166736602783,-0.7045789361000061,-3.093879461288452,-0.6116052269935608,-3.185150384902954,-0.5339442491531372,-3.238738536834717,-0.5201231241226196,-3.1449897289276123,-0.5446035265922546,-3.0390677452087402,-0.5461927652359009,-2.9016804695129395,-0.35106366872787476,-2.7812857627868652,-0.09325063228607178,-2.612318754196167,0.18427594006061554,-2.5243632793426514,0.4821115732192993,-2.4714276790618896,0.7830310463905334,-2.395606279373169,1.0695006847381592,-2.3369357585906982,1.240175724029541,-2.2454824447631836,1.3828538656234741,-2.1439528465270996,1.5703588724136353,-2.093855381011963,1.8178473711013794,-2.069087505340576,2.0473620891571045,-2.045166254043579,2.2288906574249268,-2.010606288909912,2.3547685146331787,-1.9647973775863647,2.42055344581604,-1.9502729177474976,2.5098438262939453,-1.93314528465271,2.5945732593536377,-1.8834125995635986,2.7203032970428467,-1.8241815567016602,2.896986961364746,-1.7866921424865723,3.0617876052856445,-1.7767682075500488,3.2235281467437744,-1.7846617698669434,3.3504512310028076,-1.8026230335235596,3.502453327178955,-1.826551079750061,3.65488338470459,-1.8240493535995483,3.8229100704193115,-1.8185564279556274,3.9785704612731934,-1.8298711776733398,4.081350803375244,-1.8737382888793945,4.156296730041504,-1.9507019519805908,4.265380382537842,-2.041463851928711,4.374051570892334,-2.132117986679077,4.476938247680664,-2.1860814094543457,4.533272743225098,-2.1731014251708984,4.51339054107666,-2.1211769580841064,4.456443786621094,-2.0554559230804443,4.415951728820801,-1.9925873279571533,4.417141914367676,-1.9363526105880737,4.432065486907959,-1.9523496627807617,4.4615678787231445,-2.003321647644043,4.479960918426514,-2.0332047939300537,4.4799485206604,-2.0107481479644775,4.469114303588867,-1.9865001440048218,4.488560199737549,-2.03739595413208,4.560322284698486,-2.2168993949890137,4.607551097869873,-2.4133682250976562,4.62458610534668,-2.620692014694214,4.649585723876953,-2.716121196746826,4.67653751373291,-2.4300880432128906,4.675257205963135,-1.8891962766647339,4.653069972991943,-1.1377333402633667,4.564445495605469,-0.5410974025726318,4.506246566772461,0.03332410380244255,4.428537845611572,0.6265650987625122,4.26639461517334,1.2301888465881348,4.0386176109313965,1.7377232313156128,3.883769989013672,2.1618881225585938,3.7792677879333496,2.59497332572937,3.6659131050109863,2.97690486907959,3.484771966934204,3.23750376701355,3.3238866329193115,3.4104578495025635,3.11830735206604,3.58221697807312,2.8952152729034424,3.7328383922576904,2.664463996887207,3.8891401290893555,2.4879331588745117,4.159278392791748,2.3546013832092285,4.4617919921875,2.1112918853759766,4.698112964630127,1.8706459999084473,4.864893913269043,1.6657843589782715,5.054810523986816,1.515799641609192,5.216454982757568,1.3464419841766357,5.303073406219482,1.0831971168518066,5.319185256958008,0.8334670662879944,5.2376275062561035,0.5982250571250916,5.043498516082764,0.3506222069263458,4.8098530769348145,0.11379509419202805,4.492257118225098,-0.16900533437728882,4.18643856048584,-0.3578460216522217,3.9289727210998535,-0.47360000014305115,3.674790859222412,-0.5576934218406677,3.4185593128204346,-0.6725543737411499,3.152764081954956,-0.8130680918693542,2.8069827556610107,-1.0102547407150269,2.550130605697632,-1.2043792009353638,2.3681039810180664,-1.4096624851226807,2.2077183723449707,-1.5760382413864136,2.056194543838501,-1.6749407052993774,1.895905613899231,-1.6099578142166138,1.7073670625686646,-1.3691107034683228,1.4770374298095703,-1.0523244142532349,0.9752600193023682,-0.4307299852371216,0.44152146577835083,0.20223534107208252,-0.07279198616743088,0.4404529929161072,-0.5162556767463684,0.6951712965965271,-1.021018385887146,1.2195923328399658,-1.5485388040542603,1.8087446689605713,-1.984086036682129,2.2646915912628174,-2.249464750289917,2.510171413421631,-2.4330854415893555,2.704918384552002,-2.5989153385162354,2.881725788116455,-2.7793502807617188,3.047595262527466,-2.911677122116089,3.1530160903930664,-2.942064046859741,3.1784489154815674,-2.9696106910705566,3.2426631450653076,-2.9930083751678467,3.302833318710327,-3.046424627304077,3.3202619552612305,-3.0901989936828613,3.331757068634033,-3.1490566730499268,3.4012179374694824,-3.2401373386383057,3.500863790512085,-3.329080104827881,3.593376636505127,-3.400585889816284,3.673525333404541,-3.434356451034546,3.726949453353882,-3.315542221069336,3.715437889099121,-3.0648605823516846,3.6294476985931396,-2.8019349575042725,3.587470054626465,-2.5841848850250244,3.6833689212799072,-2.347687005996704,3.766780138015747,-2.031038999557495,3.726611852645874,-1.7152501344680786,3.6291472911834717,-1.450918197631836,3.5551846027374268,-1.2273783683776855,3.5085370540618896,-0.9958387017250061,3.438389539718628,-0.6264530420303345,3.291051149368286,-0.3310675024986267,3.2099475860595703,-0.1019376888871193,3.1904494762420654,0.10503821820020676,3.1830899715423584,0.3596205413341522,3.0306026935577393,0.5724500417709351,2.9117274284362793,0.7497346997261047,2.8025078773498535,0.8856195211410522,2.7106165885925293,0.9951251745223999,2.640059471130371,1.095404863357544,2.588473320007324,1.1762902736663818,