{"bimodal":false,"column_names":[""],"dimension":2,"dimension_input":0,"label":"forme3-3","data":[-0.16514995694160461,-0.6608853936195374,-0.1735171377658844,-0.791911780834198,-0.18838882446289062,-0.9018158912658691,-0.19644729793071747,-0.9662402868270874,-0.20743286609649658,-1.0135802030563354,-0.14401131868362427,-1.2497137784957886,-0.12110060453414917,-1.4799591302871704,-0.130362406373024,-1.6675729751586914,-0.16708502173423767,-1.7978920936584473,-0.2028152495622635,-1.92854642868042,-0.21346664428710938,-2.120067834854126,-0.20928683876991272,-2.306910514831543,-0.22621412575244904,-2.4457783699035645,-0.26887011528015137,-2.5375921726226807,-0.3139461576938629,-2.571423053741455,-0.3625306785106659,-2.5985429286956787,-0.4186873733997345,-2.6055500507354736,-0.4616285562515259,-2.6205694675445557,-0.49979814887046814,-2.672147274017334,-0.5517883896827698,-2.7030673027038574,-0.6322575807571411,-2.698930025100708,-0.7490781545639038,-2.6526598930358887,-0.8540751338005066,-2.619645595550537,-0.9433398246765137,-2.618243455886841,-1.0050491094589233,-2.652177333831787,-1.0447953939437866,-2.6806044578552246,-1.0716782808303833,-2.7246041297912598,-1.0757297277450562,-2.819009780883789,-1.0719650983810425,-2.906874418258667,-1.0849539041519165,-2.9510498046875,-1.0844134092330933,-2.994042158126831,-1.0782636404037476,-3.0401077270507812,-1.0749634504318237,-3.041790008544922,-1.0989137887954712,-3.0121335983276367,-1.1674500703811646,-2.9414429664611816,-1.2686420679092407,-2.8471717834472656,-1.3913637399673462,-2.7573914527893066,-1.5025073289871216,-2.683716297149658,-1.5961365699768066,-2.6471500396728516,-1.674702763557434,-2.6190969944000244,-1.7649277448654175,-2.589942693710327,-1.8090640306472778,-2.6157517433166504,-1.8360941410064697,-2.640806198120117,-1.8541680574417114,-2.666860818862915,-1.8638651371002197,-2.6850333213806152,-1.8601154088974,-2.7027525901794434,-1.8539960384368896,-2.7167887687683105,-1.8421379327774048,-2.745765209197998,-1.8436954021453857,-2.737058639526367,-1.8547192811965942,-2.6941111087799072,-1.8917648792266846,-2.631049633026123,-1.9002456665039062,-2.6543643474578857,-1.8979791402816772,-2.641775608062744,-1.901615858078003,-2.6067488193511963,-1.9413262605667114,-2.593975782394409,-2.0084779262542725,-2.612243413925171,-2.07723069190979,-2.607051134109497,-2.1816396713256836,-2.540698289871216,-2.2922582626342773,-2.464003324508667,-2.3927600383758545,-2.407606840133667,-2.4868996143341064,-2.350720167160034,-2.579334020614624,-2.2939822673797607,-2.6925759315490723,-2.197174310684204,-2.7777421474456787,-2.1343772411346436,-2.8288187980651855,-2.102792978286743,-2.8371942043304443,-2.091731548309326,-2.833949089050293,-2.0673792362213135,-2.8547897338867188,-2.016937494277954,-2.915944814682007,-1.9017194509506226,-2.9567010402679443,-1.8446406126022339,-2.9855828285217285,-1.8297406435012817,-3.0254576206207275,-1.805389165878296,-3.0702686309814453,-1.7653268575668335,-3.2545883655548096,-1.5629651546478271,-3.4013350009918213,-1.3707549571990967,-3.464015007019043,-1.207166314125061,-3.492513656616211,-1.0807753801345825,-3.5138731002807617,-0.969571053981781,-3.500674247741699,-0.9109699726104736,-3.456831455230713,-0.8644829392433167,-3.413776397705078,-0.8024414777755737,-3.391101837158203,-0.6884670257568359,-3.3713228702545166,-0.5718002915382385,-3.3506996631622314,-0.5066676139831543,-3.340188503265381,-0.45198503136634827,-3.3314242362976074,-0.40009260177612305,-3.329585313796997,-0.3571421504020691,-3.320783853530884,-0.3294404447078705,-3.3287417888641357,-0.2965361475944519,-3.3631081581115723,-0.19230717420578003,-3.376945734024048,-0.11006762087345123,-3.386113405227661,-0.08664048463106155,-3.4025049209594727,-0.065579853951931,-3.402649402618408,-0.03524326533079147,-3.366532325744629,-0.023627951741218567,-3.331873655319214,-0.02405576966702938,-3.3051633834838867,-0.008652975782752037,-3.208855628967285,0.050528984516859055,-3.1076719760894775,0.17329782247543335,-3.04412841796875,0.3496060073375702,-2.980909824371338,0.5320938229560852,-2.900754690170288,0.6747743487358093,-2.818925380706787,0.7920493483543396,-2.7623610496520996,0.9205326437950134,-2.7238049507141113,1.0788143873214722,-2.7009453773498535,1.2112313508987427,-2.6949877738952637,1.32987380027771,-2.728012800216675,1.447041392326355,-2.7676079273223877,1.5182878971099854,-2.7854557037353516,1.5397168397903442,-2.7544491291046143,1.5456749200820923,-2.725224733352661,1.5568310022354126,-2.7703745365142822,1.5651525259017944,-2.849515199661255,1.5533753633499146,-2.915515899658203,1.5533642768859863,-3.0743274688720703,1.6221590042114258,-3.1067216396331787,1.6944035291671753,-2.7354016304016113,1.6717681884765625,-2.0018463134765625,1.4746387004852295,-1.5170974731445312,1.48916757106781,-1.2680070400238037,1.6558218002319336,-1.1480900049209595,1.9054372310638428,-1.1023162603378296,2.075324058532715,-1.111315369606018,2.167334794998169,-1.1568846702575684,2.3127787113189697,-1.2304984331130981,2.3721811771392822,-1.2892647981643677,2.419309616088867,-1.3774343729019165,2.4381587505340576,-1.4844733476638794,2.5071053504943848,-1.553838849067688,2.5476889610290527,-1.5888806581497192,2.525801658630371,-1.5761163234710693,2.487445116043091,-1.5707265138626099,2.471676826477051,-1.6168897151947021,2.4792978763580322,-1.628304123878479,2.464486598968506,-1.5478055477142334,2.3907737731933594,-1.3530521392822266,2.3043458461761475,-1.1735347509384155,2.238360643386841,-1.0110280513763428,2.1942546367645264,-0.9027897119522095,2.169299840927124,-0.8273903727531433,2.1923060417175293,-0.8493871688842773,2.3032777309417725,-0.9133470058441162,2.452047824859619,-0.9539255499839783,2.547538995742798,-0.989094078540802,2.5525755882263184,-1.018466830253601,2.5353305339813232,-1.033856749534607,2.5037500858306885,-1.0163003206253052,2.4500503540039062,-0.9955937266349792,2.4085094928741455,-0.96816086769104,2.335395097732544,-0.9310290813446045,2.2704570293426514,-0.8618937730789185,2.2409229278564453,-0.7764635682106018,2.18668532371521,-0.6997557282447815,2.144002676010132,-0.6880285739898682,2.1738648414611816,-0.49436378479003906,2.156485080718994,-0.1958736628293991,2.056544303894043,0.0911630168557167,1.9101313352584839,0.34519636631011963,1.8765348196029663,0.570582389831543,1.7605630159378052,0.7463335394859314,1.620269775390625,0.9106473326683044,1.4935840368270874,1.0533376932144165,1.3962618112564087,1.1645007133483887,1.3165522813796997,1.250395655632019,1.2298673391342163,1.292415738105774,1.161971092224121,1.3091546297073364,1.1348750591278076,1.323885440826416,1.126733422279358,1.3367836475372314,1.1094980239868164,1.3305270671844482,1.1177619695663452,1.3262078762054443,1.135271430015564,1.3268235921859741,1.1494711637496948,1.3102821111679077,1.135966420173645,1.2947840690612793,1.123705506324768,1.2892707586288452,1.1335846185684204,1.3039456605911255,1.1349964141845703,1.3217761516571045,1.1208362579345703,1.3358032703399658,1.1267368793487549,1.3541550636291504,1.1492412090301514,1.3919918537139893,1.13935387134552,1.4439420700073242,1.1130236387252808,1.4477920532226562,1.14378023147583,1.443457841873169,1.187718152999878,1.431873083114624,1.1934322118759155,1.4205654859542847,1.1908293962478638,1.4069204330444336,1.2056567668914795,1.3793851137161255,1.2339199781417847,1.348441481590271,1.2372639179229736,1.3278642892837524,1.2329719066619873,1.3103266954421997,1.2067421674728394,1.3074464797973633,1.1770164966583252,1.3183172941207886,1.146583914756775,1.3549212217330933,1.097192645072937,1.410875678062439,1.0415611267089844,1.4752414226531982,1.0084924697875977,1.522080898284912,1.0090936422348022,1.5658512115478516,1.0301363468170166,1.5959972143173218,1.0314527750015259,1.6030189990997314,1.036806344985962,1.592166781425476,1.0403623580932617,1.590272068977356,1.0347542762756348,1.5793813467025757,0.9942012429237366,1.5684672594070435,0.9864094257354736,1.5743753910064697,