{"bimodal":false,"column_names":[""],"dimension":2,"dimension_input":0,"label":"forme1-11","data":[-3.289839267730713,1.177720069885254,-3.483531951904297,0.8990168571472168,-3.400742292404175,0.6445018649101257,-3.8243350982666016,0.7080746293067932,-3.9864892959594727,0.7682112455368042,-3.0787227153778076,0.5790928602218628,-3.0217883586883545,0.4230460226535797,-3.96787428855896,0.4482104182243347,-3.8635876178741455,0.18101263046264648,-3.7219064235687256,-0.05345501750707626,-3.91068434715271,-0.04425372928380966,-3.8557286262512207,-0.09972084313631058,-3.410374641418457,-0.7090932726860046,-3.201124906539917,-2.0489251613616943,-3.457723379135132,-3.31777286529541,-2.623997449874878,-3.237639904022217,-2.6278791427612305,-3.382828950881958,-2.5582244396209717,-3.669137477874756,-2.5391643047332764,-3.6507351398468018,-2.696695327758789,-3.666149139404297,-2.9024739265441895,-3.706822156906128,-1.8750739097595215,-3.0080573558807373,-1.9739009141921997,-3.158994436264038,-2.3307042121887207,-3.135200023651123,-3.07464337348938,-3.7380664348602295,-2.507350206375122,-3.0982489585876465,-2.3693060874938965,-3.1665258407592773,-2.250539541244507,-3.339505434036255,-2.052217960357666,-3.3343539237976074,-2.0351827144622803,-3.58280086517334,-2.2170584201812744,-3.5894992351531982,-2.1190924644470215,-3.9638941287994385,-1.4348527193069458,-3.831200122833252,-0.3301461338996887,-3.124586820602417,-0.3449159562587738,-3.2066643238067627,-0.29847392439842224,-3.4384303092956543,-0.1957811564207077,-3.5193543434143066,-0.2856675386428833,-3.391730785369873,-0.29837530851364136,-3.2329416275024414,-0.3213965594768524,-3.0939784049987793,-0.38131412863731384,-3.148240804672241,-0.15743133425712585,-3.0460939407348633,0.07638077437877655,-3.0385019779205322,0.12824170291423798,-3.051408529281616,0.13678377866744995,-3.060152292251587,0.27232256531715393,-3.3313000202178955,0.2118682712316513,-3.3836216926574707,0.3144538998603821,-3.2224607467651367,0.5845470428466797,-3.9157497882843018,1.3566566705703735,-3.4418301582336426,1.8164149522781372,-3.5212554931640625,1.9305795431137085,-3.4645490646362305,2.0368597507476807,-3.346010684967041,2.195802688598633,-3.2501327991485596,3.218412399291992,-3.404204845428467,3.450223922729492,-1.4363856315612793,3.2969484329223633,-0.5456249713897705,3.458487033843994,-0.18352875113487244,3.679334878921509,0.29736706614494324,3.9928364753723145,0.5147066712379456,3.9625072479248047,0.6961731314659119,3.8384170532226562,0.6595041155815125,4.033637523651123,0.5825905799865723,4.342613220214844,0.47856980562210083,4.3637590408325195,0.00425350246950984,4.340044975280762,-0.2129189670085907,3.118295431137085,-0.17511822283267975,3.364013910293579,-0.21763645112514496,3.4197189807891846,-0.1673886477947235,3.3986659049987793,-0.2210090607404709,3.3980729579925537,-0.48975563049316406,3.3427181243896484,-0.8065603971481323,3.366854190826416,-1.0377466678619385,3.449535369873047,-1.1789836883544922,3.5799148082733154,-1.2121964693069458,3.6906421184539795,-1.143663763999939,3.774670362472534,-0.8879778981208801,3.7159650325775146,-0.5800703167915344,3.595884323120117,-0.3617572784423828,3.5240085124969482,-0.32269954681396484,3.402949094772339,-0.3112102746963501,3.394994020462036,-0.2793169319629669,3.5810904502868652,-0.21155840158462524,3.7742526531219482,-0.22400546073913574,3.822204351425171,-0.2155957967042923,3.716130256652832,-0.1500052958726883,3.506160259246826,-0.11552286893129349,3.3063297271728516,-0.026975447311997414,3.2457568645477295,0.014837856404483318,3.284061908721924,0.05761905387043953,3.292285203933716,0.08368011564016342,3.2786483764648438,0.06989509612321854,3.2313170433044434,0.09737348556518555,3.197410821914673,0.008037175051867962,3.234320878982544,-0.14396525919437408,3.208876132965088,-0.263447105884552,3.0865352153778076,-0.2841508686542511,3.1914191246032715,-0.2446121871471405,3.3421783447265625,-0.1716221421957016,3.3878533840179443,-0.09221029281616211,3.3418402671813965,-0.08550536632537842,3.2151687145233154,-0.09508385509252548,3.1053569316864014,-0.17995619773864746,3.032459259033203,-0.20366623997688293,3.0401155948638916,-0.1958865076303482,3.1461408138275146,-0.3123664855957031,3.256711721420288,-0.3629334270954132,3.2231454849243164,-0.33333835005760193,3.0757784843444824,-0.24569115042686462,4.336759090423584,-0.24840621650218964,4.173387050628662,-0.21497875452041626,4.061113357543945,-0.19590559601783752,3.8951447010040283,-0.06922467797994614,3.6898179054260254,0.10520319640636444,3.59839129447937,0.652368426322937,3.4074974060058594,1.1412997245788574,3.3261871337890625,1.3121861219406128,3.0459039211273193,1.8221096992492676,3.85210919380188,2.566349983215332,3.5805611610412598,3.027435541152954,3.3767786026000977,3.071336507797241,2.9506993293762207,3.732400417327881,2.535118579864502,4.015847682952881,1.8380030393600464,3.186966896057129,1.6590396165847778,3.317079544067383,1.4632455110549927,3.47397518157959,0.628379762172699,3.904224157333374,-0.5528786182403564,4.149969577789307,-1.0896685123443604,4.466054916381836,-0.9041809439659119,3.0747029781341553,-1.0464459657669067,3.125037431716919,-1.0914353132247925,3.1309895515441895,-1.090677261352539,3.137399673461914,-1.1589494943618774,3.187958002090454,-1.224790096282959,3.163151741027832,-1.1986256837844849,3.060220718383789,-1.4723278284072876,4.357481479644775,-0.9155250787734985,3.9583230018615723,-0.5485095977783203,3.8478355407714844,-0.45399290323257446,3.761878252029419,-0.08242448419332504,3.5558974742889404,0.24478420615196228,3.5110561847686768,0.48746761679649353,3.4696922302246094,0.477582722902298,3.423369884490967,0.4038240611553192,3.26604962348938,0.38361629843711853,3.220552682876587,0.33540013432502747,3.203592538833618,0.243881955742836,3.146153688430786,0.14368417859077454,3.1497080326080322,0.11359500139951706,3.0957446098327637,0.05239805206656456,3.072432518005371,0.09603504091501236,3.014984130859375,0.08157388865947723,3.019552707672119,0.046655166894197464,3.0377838611602783,0.11187846213579178,3.0044243335723877,0.8034462332725525,3.770909309387207,1.5754773616790771,3.376243829727173,1.591781497001648,3.3688418865203857,0.9165330529212952,3.636561870574951,2.956970691680908,3.0666263103485107,3.9097166061401367,1.518419623374939,3.9917073249816895,1.4370145797729492,3.2060751914978027,1.5709325075149536,3.0583114624023438,2.0922892093658447,2.8516781330108643,3.534024477005005,-0.8160504102706909,3.306448221206665,-3.34201979637146,2.047929048538208,-3.5233511924743652,-0.3535565435886383,-3.653435230255127,-0.7065379023551941,-3.8397443294525146,-0.6025100350379944,-3.9816439151763916,-0.36267170310020447,-3.0010793209075928,-0.31648948788642883,-3.957517385482788,-0.20189744234085083,-3.224964141845703,0.19297072291374207,-3.262361526489258,0.5816944241523743,-3.345513105392456,0.8548029065132141,-3.214869260787964,0.755404531955719,-3.219285488128662,0.8988052606582642,-3.3128163814544678,1.0319002866744995,-3.3595197200775146,0.9063467383384705,-3.3764517307281494,0.8428472876548767,-3.3981590270996094,0.8807453513145447,-3.3231241703033447,0.6760694980621338,-3.353220224380493,0.7842006683349609,-3.333486795425415,0.7548096776008606,-3.086599826812744,0.6214672923088074,-3.01267409324646,0.5550621747970581,-3.9601800441741943,0.542208194732666,-3.6929304599761963,0.44868946075439453,-3.5826306343078613,0.33929821848869324,-4.089601516723633,0.505831241607666,-3.1240575313568115,0.5085075497627258,-3.1279594898223877,-0.9118335247039795,-3.039118528366089,-2.3705458641052246,-3.2324271202087402,-2.1448864936828613,-3.254793167114258,-1.98616623878479,-3.3328797817230225,-1.993609070777893,-3.3382222652435303,-2.0645151138305664,-3.064509630203247,-2.4565351009368896,-2.219888925552368,-3.2126097679138184,-1.982200264930725,-3.508275270462036,-0.9115177392959595,-3.0119211673736572,-0.7477677464485168,-3.0905954837799072,-0.8721063733100891,-3.1640360355377197,-1.1179265975952148,