{"bimodal":false,"column_names":[""],"dimension":2,"dimension_input":0,"label":"forme2-13","data":[0.9790213704109192,-3.005449056625366,-3.274153709411621,1.1766729354858398,-3.0333056449890137,2.7973034381866455,-2.7394051551818848,3.4547605514526367,-2.397963285446167,3.5342507362365723,-1.4293984174728394,3.6080145835876465,-0.9388566017150879,3.2985341548919678,-0.5920946002006531,3.7269933223724365,-0.44728007912635803,4.098156452178955,-0.3579768240451813,4.31512975692749,-0.17234554886817932,4.229998588562012,-0.36993831396102905,4.045251846313477,-0.8818581700325012,4.03333854675293,-1.0020155906677246,3.748836040496826,-0.8542797565460205,3.559777021408081,-0.935873806476593,3.6508901119232178,-1.1357675790786743,3.8030476570129395,-0.896182656288147,3.7277824878692627,-0.7218442559242249,3.6263234615325928,-1.2697474956512451,3.744856834411621,-1.0755767822265625,3.6295650005340576,-0.14702337980270386,3.2233970165252686,0.17286598682403564,3.105023145675659,0.03523825854063034,3.164592742919922,-0.12215587496757507,3.242871046066284,-0.08065421879291534,3.2248144149780273,-0.11479737609624863,3.2344372272491455,0.14765483140945435,3.188826322555542,0.8565020561218262,3.960376739501953,1.1695361137390137,3.8289945125579834,1.7349183559417725,3.38017201423645,2.2308571338653564,3.08931565284729,3.3085427284240723,3.1966536045074463,3.5534415245056152,2.73750638961792,3.1932170391082764,1.764153003692627,3.1499886512756348,1.7223864793777466,3.715029001235962,2.3393189907073975,3.019110679626465,1.863953948020935,3.4589319229125977,1.8491584062576294,3.72670316696167,0.49484339356422424,3.601855516433716,0.8376448750495911,3.588780164718628,1.2111949920654297,3.159128189086914,0.6664056777954102,3.6792750358581543,0.6476590037345886,3.649235248565674,0.4906211495399475,3.0507285594940186,0.503015398979187,3.4662082195281982,0.7266224026679993,3.227728843688965,0.580979585647583,3.3851516246795654,1.0306510925292969,3.070492744445801,0.7773727178573608,3.524298906326294,0.9717638492584229,3.033447265625,1.1742355823516846,3.580873489379883,1.0121554136276245,3.510920286178589,1.3758203983306885,3.5024373531341553,1.469295859336853,3.4018139839172363,1.0943289995193481,3.612074375152588,0.7409986853599548,3.2121992111206055,0.7712259888648987,3.496649980545044,0.117181196808815,3.076319694519043,-0.13129305839538574,3.0426437854766846,-1.3718581199645996,-3.1135005950927734,-1.9817818403244019,-2.8541126251220703,-3.38285231590271,-3.3558433055877686,-3.3274474143981934,-3.0529685020446777,-2.7578818798065186,-3.423795461654663,-2.489423990249634,-3.139652729034424,-1.9697539806365967,-3.218416690826416,-1.863741159439087,-3.5469470024108887,-1.678571343421936,-3.6120121479034424,-1.7256929874420166,-3.490344762802124,-1.8171063661575317,-3.4310483932495117,-1.7677775621414185,-3.328362464904785,-1.8609590530395508,-3.2117950916290283,-1.847611665725708,-3.3989930152893066,-1.8900376558303833,-3.393315315246582,-1.867586612701416,-3.3469696044921875,-1.8696787357330322,-3.495864152908325,-1.8099098205566406,-3.1339170932769775,-1.8789499998092651,-2.9329705238342285,-3.3478152751922607,-1.2041336297988892,-3.3203766345977783,1.2053470611572266,-3.1866586208343506,2.580660820007324,-3.199920654296875,3.171699047088623,-3.2608606815338135,3.0713863372802734,-2.5810229778289795,3.547370433807373,-3.1369385719299316,3.4496052265167236,-3.0864250659942627,3.5448248386383057,-3.022545337677002,3.2749991416931152,-2.8767073154449463,3.3742635250091553,-1.357654333114624,3.352877140045166,-0.07894986122846603,3.2862658500671387,1.2462310791015625,1.9944727420806885,3.4687654972076416,0.9010356068611145,3.128127098083496,0.45499855279922485,3.46124267578125,0.15665626525878906,3.0123536586761475,0.013189728371798992,3.0162127017974854,-0.43396589159965515,3.0884859561920166,-0.5832739472389221,3.158412456512451,-0.1430484652519226,3.5420408248901367,-0.38434162735939026,3.0242607593536377,-0.38946181535720825,3.2092814445495605,3.1784942150115967,3.139066219329834,3.3493402004241943,2.1204347610473633,3.0742337703704834,0.14682407677173615,2.4841978549957275,-3.38008189201355,1.5559265613555908,-3.347419500350952,1.8528001308441162,-3.336354970932007,1.4723442792892456,-3.5113251209259033,1.536411166191101,-3.0856072902679443,0.8344600796699524,-3.739974021911621,0.7597295045852661,-3.0791773796081543,0.7626314759254456,-3.0837035179138184,0.6545255184173584,-3.055238723754883,1.12918221950531,-3.1518332958221436,0.6896255612373352,-3.6927719116210938,0.5243881940841675,-3.0321242809295654,0.9622728824615479,-3.676124095916748,0.6920026540756226,-3.760103702545166,1.1064645051956177,-3.700122594833374,0.6585966944694519,-3.6704506874084473,1.4258577823638916,-3.7216744422912598,1.0000091791152954,-3.622621774673462,1.1241521835327148,-3.711435317993164,1.1432093381881714,-3.664670467376709,0.5947985053062439,-3.0695905685424805,1.3406226634979248,-3.233372926712036,1.4776531457901,-3.2116222381591797,1.175567865371704,-3.122305154800415,1.5675171613693237,-3.2165865898132324,1.4856696128845215,-3.170130491256714,1.1453840732574463,-3.1568665504455566,1.5501453876495361,-3.208347797393799,1.374711513519287,-3.226621150970459,0.9844581484794617,-3.214251756668091,1.449549674987793,-3.2308852672576904,1.1608586311340332,-3.260441541671753,1.0247541666030884,-3.2502288818359375,1.3071527481079102,-3.281589984893799,0.657412588596344,-3.178875684738159,0.7936350703239441,-3.1741175651550293,0.9979922771453857,-3.272001028060913,0.35918211936950684,-3.1232035160064697,0.6478068828582764,-3.0989413261413574,0.8188329339027405,-3.0548651218414307,-0.2303244024515152,-3.4943838119506836,-0.4510846436023712,-3.0963964462280273,-3.601548910140991,-2.372096061706543,-3.407968282699585,-0.8635356426239014,-3.6818158626556396,-0.24398978054523468,-3.0643177032470703,1.5754034519195557,-3.179729700088501,3.152805805206299,-3.571882724761963,4.053109169006348,-2.333613872528076,3.1821467876434326,-1.9559996128082275,3.1254119873046875,-2.0739946365356445,3.1192526817321777,-2.1569337844848633,3.1311357021331787,-2.0750293731689453,3.5744447708129883,-1.7027376890182495,3.2948837280273438,-1.835568904876709,3.30723237991333,-1.5342403650283813,3.1257712841033936,-1.9199302196502686,3.095318555831909,-2.1762351989746094,3.078645944595337,-2.3540687561035156,3.6805949211120605,-2.816209554672241,3.6522953510284424,-2.402456045150757,3.65507435798645,-2.5703086853027344,3.5896029472351074,-2.9692249298095703,3.562201976776123,-2.6262972354888916,3.5004005432128906,-3.111767053604126,3.678117036819458,-2.5112388134002686,3.449965238571167,-2.9455947875976562,3.7034428119659424,-2.3841075897216797,3.4513280391693115,-2.8087143898010254,3.3427231311798096,-2.5690505504608154,3.386380672454834,-2.692091703414917,3.3295373916625977,-2.2630701065063477,3.314746618270874,-2.7845895290374756,3.4233286380767822,-2.62949800491333,3.3104746341705322,-2.845914125442505,3.538898468017578,-2.4934449195861816,3.1709864139556885,-2.7731854915618896,3.4645278453826904,-3.285947799682617,3.2885582447052,-3.6509206295013428,2.098331928253174,-3.488091230392456,0.872387170791626,-3.293545961380005,0.49124327301979065,-3.757556438446045,0.45159250497817993,-3.222843885421753,0.5275722146034241,-3.011204719543457,-0.7745647430419922,-1.148958444595337,-3.200989246368408,1.906450629234314,-3.1627490520477295,0.7571651339530945,-3.264331817626953,1.297926664352417,-3.235100507736206,0.9460083246231079,-3.2521278858184814,1.4626117944717407,-3.280942678451538,2.463047504425049,-3.388378381729126,1.869324803352356,-3.201087713241577,2.2199037075042725,-3.3896360397338867,2.1177024841308594,-3.2104406356811523,1.4843214750289917,-3.089285135269165,1.8041349649429321,-3.163100004196167,1.2760199308395386,-3.1820366382598877,1.237806797027588,-3.235973596572876,1.1673243045806885,-3.1022839546203613,1.4370272159576416,-3.389265298843384,0.45271411538124084,-3.440154790878296,1.0857627391815186,