{"bimodal":false,"column_names":[""],"dimension":2,"dimension_input":0,"label":"forme2-15","data":[3.1161582469940186,-1.1516544818878174,3.1692235469818115,-0.6049375534057617,3.0003435611724854,0.5708224773406982,3.2238261699676514,1.1012147665023804,3.361492395401001,0.7917090654373169,3.0271477699279785,0.4613167643547058,3.4167892932891846,-0.37342962622642517,3.3383076190948486,-0.4504127502441406,3.2213594913482666,-0.9928159117698669,3.002772092819214,-2.220503330230713,3.3016915321350098,-3.368664503097534,2.9651763439178467,-3.3042378425598145,2.9787979125976562,-3.1704659461975098,2.7223899364471436,-3.2433993816375732,2.2486562728881836,-3.355807065963745,1.8200769424438477,-3.5529637336730957,1.307650089263916,-3.095916509628296,1.7925008535385132,-3.5124025344848633,2.1808464527130127,-3.5015580654144287,2.39408540725708,-3.749955177307129,2.039459466934204,-3.678727865219116,1.724373698234558,-3.1469805240631104,1.7038060426712036,-3.194567918777466,1.6648352146148682,-3.1645519733428955,1.8315210342407227,-3.238621711730957,1.7501757144927979,-3.2851696014404297,1.993661880493164,-3.286547899246216,1.8013800382614136,-3.0672104358673096,1.8495417833328247,-3.081573724746704,2.360731363296509,-3.646514892578125,2.5676324367523193,-3.5873794555664062,2.5387842655181885,-3.420866012573242,2.49847674369812,-3.5003104209899902,2.543179750442505,-3.4979355335235596,2.2927207946777344,-3.638136625289917,2.387880802154541,-3.549415111541748,2.11578106880188,-3.2959678173065186,2.3823862075805664,-3.42291522026062,2.220503091812134,-3.158856153488159,2.4636151790618896,-3.367786407470703,2.568373680114746,-3.2609620094299316,3.0624189376831055,-2.396791458129883,3.499929428100586,-1.4654197692871094,3.2414402961730957,0.3321057856082916,1.7496874332427979,3.0591235160827637,0.7418397665023804,3.0290215015411377,0.1314147263765335,3.058572769165039,-0.49500399827957153,3.1932761669158936,-0.9150198698043823,3.4957313537597656,-1.2510907649993896,3.3882896900177,-0.9785406589508057,3.3075923919677734,-1.0107908248901367,3.277315139770508,-0.9343686103820801,3.0558483600616455,-0.6623958945274353,3.392143726348877,-0.5643618702888489,3.572601556777954,-0.7029771208763123,3.7107787132263184,-0.5976409316062927,3.7935149669647217,-0.7951327562332153,3.9767680168151855,-0.5276708602905273,3.8525991439819336,-0.5255628824234009,3.039659261703491,-0.7846828699111938,3.899906873703003,-0.5292735695838928,3.5739035606384277,-0.7467968463897705,3.68613338470459,-0.7717054486274719,3.7087059020996094,-0.5707719326019287,3.7342658042907715,-0.6881257891654968,3.7839081287384033,-0.7385475635528564,3.565911054611206,-0.5710381269454956,3.3899447917938232,-0.7546762824058533,3.4159762859344482,-0.9232343435287476,3.383436679840088,-0.6757623553276062,3.2978878021240234,-0.8895123600959778,3.290130376815796,-0.9441383481025696,3.1967666149139404,-0.6828442215919495,3.0850024223327637,-0.8929650187492371,3.1632580757141113,-0.8162299394607544,3.0842227935791016,-0.5658083558082581,3.0991151332855225,-0.9315646886825562,3.134626865386963,-0.980715274810791,3.655578136444092,-1.021674633026123,3.7257473468780518,-1.1685887575149536,3.0025205612182617,-1.8678193092346191,3.4507007598876953,-2.9233829975128174,3.229069232940674,-3.248483180999756,3.1421515941619873,-3.39469838142395,3.4271159172058105,-2.960087776184082,3.3314309120178223,-0.48794686794281006,-3.0475013256073,-1.8520047664642334,-3.174593687057495,-1.6353435516357422,-3.270606279373169,-0.9931769967079163,-3.2935585975646973,-1.3024665117263794,-3.0028469562530518,-0.6781219244003296,-3.1967251300811768,0.5611247420310974,-3.0789783000946045,0.9406689405441284,-3.4139859676361084,0.8048005700111389,-3.2720539569854736,0.36863258481025696,-3.2314021587371826,-3.308980941772461,-2.066103935241699,-3.1875216960906982,2.383793592453003,-3.081209182739258,2.880439281463623,-3.403712749481201,3.0358448028564453,-3.351727247238159,2.4201159477233887,-3.061492919921875,1.7858812808990479,-3.1170260906219482,1.2852144241333008,-3.444943904876709,1.5428880453109741,-3.3129773139953613,1.602705478668213,-3.014289140701294,1.5992655754089355,-3.2565150260925293,2.084639549255371,-3.0421431064605713,2.195565700531006,-0.7323678731918335,3.151803970336914,0.19542889297008514,3.304780960083008,1.0073367357254028,3.03539776802063,3.437894821166992,2.750643014907837,3.3162782192230225,1.3585413694381714,3.284644365310669,1.6197141408920288,3.4025280475616455,1.648463249206543,3.019274950027466,1.2327020168304443,3.5040416717529297,1.0720618963241577,3.370333194732666,1.2523683309555054,3.1959874629974365,0.850522518157959,3.156493902206421,0.9541904926300049,3.328752279281616,0.7764971852302551,3.5778732299804688,1.1396907567977905,3.0787909030914307,0.8299566507339478,3.3268439769744873,1.3359843492507935,3.3635358810424805,1.2274622917175293,3.5485589504241943,1.1119328737258911,3.4356608390808105,1.0872783660888672,3.3916850090026855,1.112043857574463,3.3589186668395996,1.0910922288894653,3.413907051086426,1.1528730392456055,2.4143741130828857,3.300431728363037,-1.1362762451171875,3.369885206222534,-3.1493749618530273,3.2122786045074463,-3.254930019378662,2.479029893875122,-3.4382805824279785,2.0620081424713135,-3.284221649169922,1.5136452913284302,-3.222616672515869,1.3446104526519775,-3.53912615776062,0.5133604407310486,-3.594226121902466,-0.563407838344574,-3.191593885421753,-0.598111093044281,-3.524118423461914,-0.9280195236206055,-3.187678575515747,-0.5841286778450012,-3.284390926361084,-0.9890361428260803,-3.2505364418029785,-1.8938509225845337,-3.4113240242004395,-2.5343360900878906,-3.314640998840332,-2.145474910736084,-3.140716314315796,-2.3352909088134766,-3.3875961303710938,-2.8052756786346436,-3.0440926551818848,-1.865937352180481,-3.2991271018981934,-2.4464709758758545,-3.0974671840667725,-1.8996721506118774,-3.014616012573242,-2.2807250022888184,-3.054598093032837,-2.952639102935791,-3.4911890029907227,-2.683303117752075,-3.0389931201934814,-2.420536756515503,-3.178955078125,-2.148441791534424,-3.168189525604248,-2.3917715549468994,-3.101588726043701,-2.2053487300872803,-3.1226534843444824,-2.3454747200012207,-3.038468837738037,-2.2104835510253906,-3.0402464866638184,-2.3041625022888184,-3.4129371643066406,-2.5191452503204346,-3.341078758239746,-2.6015734672546387,-3.3789989948272705,-3.1704633235931396,-2.4155263900756836,-3.1389083862304688,-1.654617190361023,-3.0158350467681885,-1.4535002708435059,-3.1042909622192383,-1.0990601778030396,-3.0729551315307617,-0.3002788722515106,-3.379481554031372,0.49314478039741516,-3.186720371246338,1.0145505666732788,-3.209355354309082,1.130468726158142,-3.2824106216430664,0.9578424692153931,-3.329375743865967,0.7877589464187622,-3.2958385944366455,0.9016655087471008,-3.384814977645874,1.0182663202285767,-3.295114517211914,1.0237756967544556,-3.3440065383911133,1.0592869520187378,-3.355642795562744,1.0228886604309082,-3.336198091506958,0.9641221761703491,-3.4598562717437744,0.9909045696258545,-3.5325112342834473,0.8100140690803528,-3.617551565170288,0.8241344690322876,-3.574129819869995,0.7598228454589844,-3.492161750793457,0.4948803782463074,-3.2389562129974365,0.971158504486084,-3.555891990661621,1.1696033477783203,-3.5875918865203857,1.2873895168304443,-3.733936071395874,1.4112727642059326,-3.644686698913574,1.8684864044189453,-3.492506980895996,2.261251449584961,-3.2351105213165283,3.1176271438598633,-2.852116107940674,3.1070449352264404,-0.1560814380645752,3.4768433570861816,1.4274637699127197,3.0976998805999756,2.0592639446258545,3.013503074645996,2.996392250061035,2.8721492290496826,3.553278923034668,1.9480122327804565,3.264906167984009,1.219393014907837,3.2505860328674316,0.7856666445732117,3.1113295555114746,0.2960312068462372,3.1137125492095947,-0.23813192546367645,3.486419677734375,-0.7422000765800476,3.275787591934204,-1.3458008766174316,3.3040966987609863,-1.797598123550415,3.34745717048645,-1.9915573596954346,3.384385585784912,