{"bimodal":false,"column_names":[""],"dimension":2,"dimension_input":0,"label":"forme3-10","data":[-2.5211985111236572,-3.0174691677093506,-3.3398935794830322,-2.448446273803711,-3.2812411785125732,-3.0127995014190674,-1.8294512033462524,-3.0318212509155273,-0.5674176216125488,-3.3708455562591553,0.20667368173599243,-3.1207354068756104,0.413642019033432,-3.3065426349639893,0.46611037850379944,-3.336460828781128,0.34944024682044983,-3.38489031791687,0.273953914642334,-3.2096800804138184,0.24686211347579956,-3.3453032970428467,0.21180330216884613,-3.4018092155456543,0.15607570111751556,-3.4807305335998535,-0.17170093953609467,-3.4204540252685547,-0.029581613838672638,-3.052554130554199,-0.14422127604484558,-3.134554862976074,-0.14869694411754608,-3.043806791305542,-0.2886931896209717,-3.6397581100463867,-0.2708180844783783,-3.1106653213500977,-0.15773405134677887,-3.1382856369018555,-0.24028480052947998,-3.69213604927063,-0.2789808213710785,-3.040814161300659,-0.20232802629470825,-3.3390684127807617,-0.38317781686782837,-3.23490834236145,-0.4177054464817047,-3.0262362957000732,-0.5551239252090454,-3.6115756034851074,-0.5535143613815308,-3.0392606258392334,-0.5397121906280518,-3.1094725131988525,-0.6750243306159973,-3.0583202838897705,-0.8568588495254517,-3.0400028228759766,-1.105051875114441,-3.0135512351989746,-1.6243139505386353,-3.7658069133758545,-1.3670742511749268,-3.126671075820923,-1.439744234085083,-3.634758234024048,-1.1497048139572144,-3.720498561859131,-1.0867232084274292,-3.691472053527832,-1.2244271039962769,-3.7428760528564453,-1.294352650642395,-3.7214534282684326,-1.3825944662094116,-3.7620198726654053,-1.083347201347351,-3.027169942855835,-1.4467118978500366,-3.7584524154663086,-1.131453514099121,-3.0446040630340576,-1.1142579317092896,-3.0917725563049316,-1.2986167669296265,-3.7220637798309326,-1.232873797416687,-3.698469638824463,-1.2801841497421265,-3.675391674041748,-1.267349362373352,-3.7200446128845215,-1.3360753059387207,-3.7339706420898438,-1.044341802597046,-3.0024356842041016,-1.321900725364685,-3.6756346225738525,-1.3238742351531982,-3.7215452194213867,-1.4828839302062988,-3.4947431087493896,-1.431320309638977,-3.5576138496398926,-1.180307149887085,-3.0005502700805664,-3.0445895195007324,-2.7405197620391846,-3.0818092823028564,-0.05754554271697998,-3.461181879043579,1.7853193283081055,-3.6500256061553955,2.7490246295928955,-3.6821117401123047,2.8595986366271973,-3.651535749435425,2.8592641353607178,-3.6394460201263428,3.0488271713256836,-3.547450542449951,3.2751071453094482,-2.761256456375122,3.09956955909729,-1.7121350765228271,3.026184558868408,-1.3935571908950806,3.258239984512329,-1.2452278137207031,3.3197011947631836,-1.279679536819458,3.333949565887451,-1.3821494579315186,3.3931639194488525,-1.5851763486862183,3.3657848834991455,-2.085052490234375,3.3934476375579834,-2.7579128742218018,3.568510055541992,-3.2426929473876953,3.942674398422241,-2.736567735671997,3.014493703842163,-2.848280191421509,3.0333666801452637,-3.822972059249878,3.9387662410736084,-3.8318867683410645,3.7500600814819336,-3.8240742683410645,3.7220096588134766,-3.829646587371826,3.681220769882202,-3.772710084915161,3.567319393157959,-3.7301464080810547,3.0051755905151367,-3.737668991088867,2.385910749435425,-3.853708028793335,1.6999833583831787,-3.924187421798706,1.300187110900879,-3.004413604736328,0.9135738015174866,-3.0727028846740723,0.9315032958984375,-3.0557801723480225,0.9708020687103271,-3.9669837951660156,1.2388468980789185,-3.9161534309387207,1.3066296577453613,-3.6875505447387695,1.190958857536316,-3.352731227874756,0.4398697018623352,-3.0975046157836914,-0.3036210238933563,-0.4066529870033264,-3.1069047451019287,1.6611967086791992,-3.532045841217041,2.0403668880462646,-3.2566096782684326,2.75447940826416,-3.741175889968872,2.5732414722442627,-3.030371904373169,3.1897616386413574,-3.153937339782715,3.4746921062469482,-3.1631734371185303,3.5835888385772705,-3.2376415729522705,3.583237648010254,-3.3274667263031006,3.472010612487793,-3.2510716915130615,3.3559937477111816,-3.210742950439453,3.320765495300293,-3.243957996368408,3.2311336994171143,-3.2119781970977783,3.169414520263672,-3.123175859451294,3.062567710876465,-3.0701632499694824,2.954709768295288,-3.104231595993042,2.853560447692871,-3.064955234527588,2.7028493881225586,-3.1019763946533203,2.484448194503784,-3.08988094329834,2.345224618911743,-3.0582387447357178,2.275592088699341,-3.0276358127593994,2.192396879196167,-3.0007739067077637,2.1627604961395264,-3.03425931930542,2.1507794857025146,-3.0486509799957275,2.145108461380005,-3.082566261291504,2.159777879714966,-3.010798692703247,2.8387162685394287,-3.9558217525482178,2.151414632797241,-3.0491416454315186,2.1441502571105957,-3.04264235496521,1.94413161277771,-3.0956289768218994,2.5660417079925537,-3.9686872959136963,2.038569927215576,-3.1233506202697754,1.9654465913772583,-3.1880078315734863,1.8675154447555542,-3.124915599822998,1.8882050514221191,-3.1313443183898926,1.906853437423706,-3.2010819911956787,1.8863950967788696,-3.1651852130889893,1.8576879501342773,-3.150733232498169,1.8678795099258423,-3.123826265335083,1.9136931896209717,-3.107401132583618,1.9545866250991821,-3.0992538928985596,1.970631718635559,-3.0723495483398438,2.8035333156585693,-3.994053363800049,3.078733444213867,-3.9791195392608643,2.368551731109619,-3.0166127681732178,3.218751907348633,-3.97784686088562,3.2663254737854004,-3.935462713241577,3.2471730709075928,-3.920833110809326,3.350964069366455,-3.9406704902648926,3.3862366676330566,-3.845221996307373,3.335540533065796,-3.876729726791382,3.346803903579712,-3.846635341644287,3.2939682006835938,-3.8454036712646484,3.2743031978607178,-3.822087526321411,3.2406065464019775,-3.8329083919525146,3.174307107925415,-3.8052403926849365,3.119119644165039,-3.730543613433838,2.8885390758514404,-3.7413485050201416,1.8701151609420776,-3.7673592567443848,0.8407895565032959,-3.3705883026123047,0.3419068157672882,-3.202615737915039,-0.5777289867401123,-3.248358964920044,-3.043755292892456,-1.8316833972930908,-3.0996410846710205,-0.05396106839179993,-3.3722903728485107,0.5042884945869446,-3.0640265941619873,0.9379433989524841,-3.7114784717559814,1.8843096494674683,-3.6583657264709473,2.1066339015960693,-3.603642463684082,1.8741662502288818,-3.6934640407562256,1.9066392183303833,-3.7180399894714355,1.6013593673706055,-3.5588505268096924,1.2981480360031128,-3.4711954593658447,1.761259913444519,-3.4638283252716064,1.843762755393982,-3.3833441734313965,1.6892553567886353,-3.4850211143493652,1.6320791244506836,-3.503307580947876,1.6165083646774292,-3.559464693069458,1.6324281692504883,-3.6934287548065186,1.469895601272583,-3.5849032402038574,1.2885730266571045,-3.0172250270843506,0.9509895443916321,-3.183971881866455,1.0027422904968262,-3.1766932010650635,0.8910320401191711,-3.2431771755218506,1.006018877029419,-3.144998073577881,0.9669639468193054,-3.6918351650238037,0.5767237544059753,-3.0218684673309326,0.031065071001648903,-3.1454389095306396,-0.11170049011707306,-3.1107912063598633,-0.21989288926124573,-3.606976270675659,-0.6271311640739441,-3.4379260540008545,-0.9533344507217407,-3.4598255157470703,-0.901848554611206,-3.366734504699707,-1.5989761352539062,-2.6933023929595947,-3.3644096851348877,-1.2388697862625122,-3.1897523403167725,0.6412570476531982,-3.0182278156280518,0.8056238889694214,-3.0907859802246094,0.750117838382721,-3.2972421646118164,0.5802505016326904,-3.2470905780792236,-3.3394031524658203,-0.9160518646240234,-3.0323102474212646,2.094118356704712,-2.4264016151428223,3.4553844928741455,-0.7240526080131531,3.5631492137908936,0.12570828199386597,3.4599061012268066,0.2892235517501831,3.5988821983337402,0.43582895398139954,3.6065280437469482,0.607631504535675,3.675478458404541,0.6435667276382446,3.6408984661102295,0.7057141065597534,3.673593282699585,0.741780698299408,3.6681766510009766,0.6249597668647766,3.680945634841919,0.46833476424217224,3.7203080654144287,0.5017499327659607,3.6808884143829346,