{"bimodal":false,"column_names":[""],"dimension":2,"dimension_input":0,"label":"forme1-17","data":[2.856924295425415,3.3667502403259277,1.4228169918060303,3.5602991580963135,0.481982558965683,3.2937982082366943,0.004046654794365168,3.627037525177002,-0.6785165071487427,3.533003330230713,-1.164869785308838,3.020782947540283,-1.5505391359329224,3.019136667251587,-1.8489166498184204,3.2989935874938965,-1.7803118228912354,3.3251705169677734,-1.5219122171401978,3.114934206008911,-1.1575515270233154,3.0385804176330566,-0.5492886304855347,3.079911708831787,-0.30682840943336487,3.5455076694488525,0.05928177013993263,3.6215403079986572,0.2803756594657898,3.6219048500061035,0.23493990302085876,3.8555428981781006,0.09936800599098206,4.003622055053711,0.050180137157440186,3.924699306488037,0.04289483278989792,3.7976717948913574,0.03613787889480591,3.7903292179107666,-0.14461655914783478,3.8945517539978027,-0.20959651470184326,3.777543544769287,-0.21612396836280823,3.67167592048645,-0.25900694727897644,3.8069257736206055,-0.1462753266096115,3.5420093536376953,0.031003976240754128,3.271385431289673,-0.038051825016736984,3.3222572803497314,0.11957458406686783,3.0253398418426514,0.5305758714675903,3.7314720153808594,0.5197261571884155,3.8046951293945312,0.7576838135719299,3.5564684867858887,1.1003178358078003,3.106663703918457,1.9386203289031982,3.45092511177063,2.220578908920288,3.203488826751709,2.2582921981811523,3.1210055351257324,2.644913673400879,3.0306506156921387,-3.2672109603881836,1.2747968435287476,-3.359872817993164,-0.055414892733097076,-3.282946825027466,0.08044809103012085,-3.603109836578369,0.5632482171058655,-3.6838817596435547,0.7966242432594299,-3.730804443359375,0.8693192005157471,-3.8026983737945557,0.9337096214294434,-3.820845127105713,1.1631362438201904,-3.829252243041992,1.1001482009887695,-3.9078116416931152,1.0862005949020386,-3.7642831802368164,0.8101561069488525,-3.3653271198272705,0.1135813519358635,-3.479912519454956,-0.11643248051404953,-3.4808013439178467,-0.03936752304434776,-3.4035544395446777,-0.09189020842313766,-3.370455026626587,-0.02064555324614048,-3.3767600059509277,-0.055069804191589355,-3.3051693439483643,-0.04659484326839447,-3.349514961242676,0.005099266767501831,-3.289517402648926,-0.11750072240829468,-3.188418388366699,-0.4225570857524872,-3.285057306289673,-0.8224853873252869,-3.2539072036743164,-1.141311764717102,-3.188361167907715,-1.1744143962860107,-3.191450357437134,-1.3289169073104858,-3.2048423290252686,-1.3409053087234497,-3.5900981426239014,-2.6841394901275635,-3.4563207626342773,-2.9792399406433105,-3.331530809402466,-3.1248834133148193,-3.1309313774108887,-3.2588462829589844,-1.979967474937439,-3.260599374771118,-1.634979486465454,-3.4256086349487305,-1.7206823825836182,-3.5365819931030273,-1.8953845500946045,-3.5074291229248047,-1.9393274784088135,-3.534200429916382,-1.9081324338912964,-3.5416831970214844,-1.9609688520431519,-3.440410852432251,-1.5105810165405273,-3.4154629707336426,-0.7525853514671326,-3.2203004360198975,-0.18901950120925903,-3.626513719558716,0.03362557664513588,-3.1296141147613525,3.097616195678711,-0.6405008435249329,3.405202627182007,2.0654115676879883,3.294771194458008,2.8066937923431396,3.0518391132354736,2.066779136657715,3.158463478088379,1.9591379165649414,3.254384756088257,1.9731690883636475,3.1875879764556885,1.9072209596633911,3.247241258621216,1.9163204431533813,3.2238306999206543,1.7864753007888794,3.2044198513031006,1.8110570907592773,3.4411063194274902,1.6736191511154175,3.4485578536987305,1.582896113395691,3.521061658859253,1.714128851890564,3.4802279472351074,1.6615138053894043,3.5078835487365723,1.6623464822769165,3.369887590408325,1.9967924356460571,3.3080976009368896,1.04744553565979,3.1174211502075195,-1.2688285112380981,2.4982311725616455,-3.1114487648010254,1.8463737964630127,-3.2234089374542236,0.1684940755367279,-3.4450266361236572,-1.4206253290176392,-3.5024166107177734,-1.6334428787231445,-3.3682682514190674,-2.037806272506714,-3.232815980911255,-2.1426103115081787,-3.362501382827759,-2.104612350463867,-3.2959914207458496,-2.0078284740448,-3.4340343475341797,-2.3453190326690674,-3.4231514930725098,-2.7287561893463135,-3.3221566677093506,-2.965538740158081,-3.101677417755127,-3.154686689376831,-2.985513925552368,-3.3012502193450928,-2.8713881969451904,-3.481229782104492,-2.8374369144439697,-3.467000722885132,-2.687222719192505,-3.4639222621917725,-2.6671652793884277,-3.685994863510132,-2.641334295272827,-3.339075803756714,-2.8654444217681885,-3.158552885055542,-2.921114206314087,-3.4807682037353516,-2.2359488010406494,-3.016110897064209,-1.1497235298156738,-3.062898874282837,-1.1613295078277588,-3.0815727710723877,-1.3008193969726562,-3.267549514770508,-1.1323457956314087,-3.425063133239746,-0.9571355581283569,-3.375816822052002,-1.0104095935821533,-3.4268126487731934,-0.9088917970657349,-3.507988452911377,-0.6720154881477356,-3.491145372390747,-0.4792843163013458,-3.4218335151672363,-0.5116481781005859,-3.5409188270568848,-0.5933367013931274,-3.535125255584717,-0.6871883869171143,-3.38189697265625,-0.8083579540252686,-3.3279037475585938,-0.8487420678138733,-3.413814067840576,-0.8018891215324402,-3.4211997985839844,-0.3251616656780243,-3.2630867958068848,0.008701606653630733,-3.3488502502441406,2.214967966079712,-2.1925690174102783,3.1742775440216064,-2.192596435546875,3.5915682315826416,-2.275728464126587,3.582885503768921,-2.1698265075683594,3.465773582458496,-1.9914207458496094,3.454618215560913,-1.8538973331451416,3.2836146354675293,-1.4914419651031494,3.223151922225952,-0.799232006072998,3.353543758392334,0.7423025965690613,3.3495545387268066,1.6459035873413086,3.127704620361328,2.1112301349639893,3.101334810256958,2.896845817565918,3.563525915145874,2.221804141998291,3.018043279647827,1.8603404760360718,3.3371169567108154,1.9028838872909546,3.2547333240509033,2.004338502883911,3.2453055381774902,1.9087326526641846,3.2708771228790283,1.7738559246063232,3.369025945663452,1.7679603099822998,3.4131627082824707,1.599871277809143,3.4223110675811768,1.3390995264053345,3.661546230316162,0.8056396245956421,3.081184148788452,1.0558454990386963,3.7064590454101562,0.46116605401039124,3.23681902885437,-0.2256379872560501,3.3316917419433594,-0.8518476486206055,3.5459542274475098,-1.3319225311279297,3.585296869277954,-1.8213410377502441,3.1942193508148193,-2.7743046283721924,3.1533076763153076,-3.0557658672332764,2.848402976989746,-3.254282236099243,2.845003604888916,-3.3135647773742676,2.506622314453125,-3.0859875679016113,-1.086544394493103,-3.2619173526763916,-1.3501458168029785,-3.2369821071624756,-1.1374220848083496,-3.3408915996551514,-1.0376750230789185,-3.4377670288085938,-0.9156503677368164,-3.41129469871521,-0.9786538481712341,-3.359375,-1.264884114265442,-3.1784188747406006,-1.398124098777771,-3.379024028778076,-2.3719019889831543,-3.407682180404663,-2.459596872329712,-3.523127317428589,-2.5916807651519775,-3.0061497688293457,-2.1964216232299805,-3.159938097000122,-2.041600227355957,-3.2128348350524902,-1.9124653339385986,-3.1910367012023926,-3.4204885959625244,-2.0733566284179688,-3.624830722808838,-2.3009250164031982,-3.3444173336029053,-2.3953115940093994,-3.2809903621673584,-2.4662115573883057,-3.3639817237854004,-3.092339038848877,-3.2995285987854004,-2.8237576484680176,-3.2096757888793945,-2.630481719970703,-3.3384499549865723,-2.803809881210327,-3.188506603240967,-2.574131727218628,-3.6191914081573486,-1.8046989440917969,-3.1488733291625977,-2.8683316707611084,-3.6755669116973877,-2.2360284328460693,-3.0355288982391357,-1.8513137102127075,-3.2335054874420166,-1.7710379362106323,-3.1883788108825684,-1.4246528148651123,-3.508779764175415,-1.0482239723205566,-3.7532341480255127,-1.2126542329788208,-3.4849772453308105,-0.8676024675369263,-3.6481878757476807,-0.2713151276111603,-3.0393218994140625,-0.47534215450286865,-3.0394175052642822,-0.27953433990478516,-3.300366163253784,-0.26782292127609253,-3.3577325344085693,-0.4265722632408142,-3.229808807373047,