{"bimodal":false,"column_names":[""],"dimension":2,"dimension_input":0,"label":"forme2-11","data":[-1.1502643823623657,-3.0039803981781006,-0.8799446225166321,-3.093263626098633,-0.005653284955769777,-3.2230825424194336,0.16426001489162445,-3.2294068336486816,0.2181245982646942,-3.150845527648926,0.6885367631912231,-3.2377126216888428,0.7224206924438477,-3.230674982070923,0.8075961470603943,-3.1468560695648193,0.9211161732673645,-3.095055103302002,0.8964670300483704,-3.0413501262664795,0.9924138188362122,-3.2217981815338135,0.9059593081474304,-3.39414644241333,1.01103937625885,-3.3711321353912354,1.1203469038009644,-3.3469812870025635,1.0373468399047852,-3.443718194961548,0.7118142247200012,-3.0204732418060303,0.928412139415741,-3.3369381427764893,0.9992571473121643,-3.219569206237793,1.3900337219238281,-3.1850392818450928,2.1216135025024414,-3.076467514038086,2.451833486557007,-3.0989620685577393,2.57432222366333,-3.2077443599700928,2.590688943862915,-3.238471269607544,2.535072088241577,-3.1870474815368652,3.01017165184021,-2.899245500564575,3.0626347064971924,-2.3697187900543213,3.1288771629333496,1.729902982711792,1.5640770196914673,3.513120174407959,0.4937465786933899,3.147806406021118,-0.139827162027359,3.9404656887054443,-0.35005298256874084,3.238332986831665,-0.5030882358551025,3.4411351680755615,-0.5412195324897766,3.4341769218444824,-0.5574691891670227,3.460827589035034,-0.6070961356163025,3.451683759689331,-0.6062947511672974,3.5169544219970703,-0.7430038452148438,3.6108815670013428,-0.9134374260902405,3.7200443744659424,-1.0625685453414917,3.768765687942505,-1.1091245412826538,3.7881503105163574,-1.2048985958099365,3.7641561031341553,-1.2606351375579834,3.5797224044799805,-1.2803574800491333,3.2394227981567383,-1.853574514389038,3.889930248260498,-1.9671244621276855,3.694087028503418,-1.9181984663009644,3.7363038063049316,-0.58025723695755,3.3442182540893555,3.1785037517547607,1.0834161043167114,3.012138843536377,-0.5232456922531128,3.5912716388702393,-0.9476655721664429,3.6938579082489014,-1.0225484371185303,3.68998646736145,-1.6821619272232056,3.7462270259857178,-2.2274630069732666,3.7530741691589355,-2.395814895629883,3.7261297702789307,-2.467174768447876,3.69895601272583,-2.51383376121521,3.321171998977661,-2.893528461456299,2.9551191329956055,-3.0505564212799072,2.9290857315063477,-3.1862075328826904,2.959540605545044,-3.1296610832214355,3.0324339866638184,-3.028134822845459,3.362743616104126,-3.1635684967041016,3.547386884689331,-3.250138521194458,3.366025924682617,-3.2686705589294434,2.941556453704834,-3.2741191387176514,2.676847457885742,-3.5417819023132324,2.112311840057373,-3.4489288330078125,1.781227946281433,-3.499533176422119,1.3643661737442017,-3.4611849784851074,1.4768847227096558,-3.553349494934082,1.7704569101333618,-3.8773717880249023,1.3912724256515503,-3.780454158782959,1.4007322788238525,-3.6624629497528076,1.3686710596084595,-3.050585985183716,1.2857043743133545,-3.634659767150879,1.5500792264938354,-3.5799264907836914,1.736212134361267,-3.8311209678649902,1.416452169418335,-3.5128366947174072,1.7494840621948242,-3.7084755897521973,1.643500804901123,-3.616722822189331,1.6911214590072632,-3.5127408504486084,1.796461820602417,-3.7238523960113525,1.6610164642333984,-3.457636594772339,2.3304312229156494,-3.5521364212036133,2.616323947906494,-3.20971941947937,3.0495975017547607,-3.0074572563171387,3.2083613872528076,-3.2582108974456787,3.0382797718048096,-1.8027114868164062,1.870102047920227,3.447920322418213,1.206167459487915,3.1615569591522217,1.0048669576644897,3.1210436820983887,0.2870655059814453,3.3964345455169678,0.4555024206638336,3.193218231201172,0.40509092807769775,3.1953835487365723,-0.7693297266960144,3.7122089862823486,-1.3117793798446655,3.896268129348755,-1.3349087238311768,3.869590997695923,-1.1166290044784546,3.856872081756592,-0.808887779712677,3.596041679382324,-0.5406434535980225,3.2670788764953613,-0.22892355918884277,3.0935003757476807,-0.06861834973096848,3.5783088207244873,0.36383214592933655,3.238513469696045,0.16515302658081055,3.0640177726745605,-0.2031821459531784,3.3350160121917725,-0.4682047665119171,3.40702486038208,-0.0915723666548729,3.470717430114746,-0.2560928463935852,3.3521854877471924,-0.35005006194114685,3.5531532764434814,-0.5869575142860413,3.6510117053985596,-0.5271046757698059,3.0559866428375244,-0.6769102215766907,3.0541186332702637,-0.5942016839981079,3.020212173461914,-0.8270239233970642,3.706753969192505,-0.9120445847511292,3.230154514312744,-0.8627579212188721,3.7725393772125244,-1.0208115577697754,3.234693765640259,-0.635015070438385,3.0811948776245117,-0.9372186660766602,3.225226640701294,-1.037949562072754,3.259044885635376,-0.8270016312599182,3.5860064029693604,-0.8636911511421204,3.3521618843078613,-1.4050318002700806,3.473935604095459,-1.3862329721450806,3.010165214538574,-1.5374040603637695,3.460974931716919,-1.6862928867340088,3.462831974029541,-1.3625810146331787,3.3518335819244385,-1.8366003036499023,3.332831859588623,-1.534238338470459,3.2549967765808105,-1.7455501556396484,3.290970802307129,-1.5272696018218994,3.1593470573425293,-1.3913999795913696,3.0225908756256104,-1.9819468259811401,3.4734463691711426,-3.51613450050354,1.3182412385940552,-3.2723989486694336,-0.902105987071991,-2.512906789779663,-3.1770076751708984,-0.9956321716308594,-3.461787462234497,0.43436142802238464,-3.043177604675293,0.17179180681705475,-3.443127155303955,0.15818063914775848,-3.1556925773620605,0.3150203227996826,-3.340914011001587,0.028104420751333237,-3.0829718112945557,0.13528236746788025,-3.0590922832489014,0.5232700109481812,-3.1151905059814453,-2.652616024017334,-3.0858254432678223,-3.0871622562408447,-1.1022191047668457,-3.553053140640259,0.8426629304885864,-3.191856622695923,1.002482295036316,-3.2358720302581787,1.4272211790084839,-3.3639209270477295,1.7559422254562378,-3.196796417236328,1.7468595504760742,-3.164409637451172,1.7815399169921875,-3.092123031616211,1.625974416732788,-3.0473532676696777,1.5784279108047485,-3.5244195461273193,1.781105875968933,-3.386258840560913,2.3038504123687744,-2.1371822357177734,3.1054913997650146,-1.795387864112854,3.661008596420288,1.0497208833694458,3.201202392578125,3.151196002960205,2.4740054607391357,3.4244673252105713,2.630934953689575,3.367661237716675,2.028806686401367,3.4731881618499756,1.8377054929733276,3.509855270385742,1.689479947090149,3.3849003314971924,1.6327499151229858,3.0678811073303223,2.0236411094665527,3.0654149055480957,2.0096840858459473,3.264719247817993,1.8129003047943115,3.458688259124756,1.6524657011032104,3.4154627323150635,1.638360857963562,3.251984119415283,1.272065281867981,3.287537097930908,1.7502901554107666,3.0824387073516846,1.4254734516143799,3.2112858295440674,1.793731927871704,3.108032703399658,1.4871059656143188,3.418976068496704,1.801877737045288,3.3790171146392822,1.8364423513412476,3.119615316390991,1.656755805015564,3.516885757446289,1.83010995388031,2.0934336185455322,3.4458329677581787,-1.6628283262252808,3.5854098796844482,-2.1516294479370117,3.2095730304718018,-3.208986520767212,2.2778513431549072,-3.549722194671631,1.0911720991134644,-3.4945998191833496,0.1814352571964264,-3.4194231033325195,-1.2559001445770264,-3.474088668823242,-1.404578447341919,-3.5476183891296387,-1.4662936925888062,-3.6420531272888184,-1.2780190706253052,-3.4518465995788574,-1.4219964742660522,-3.4555859565734863,-1.254757046699524,-3.247467041015625,-1.4042035341262817,-3.4719960689544678,-1.3870322704315186,-3.220466136932373,-1.2636387348175049,-3.537296772003174,-1.9741812944412231,-3.0867717266082764,-2.4761836528778076,-3.1033856868743896,-3.0790531635284424,-3.0399951934814453,-2.8395822048187256,-3.1981828212738037,-2.7554664611816406,-3.2927169799804688,-2.5825324058532715,-3.422628402709961,-2.457881212234497,-3.3003194332122803,-2.60378098487854,-3.285719394683838,-2.470548152923584,-3.284456968307495,-2.626821279525757,-3.2672646045684814,-2.5421276092529297,-3.2447762489318848,-2.7503294944763184,