{"bimodal":false,"column_names":[""],"dimension":2,"dimension_input":0,"label":"forme3-10","data":[-0.46567684412002563,-0.3021908104419708,-0.4681657552719116,-0.3944680690765381,-0.5513251423835754,-0.4489995837211609,-0.5613506436347961,-0.4385230243206024,-0.5229470729827881,-0.46635738015174866,-0.510077953338623,-0.5332350134849548,-0.4977971613407135,-0.5593058466911316,-0.49074405431747437,-0.5735989809036255,-0.4957549571990967,-0.5860205888748169,-0.527324914932251,-0.622842013835907,-0.5615030527114868,-0.6664853692054749,-0.5960342288017273,-0.7008842825889587,-0.6204084157943726,-0.732994556427002,-0.6293253302574158,-0.7612636089324951,-0.6425965428352356,-0.7861800193786621,-0.6661497354507446,-0.8105250000953674,-0.716578483581543,-0.8089741468429565,-0.7723410725593567,-0.7834181785583496,-0.8128662109375,-0.7642937898635864,-0.8288342356681824,-0.7689241170883179,-0.8108790516853333,-0.7779603004455566,-0.7872968316078186,-0.7870193123817444,-0.7723801732063293,-0.7828629016876221,-0.7626217603683472,-0.7835446000099182,-0.7458162903785706,-0.8046805262565613,-0.7219278812408447,-0.8474636673927307,-0.6828718781471252,-0.8897395133972168,-0.631633460521698,-0.9299616813659668,-0.5955252647399902,-0.9615826606750488,-0.5698633790016174,-0.9762945771217346,-0.5614659190177917,-0.94715815782547,-0.5904135704040527,-0.9386667013168335,-0.6119723916053772,-0.954261064529419,-0.6096965074539185,-0.9684773087501526,-0.5978532433509827,-0.9845287799835205,-0.6178262829780579,-0.9835169315338135,-0.6396536231040955,-0.9636974334716797,-0.6840840578079224,-0.9482612013816833,-0.718582272529602,-0.983048141002655,-0.7488439679145813,-1.0292950868606567,-0.790136992931366,-1.0713801383972168,-0.8076351284980774,-1.0895432233810425,-0.822216808795929,-1.0862675905227661,-0.8728737235069275,-1.040574550628662,-0.9334753751754761,-0.996630847454071,-0.9841242432594299,-0.9705021977424622,-1.0217413902282715,-0.9523990154266357,-1.0641112327575684,-0.9298069477081299,-1.080474615097046,-0.9107268452644348,-1.0741926431655884,-0.8938053250312805,-1.0766162872314453,-0.8682524561882019,-1.0989471673965454,-0.8472040295600891,-1.1151432991027832,-0.8432791829109192,-1.105254888534546,-0.8371400833129883,-1.1111314296722412,-0.8353919982910156,-1.1099196672439575,-0.8431422114372253,-1.063621163368225,-0.8652685880661011,-1.0002672672271729,-0.9036707878112793,-0.9409165382385254,-0.9420968890190125,-0.860677182674408,-0.987973153591156,-0.7668878436088562,-1.0411710739135742,-0.6662271618843079,-1.1192518472671509,-0.5677024722099304,-1.2063148021697998,-0.5057751536369324,-1.2801573276519775,-0.45502373576164246,-1.3206202983856201,-0.41508516669273376,-1.4205708503723145,-0.31352245807647705,-1.5236390829086304,-0.17692621052265167,-1.6738731861114502,-0.04820007458329201,-1.810185432434082,0.0891466736793518,-1.9101682901382446,0.19689814746379852,-1.996466875076294,0.28912654519081116,-2.0790786743164062,0.36135149002075195,-2.13516902923584,0.42576372623443604,-2.1683685779571533,0.528783917427063,-2.219778299331665,0.6083350777626038,-2.263457775115967,0.6721667051315308,-2.3049449920654297,0.7210552096366882,-2.3344061374664307,0.7068415284156799,-2.2955398559570312,0.6836872696876526,-2.272494316101074,0.672404408454895,-2.262664794921875,0.6638709306716919,-2.2265384197235107,0.6611164212226868,-2.203766345977783,0.6794676780700684,-2.2240028381347656,0.6796477437019348,-2.237760543823242,0.6497912406921387,-2.2469708919525146,0.6325637698173523,-2.2594351768493652,0.6244184970855713,-2.262521266937256,0.6339247822761536,-2.266065835952759,0.6504444479942322,-2.284358024597168,0.6660290956497192,-2.3135364055633545,0.6614956259727478,-2.310044765472412,0.6646376848220825,-2.2941267490386963,0.6742202043533325,-2.2844629287719727,0.6916914582252502,-2.285930871963501,0.6841701865196228,-2.2831244468688965,0.6453279852867126,-2.2669787406921387,0.6071131825447083,-2.253237724304199,0.5623084902763367,-2.2218525409698486,0.5107480883598328,-2.1921823024749756,0.4566459655761719,-2.172358751296997,0.4089002311229706,-2.1406073570251465,0.40112999081611633,-2.111366033554077,0.3758329153060913,-2.082545042037964,0.27139636874198914,-2.0352814197540283,0.14908137917518616,-1.9938442707061768,0.03165110945701599,-1.9527885913848877,-0.04740900173783302,-1.910843849182129,-0.08398197591304779,-1.877919316291809,-0.09856083989143372,-1.874239444732666,-0.11153724789619446,-1.878962755203247,-0.12102153152227402,-1.887969970703125,-0.12142015993595123,-1.8993351459503174,-0.11447340250015259,-1.9116829633712769,-0.10880424827337265,-1.9241403341293335,-0.085112065076828,-1.9459304809570312,-0.06400304287672043,-1.9665277004241943,-0.0485827699303627,-1.9731262922286987,-0.04204457998275757,-1.965049386024475,-0.06224812939763069,-1.951366901397705,-0.08741633594036102,-1.924741268157959,-0.12141142785549164,-1.9080296754837036,-0.14565405249595642,-1.9104480743408203,-0.15056392550468445,-1.9139734506607056,-0.1697772741317749,-1.9075777530670166,-0.21930110454559326,-1.8998761177062988,-0.20541824400424957,-1.904589295387268,-0.21430125832557678,-1.8941714763641357,-0.21950988471508026,-1.8981454372406006,-0.1860404908657074,-1.9211151599884033,-0.14382563531398773,-1.9450193643569946,-0.12046250700950623,-1.9619003534317017,-0.12639272212982178,-1.9409971237182617,-0.1468840390443802,-1.9301173686981201,-0.18624086678028107,-1.9179515838623047,-0.24479685723781586,-1.8991910219192505,-0.2943107783794403,-1.8786756992340088,-0.3394734263420105,-1.8535157442092896,-0.384426474571228,-1.818847894668579,-0.42793235182762146,-1.779573917388916,-0.47293636202812195,-1.742216944694519,-0.5432730317115784,-1.6881839036941528,-0.6343916058540344,-1.6192595958709717,-0.79135662317276,-1.505129337310791,-0.9371773600578308,-1.427567481994629,-1.055984377861023,-1.3842991590499878,-1.1573070287704468,-1.3328980207443237,-1.2314765453338623,-1.295983076095581,-1.2782695293426514,-1.2795631885528564,-1.31070876121521,-1.25465989112854,-1.3433747291564941,-1.2262541055679321,-1.3614470958709717,-1.2444080114364624,-1.3737766742706299,-1.2563153505325317,-1.3841034173965454,-1.2750011682510376,-1.3959800004959106,-1.2878650426864624,-1.389769196510315,-1.2946581840515137,-1.3998020887374878,-1.3083837032318115,-1.4290721416473389,-1.3015426397323608,-1.4385173320770264,-1.3013488054275513,-1.4510679244995117,-1.295833945274353,-1.4795888662338257,-1.279358983039856,-1.4998266696929932,-1.2566062211990356,-1.5547304153442383,-1.2252312898635864,-1.6243867874145508,-1.193674921989441,-1.6944544315338135,-1.1690216064453125,-1.7428722381591797,-1.1644437313079834,-1.775186538696289,-1.16119384765625,-1.8196607828140259,-1.1307284832000732,-1.858808994293213,-1.0967419147491455,-1.8627967834472656,-1.1022861003875732,-1.8288291692733765,-1.1646735668182373,-1.7714564800262451,-1.2307943105697632,-1.7590723037719727,-1.261399745941162,-1.7756088972091675,-1.2613087892532349,-1.810089111328125,-1.2398912906646729,-1.8030802011489868,-1.2471249103546143,-1.77689790725708,-1.261621117591858,-1.74039626121521,-1.2840136289596558,-1.7271648645401,-1.3001629114151,-1.7335529327392578,-1.303336501121521,-1.7817546129226685,-1.2702715396881104,-1.8208973407745361,-1.2215311527252197,-1.8380149602890015,-1.19422447681427,-1.8425852060317993,-1.186293601989746,-1.8498607873916626,-1.177764892578125,-1.8600407838821411,-1.1703095436096191,-1.8212491273880005,-1.1664997339248657,-1.7635098695755005,-1.1647435426712036,-1.7122249603271484,-1.1601083278656006,-1.647763967514038,-1.1941834688186646,-1.5745495557785034,-1.2478692531585693,-1.4798399209976196,-1.3182013034820557,-1.3572146892547607,-1.4271049499511719,-1.1872501373291016,-1.5429338216781616,-1.0067157745361328,-1.652635931968689,-0.7969998717308044,-1.7868764400482178,-0.5778555870056152,-1.9422539472579956,-0.3945964574813843,-2.0759572982788086,-0.248892679810524,-2.1728367805480957,-0.14600691199302673,