{"bimodal":false,"column_names":[""],"dimension":2,"dimension_input":0,"label":"forme3-10","data":[0.20908141136169434,0.5236153602600098,-0.020314132794737816,0.3123037815093994,-0.30097290873527527,0.1528279185295105,-0.46699225902557373,0.007169641554355621,-0.500644862651825,-0.1719835102558136,-0.49174830317497253,-0.34556251764297485,-0.4625258445739746,-0.5871013402938843,-0.46070560812950134,-0.8400667309761047,-0.5179492831230164,-1.0845149755477905,-0.5962493419647217,-1.234801173210144,-0.7289935946464539,-1.3376420736312866,-0.8376045227050781,-1.4874534606933594,-0.9230139255523682,-1.6060922145843506,-0.9722617864608765,-1.8232100009918213,-0.983864963054657,-1.876595139503479,-0.9925053715705872,-1.8714041709899902,-0.9888228178024292,-1.8619914054870605,-0.9793239235877991,-1.8770045042037964,-0.9834854602813721,-1.894059181213379,-1.006234049797058,-1.928863525390625,-1.020808219909668,-1.9699105024337769,-0.9899444580078125,-2.010187864303589,-0.9557771682739258,-2.018646717071533,-0.9328393340110779,-1.999514102935791,-0.8931372165679932,-1.9917501211166382,-0.8322012424468994,-2.0198302268981934,-0.7498002648353577,-2.049863338470459,-0.6728700399398804,-2.0889854431152344,-0.6374828815460205,-2.0979905128479004,-0.7072413563728333,-2.036287784576416,-0.7765141725540161,-1.946305274963379,-0.8172205686569214,-1.896280288696289,-0.833677351474762,-1.8736319541931152,-0.8552842736244202,-1.8319487571716309,-0.8734708428382874,-1.8006881475448608,-0.8635304570198059,-1.804699182510376,-0.8828998804092407,-1.7942531108856201,-0.9846082925796509,-1.6691009998321533,-1.044550895690918,-1.5941696166992188,-1.0614895820617676,-1.5660017728805542,-1.0950320959091187,-1.5151649713516235,-1.1213747262954712,-1.4664483070373535,-1.1142938137054443,-1.4432584047317505,-1.0725237131118774,-1.4309276342391968,-1.0473090410232544,-1.4153666496276855,-1.074804425239563,-1.3555296659469604,-1.094578504562378,-1.306565284729004,-1.097533941268921,-1.2823898792266846,-1.1580281257629395,-1.238709807395935,-1.1913018226623535,-1.2112632989883423,-1.2155643701553345,-1.2100433111190796,-1.256643533706665,-1.1862280368804932,-1.3221522569656372,-1.137597680091858,-1.362977385520935,-1.1550236940383911,-1.3881478309631348,-1.1904605627059937,-1.3770182132720947,-1.2247742414474487,-1.3484549522399902,-1.2552978992462158,-1.1907758712768555,-1.3190439939498901,-1.027467131614685,-1.3601504564285278,-0.850544273853302,-1.3980482816696167,-0.6952642202377319,-1.402289867401123,-0.582914412021637,-1.3973013162612915,-0.49901407957077026,-1.388922929763794,-0.3729286193847656,-1.420008659362793,-0.23250266909599304,-1.477066993713379,-0.04148392379283905,-1.5682075023651123,0.11837787181138992,-1.632940649986267,0.24642756581306458,-1.6163816452026367,0.3386014997959137,-1.5899759531021118,0.45024076104164124,-1.6240366697311401,0.5571503043174744,-1.675731897354126,0.6539953947067261,-1.7244426012039185,0.7178681492805481,-1.7404366731643677,0.7407129406929016,-1.7033236026763916,0.7585934996604919,-1.6762194633483887,0.7629157900810242,-1.690509557723999,0.752180814743042,-1.719529628753662,0.6772825717926025,-1.7138361930847168,0.5939570665359497,-1.7002785205841064,0.5444424748420715,-1.7159563302993774,0.5263385772705078,-1.734707236289978,0.4360984265804291,-1.69031822681427,0.3268319070339203,-1.6319113969802856,0.2283671796321869,-1.5903363227844238,0.16290383040905,-1.559867262840271,0.1444074809551239,-1.566855549812317,0.17675887048244476,-1.6412183046340942,0.21767543256282806,-1.71116304397583,0.2010410875082016,-1.6558353900909424,0.19616487622261047,-1.6093559265136719,0.22159767150878906,-1.6048756837844849,0.24476636946201324,-1.6068519353866577,0.2830767333507538,-1.6179908514022827,0.33685025572776794,-1.6469913721084595,0.3780461549758911,-1.650928258895874,0.3249017596244812,-1.5953421592712402,0.24180525541305542,-1.5225229263305664,0.19598910212516785,-1.5001506805419922,0.22303953766822815,-1.5464897155761719,0.23716820776462555,-1.5988271236419678,0.22693736851215363,-1.6307975053787231,0.18796272575855255,-1.6442865133285522,0.13368092477321625,-1.6247351169586182,0.06139897182583809,-1.5635321140289307,0.037494875490665436,-1.524438738822937,0.05354875698685646,-1.5293210744857788,0.05781036242842674,-1.5323878526687622,0.05345579981803894,-1.5356708765029907,0.004755976609885693,-1.559841275215149,-0.0497676245868206,-1.5536361932754517,-0.07768748700618744,-1.5253307819366455,-0.056303638964891434,-1.5317655801773071,-0.00043421314330771565,-1.5781149864196777,0.04146021604537964,-1.6217992305755615,0.06539842486381531,-1.6551141738891602,0.09597616642713547,-1.7005990743637085,0.140144482254982,-1.7593867778778076,0.1844448298215866,-1.789345622062683,0.14678648114204407,-1.751404881477356,0.11644944548606873,-1.7209012508392334,0.08465814590454102,-1.6953130960464478,0.10646948963403702,-1.7288880348205566,0.1387757807970047,-1.7628626823425293,0.1473606824874878,-1.7698441743850708,0.0952921062707901,-1.71891188621521,0.027385011315345764,-1.6727524995803833,-0.02959080971777439,-1.6496411561965942,-0.020519793033599854,-1.644914984703064,0.06275004893541336,-1.6797455549240112,0.13934235274791718,-1.7065259218215942,0.16058120131492615,-1.7113970518112183,0.05198543518781662,-1.6383026838302612,-0.10979997366666794,-1.548862338066101,-0.34573444724082947,-1.4533977508544922,-0.5937010645866394,-1.3510277271270752,-0.8012951016426086,-1.252366304397583,-0.9637695550918579,-1.1669498682022095,-1.097495198249817,-1.1104178428649902,-1.212855577468872,-1.065856695175171,-1.345642328262329,-1.0287666320800781,-1.5031397342681885,-0.9719206690788269,-1.626163125038147,-0.9374523758888245,-1.7082152366638184,-0.9256288409233093,-1.723374366760254,-0.9509337544441223,-1.658719778060913,-1.0255842208862305,-1.5796432495117188,-1.1123062372207642,-1.5036441087722778,-1.1715296506881714,-1.4873337745666504,-1.1735961437225342,-1.477316975593567,-1.1630823612213135,-1.4759589433670044,-1.1638002395629883,-1.4572476148605347,-1.1546109914779663,-1.4271634817123413,-1.1662182807922363,-1.3762661218643188,-1.211227536201477,-1.3196468353271484,-1.252226710319519,-1.2784028053283691,-1.2743122577667236,-1.280280590057373,-1.2576316595077515,-1.290462851524353,-1.2384788990020752,-1.3251628875732422,-1.1855701208114624,-1.399222731590271,-1.1519360542297363,-1.4500644207000732,-1.152171015739441,-1.455623984336853,-1.178619623184204,-1.458416223526001,-1.2012816667556763,-1.47209894657135,-1.2100064754486084,-1.5007795095443726,-1.1816343069076538,-1.5361440181732178,-1.1551235914230347,-1.581494688987732,-1.138309359550476,-1.6564463376998901,-1.1009150743484497,-1.7136355638504028,-1.1064772605895996,-1.7557604312896729,-1.1018061637878418,-1.7937613725662231,-1.0615308284759521,-1.8274130821228027,-1.0437076091766357,-1.8366076946258545,-1.0436705350875854,-1.8151708841323853,-1.0534014701843262,-1.8004188537597656,-1.0491116046905518,-1.77455472946167,-1.0437984466552734,-1.714290738105774,-1.0724622011184692,-1.6339141130447388,-1.114721655845642,-1.5638904571533203,-1.1473305225372314,-1.4913465976715088,-1.1916190385818481,-1.4095512628555298,-1.2345104217529297,-1.3242204189300537,-1.2996493577957153,-1.2206120491027832,-1.385120153427124,-1.1148877143859863,-1.4770857095718384,-0.9956029653549194,-1.58437979221344,-0.9105558395385742,-1.6318275928497314,-0.8486620187759399,-1.6520445346832275,-0.7469916939735413,-1.6884846687316895,-0.6685534715652466,-1.7261974811553955,-0.619448184967041,-1.7291638851165771,-0.5818490386009216,-1.7019718885421753,-0.5386199355125427,-1.677882194519043,-0.5075257420539856,-1.6538844108581543,-0.488348126411438,-1.625752329826355,-0.47405320405960083,-1.582168698310852,-0.4500977694988251,-1.555891990661621,-0.4342420995235443,-1.5322613716125488,-0.4180576503276825,-1.498395323753357,-0.40999382734298706,-1.4891294240951538,-0.4007699191570282,-1.4842829704284668,-0.39013534784317017,