{"bimodal":false,"column_names":[""],"dimension":2,"dimension_input":0,"label":"forme3-1","data":[5.5376200675964355,10.17916202545166,-0.829185426235199,10.636241912841797,-1.1385160684585571,10.489073753356934,0.8569875955581665,11.344830513000488,1.8375380039215088,11.242295265197754,4.647190093994141,11.007525444030762,2.7132654190063477,10.523509979248047,1.6733418703079224,10.759001731872559,1.6758034229278564,11.024517059326172,2.9485981464385986,10.216619491577148,1.4906845092773438,10.545647621154785,3.825862407684326,11.25252628326416,1.4855493307113647,10.86443042755127,2.927375316619873,10.397025108337402,1.5750821828842163,10.757701873779297,1.6450164318084717,10.332415580749512,2.4808719158172607,10.399142265319824,2.480011224746704,11.177101135253906,4.2825469970703125,10.540474891662598,6.635231971740723,10.977843284606934,7.55849552154541,10.289793014526367,7.021788120269775,10.1886568069458,7.796232223510742,10.222494125366211,7.355037212371826,10.389286041259766,8.128811836242676,10.065027236938477,7.271352291107178,10.484113693237305,7.4154744148254395,10.464563369750977,6.7826151847839355,10.720247268676758,9.106307029724121,10.103754043579102,-3.635223627090454,-10.938892364501953,-6.014281749725342,-11.020735740661621,-4.006621360778809,-11.246526718139648,-3.2671029567718506,-11.483346939086914,0.755534291267395,-11.299683570861816,0.554483950138092,-10.818442344665527,1.439031720161438,-10.629597663879395,2.1710734367370605,-10.888589859008789,1.3781465291976929,-10.450973510742188,1.049789547920227,-10.55927562713623,1.1976147890090942,-10.541213035583496,0.3797282874584198,-10.919878959655762,-0.9249868988990784,-10.837265968322754,-2.189854383468628,-10.965365409851074,-3.250480890274048,-10.279053688049316,-5.450294494628906,-10.555519104003906,-5.566082000732422,-10.802682876586914,-7.308130264282227,-10.267091751098633,-10.06551742553711,-7.051717758178711,-10.769851684570312,-0.9641579389572144,-8.577482223510742,10.491312026977539,-2.138948917388916,10.131937026977539,-6.7909440994262695,10.563560485839844,-8.725404739379883,10.160843849182129,-8.077420234680176,10.707929611206055,-7.989193916320801,10.70654010772705,-9.01766586303711,10.440526962280273,-10.538692474365234,10.412065505981445,-10.66311264038086,9.433462142944336,-11.143056869506836,7.487552642822266,-10.559991836547852,6.780216693878174,-10.020428657531738,1.8501715660095215,-0.30498236417770386,-10.123392105102539,10.085869789123535,-9.506258964538574,11.123061180114746,-10.025202751159668,10.650140762329102,-9.185894012451172,10.280834197998047,-9.243388175964355,11.156437873840332,-10.322680473327637,10.06630802154541,-9.869215965270996,8.134305000305176,-10.703041076660156,8.024310111999512,-11.11830997467041,7.465917587280273,-10.052424430847168,7.7037672996521,-10.213329315185547,7.277222156524658,-10.380290985107422,8.155710220336914,-10.478479385375977,7.367912769317627,-10.383172035217285,7.780642509460449,-10.701410293579102,7.76309871673584,-10.334921836853027,7.864015579223633,-10.443044662475586,7.653383255004883,-10.435107231140137,7.449406623840332,-10.242835998535156,7.569809436798096,-10.719635009765625,-10.203838348388672,-6.199685573577881,-10.93670654296875,3.21879243850708,-11.473628044128418,3.130549430847168,-10.76683521270752,3.1928625106811523,-11.260815620422363,3.1415205001831055,-10.301079750061035,2.7859489917755127,-11.955781936645508,3.1453633308410645,-10.157310485839844,2.5494611263275146,-11.15908145904541,2.7431483268737793,-10.605595588684082,-0.9045906066894531],"data_input":[],"data_output":[],"length":91}