{"bimodal":false,"column_names":[""],"dimension":2,"dimension_input":0,"label":"forme3-1","data":[-6.256009101867676,10.236665725708008,0.16162967681884766,10.252734184265137,3.6567203998565674,10.923833847045898,4.42572021484375,11.260709762573242,2.6683197021484375,10.141215324401855,1.5711514949798584,10.437655448913574,1.600989580154419,10.994915962219238,1.2355118989944458,10.761077880859375,1.0169334411621094,10.353889465332031,1.9730931520462036,10.897381782531738,3.537259817123413,10.416972160339355,2.8767173290252686,10.289690017700195,1.9830864667892456,10.063342094421387,2.0778274536132812,10.436378479003906,2.651961088180542,10.260814666748047,2.604295253753662,10.16648006439209,3.391651153564453,11.354450225830078,3.2537903785705566,10.798544883728027,3.198643684387207,10.677245140075684,3.0789501667022705,11.028130531311035,3.7521629333496094,10.15304946899414,4.791444778442383,10.679314613342285,5.092572212219238,10.841436386108398,7.338102340698242,10.69238567352295,7.511682510375977,10.691248893737793,9.536134719848633,10.754780769348145,10.116558074951172,10.075122833251953,10.023239135742188,8.892404556274414,5.309767246246338,-10.737763404846191,-2.45837140083313,-11.060324668884277,-1.0177786350250244,-10.224003791809082,-0.524509608745575,-10.138080596923828,-0.6941887140274048,-10.491883277893066,-0.3045269250869751,-10.491217613220215,-0.7554651498794556,-10.096652030944824,-0.516212522983551,-10.413450241088867,-0.3293096721172333,-10.452896118164062,-0.8665437698364258,-10.35794448852539,-0.16654397547245026,-10.023740768432617,-1.1595183610916138,-10.029850959777832,-0.03503871709108353,-10.407310485839844,-1.5839303731918335,-10.738517761230469,-1.0416795015335083,-10.04822826385498,-4.996303558349609,-10.195515632629395,-7.488324165344238,-10.220926284790039,-9.627813339233398,-10.769224166870117,-10.002747535705566,-5.654128551483154,-10.63634967803955,-1.3568964004516602,-10.400835037231445,4.118737697601318,-10.500858306884766,8.964859962463379,-6.6234517097473145,10.086727142333984,-4.614318370819092,10.418817520141602,-4.929574966430664,10.445703506469727,-4.854527950286865,10.713458061218262,-6.503939151763916,10.904054641723633,-6.183325290679932,10.14608097076416,-7.228934288024902,10.96587085723877,-10.726784706115723,9.933358192443848,-11.01239013671875,7.097024917602539,-10.287156105041504,3.0008726119995117,-3.0845131874084473,-10.114192962646484,7.294622898101807,-10.68220043182373,9.798172950744629,-10.759516716003418,9.94022274017334,-10.911742210388184,9.738550186157227,-10.511811256408691,10.00015926361084,-10.222790718078613,9.811216354370117,-10.112872123718262,10.30830192565918,-10.61214828491211,9.30318832397461,-10.533820152282715,9.582457542419434,-10.229963302612305,9.365447998046875,-10.050101280212402,9.64791488647461,-10.76253890991211,8.46837329864502,-10.311500549316406,9.058045387268066,-10.44193172454834,8.850262641906738,-10.78132152557373,8.59419059753418,-10.461047172546387,8.066689491271973,-10.930795669555664,7.591838836669922,-10.045571327209473,4.998782157897949,-10.494351387023926,-10.160492897033691,-4.496181011199951,-11.375649452209473,-2.0008225440979004,-11.726009368896484,2.5619025230407715,-10.93014907836914,2.735377073287964,-11.422433853149414,2.7719709873199463,-10.965173721313477,3.0978875160217285,-10.875905990600586,2.654313325881958,-11.344327926635742,2.987539529800415,-10.985858917236328,1.0965991020202637,-10.550865173339844,-0.33534958958625793],"data_input":[],"data_output":[],"length":89}