{"bimodal":false,"column_names":[""],"dimension":2,"dimension_input":0,"label":"forme2-8","data":[3.136793375015259,-0.6647186279296875,3.246227502822876,-0.5765131711959839,3.1673078536987305,-2.619309425354004,3.2285513877868652,-2.325258731842041,3.021594524383545,-1.769592046737671,3.049187183380127,-1.7467503547668457,3.1858487129211426,-1.630017638206482,3.2794535160064697,-1.5984615087509155,3.0330705642700195,-1.603295087814331,3.0521390438079834,-1.6295835971832275,3.1164186000823975,-1.3761541843414307,3.3511953353881836,-1.5918517112731934,3.000061511993408,-0.3717166781425476,2.536916494369507,3.3356826305389404,1.445415735244751,3.4056859016418457,0.6694080829620361,3.4840707778930664,0.26183974742889404,3.1047000885009766,0.14414750039577484,3.171290397644043,0.12060423195362091,3.1397502422332764,-0.4628910422325134,3.367089033126831,-0.7278974652290344,3.4374449253082275,-0.3035087585449219,3.1513280868530273,1.147271990776062,3.0468671321868896,3.0805795192718506,2.7209246158599854,3.113124370574951,-0.40548011660575867,1.2268494367599487,-3.0808372497558594,0.8041832447052002,-3.0374507904052734,0.24467553198337555,-3.5974555015563965,0.33440616726875305,-3.4387989044189453,0.42753085494041443,-3.3512585163116455,0.48403242230415344,-3.342498302459717,0.6068644523620605,-3.3930578231811523,0.9342679381370544,-3.4718167781829834,0.8819620013237,-3.4033203125,1.0301097631454468,-3.7750306129455566,1.6136131286621094,-3.300528049468994,1.860500454902649,-3.4823567867279053,1.152190923690796,-3.3626773357391357,1.2201528549194336,-3.29026198387146,1.8003082275390625,-3.5970311164855957,1.0615955591201782,-3.224644184112549,1.3788191080093384,-3.44482421875,1.4499262571334839,-3.4141697883605957,1.4352730512619019,-3.4128546714782715,1.4883557558059692,-3.574857234954834,1.0236893892288208,-3.23749041557312,1.5347130298614502,-3.4402689933776855,1.4568790197372437,-3.57039475440979,1.4898560047149658,-3.516085147857666,1.7346031665802002,-3.6028194427490234,1.3688713312149048,-3.4553728103637695,1.5344879627227783,-3.5420618057250977,1.5638506412506104,-3.5803773403167725,1.7600255012512207,-3.6338415145874023,1.3676851987838745,-3.5452446937561035,1.6051936149597168,-3.7539162635803223,1.5398813486099243,-3.7655184268951416,1.5957777500152588,-3.858751058578491,1.6523067951202393,-3.7983875274658203,1.6492356061935425,-3.8254737854003906,1.2266671657562256,-3.0011019706726074,1.1709034442901611,-3.6725869178771973,0.715384840965271,-3.571791172027588,0.06389039009809494,-3.1988117694854736,-0.8791086673736572,-3.301539182662964,-1.9676694869995117,-3.149282217025757,-3.3129355907440186,-2.3321025371551514,-3.282881021499634,-1.506643295288086,-3.097838878631592,0.4947761595249176,-3.241112232208252,1.4990397691726685,-3.4121930599212646,2.5789690017700195,-3.530809164047241,3.715160369873047,-2.9622867107391357,3.298022508621216,-2.943108320236206,3.4547431468963623,-2.8686649799346924,3.502018928527832,-2.5983924865722656,3.793426513671875,-2.35215425491333,3.763746976852417,-2.1811535358428955,3.7621121406555176,-1.975381851196289,3.723548412322998,-1.7911441326141357,3.689793348312378,-1.6693061590194702,3.7693722248077393,-1.72032630443573,3.6944468021392822,-1.787028193473816,3.501037836074829,-1.7113195657730103,3.143763303756714,-1.6008718013763428,3.0392351150512695,-1.6368694305419922,3.0840187072753906,-1.5734251737594604,3.0522000789642334,-1.5313845872879028,3.007871627807617,-1.8121531009674072,3.7132301330566406,-1.6926379203796387,3.6099112033843994,-1.7176978588104248,3.5299837589263916,-1.8182448148727417,3.5255491733551025,-1.811258316040039,3.5179474353790283,-1.7684696912765503,3.4981439113616943,-1.8591103553771973,3.493238925933838,-2.1045682430267334,3.439596652984619,-2.790104389190674,3.4268877506256104,-3.126330614089966,3.075380563735962,-3.4445292949676514,2.9146323204040527,-3.548794746398926,2.8546478748321533,-3.567119598388672,2.792233467102051,-3.524442672729492,2.688220977783203,-3.572540521621704,2.7080821990966797,-3.5344531536102295,2.454040765762329,-3.524510145187378,1.9460725784301758,-3.6146137714385986,1.641469120979309,-3.7336559295654297,1.3150430917739868,-3.1607155799865723,0.13034798204898834,-3.4179749488830566,-0.7115263342857361,-3.0363969802856445,-1.7329113483428955,-2.1508100032806396,-3.2058727741241455,-1.2182732820510864,-3.110032558441162,0.4355745017528534,-3.1024069786071777,0.920286238193512,-3.2824902534484863,0.7895660996437073,-3.2771875858306885,0.5142667293548584,-3.2070980072021484,0.19032202661037445,-3.111419916152954,0.15238924324512482,-3.1175103187561035,0.5867469310760498,-3.234476089477539,1.2857365608215332,-3.3351221084594727,2.146005153656006,-3.536789894104004,1.9820181131362915,-3.0109822750091553,1.897907018661499,-3.021946907043457,1.5884779691696167,-3.026979446411133,1.4547849893569946,-3.0834460258483887,1.5701926946640015,-3.1388261318206787,1.5044482946395874,-3.0688135623931885,1.6411076784133911,-3.105581521987915,1.6588622331619263,-3.0919744968414307,1.6565312147140503,-3.2013399600982666,1.0649043321609497,-3.03290057182312,-0.022778667509555817,-3.1859147548675537,-1.0392078161239624,-3.317819833755493,-1.9925661087036133,-3.058265447616577,-3.3324646949768066,-2.239971876144409,-3.2738711833953857,-0.9764794111251831,-3.0344674587249756,0.017718113958835602,-3.199775218963623,0.781771719455719,-3.276441812515259,3.4321024417877197,-0.8963677287101746,3.3214120864868164,-0.7209171056747437,3.4115447998046875,-0.7710971236228943,3.563124895095825,-0.816681981086731,3.707305669784546,-0.922807514667511,3.7431488037109375,-1.0516149997711182,3.726619005203247,-1.1980938911437988,3.6594314575195312,-1.2872164249420166,3.6368629932403564,-1.1806464195251465,3.5507700443267822,-1.0617115497589111,3.6179962158203125,-1.1302940845489502,3.582026481628418,-1.2240012884140015,3.5952248573303223,-1.247572898864746,3.6196374893188477,-1.141182541847229,3.508784532546997,-1.16127347946167,3.4955811500549316,-1.17453134059906,3.54107928276062,-0.9151641130447388,3.5761449337005615,-0.7662797570228577,3.6407418251037598,-0.9046666622161865,3.6475274562835693,-0.8151213526725769,3.481949806213379,-0.6378540396690369,3.4777047634124756,-0.6358492374420166,3.4561855792999268,-0.40437838435173035,3.3942439556121826,0.06072712689638138,3.102324962615967,1.0655274391174316,3.2081971168518066,1.982926368713379,3.3932840824127197,2.2599244117736816,3.055600166320801,2.3655571937561035,3.0029513835906982,2.5823445320129395,3.4065117835998535,3.5691652297973633,1.685543417930603,3.3890721797943115,1.2049123048782349,3.2831990718841553,1.25697922706604,3.3977367877960205,1.159041404724121,3.407116413116455,1.1197659969329834,3.345134973526001,1.1384141445159912,3.3677456378936768,1.1018023490905762,3.2842109203338623,1.1294773817062378,3.3292486667633057,1.0615366697311401,3.250352621078491,1.10478675365448,3.2475709915161133,1.1817619800567627,3.271121025085449,1.1717499494552612,3.2408447265625,1.1394758224487305,3.213085651397705,1.1067546606063843,3.210402488708496,1.0487759113311768,3.2192368507385254,1.047831416130066,3.2120614051818848,1.0071884393692017,3.122910737991333,1.0298709869384766,3.0396296977996826,1.20321786403656,3.063340425491333,1.237309217453003,3.0606348514556885,1.3926929235458374,3.0573127269744873,1.2807525396347046,3.5570054054260254,1.5815000534057617,3.4900262355804443,1.5626094341278076,3.2768073081970215,1.6179986000061035,3.1518807411193848,1.2166824340820312,3.5033676624298096,0.9092169404029846,3.4242565631866455,0.7130993008613586,3.1999869346618652,0.44605752825737,3.2306060791015625,0.2665030360221863,3.2435460090637207,-0.5585227012634277,3.1914360523223877,-1.9791761636734009,3.0100903511047363,-2.877699613571167,0.43132394552230835,-3.159991979598999,-3.209688901901245,-2.0256009101867676,-3.309098482131958,-1.1989613771438599,-3.007523536682129,-1.3121044635772705,-3.1355109214782715,-1.4097269773483276,-3.1162288188934326,