{"bimodal":false,"column_names":[""],"dimension":2,"dimension_input":0,"label":"forme2-4","data":[-3.070941925048828,2.685800552368164,-3.3501007556915283,2.3007192611694336,-3.2819974422454834,1.9694081544876099,-3.2432188987731934,2.0645620822906494,-3.241560459136963,1.9946869611740112,-3.3554961681365967,1.9765928983688354,-3.2394564151763916,1.8871256113052368,-3.1919288635253906,1.7970573902130127,-3.1562137603759766,1.76641047000885,-3.167325258255005,1.9901962280273438,1.9126827716827393,3.057371139526367,3.035200595855713,1.365632176399231,3.001005172729492,2.140072822570801,0.2829538881778717,3.3421661853790283,0.17662696540355682,3.3629281520843506,3.279496908187866,2.930245876312256,3.507033348083496,1.7431223392486572,3.105910062789917,1.408646583557129,3.1367344856262207,1.6583470106124878,3.196742296218872,1.5227030515670776,3.167494773864746,1.3801302909851074,3.0222394466400146,1.3668968677520752,3.059922456741333,1.3231678009033203,3.063866376876831,1.2718089818954468,3.020366907119751,1.190223217010498,3.063410997390747,1.2340178489685059,3.0604655742645264,1.0707061290740967,3.5414159297943115,1.3886970281600952,3.5441782474517822,1.3332537412643433,3.574265956878662,1.3185842037200928,2.5692834854125977,3.146392583847046,-1.6630604267120361,3.1567976474761963,-3.4888505935668945,2.5021517276763916,-3.4940364360809326,1.8369945287704468,-3.4839320182800293,1.0307061672210693,-3.576572895050049,-0.22084255516529083,-3.330641746520996,-0.8880317807197571,-3.546339988708496,-1.1721669435501099,-3.5578360557556152,-1.3289874792099,-3.356516122817993,-1.4324252605438232,-3.191310167312622,-1.232178807258606,-3.7087223529815674,-1.150932788848877,-3.6711952686309814,-0.9702150225639343,-3.6504924297332764,-0.9149907827377319,-3.5785112380981445,-0.9005095362663269,-3.0580320358276367,-1.2382417917251587,-3.1283252239227295,-1.9877146482467651,-3.3742830753326416,-2.0423593521118164,-3.49808406829834,-1.7355611324310303,-3.5597026348114014,-1.7286794185638428,-3.5599513053894043,-1.7451924085617065,-3.434082508087158,-1.7906770706176758,-3.375000476837158,-1.758851170539856,-3.0843183994293213,-2.1027767658233643,-3.2654058933258057,-2.9148099422454834,-3.2483930587768555,-3.064210891723633,-3.1507112979888916,-3.096906900405884,-3.259308099746704,-2.8338162899017334,-3.183964729309082,-2.9601969718933105,-3.4678592681884766,-3.4893786907196045,-2.7851831912994385,-3.1330182552337646,-1.8162952661514282,-3.446284294128418,-0.8395757079124451,-3.340144395828247,-0.8923022747039795,-3.63181734085083,-0.5652137398719788,-3.391209840774536,-0.3378666639328003,-3.437079429626465,-0.23411549627780914,-3.5408802032470703,-0.06273461133241653,-3.3602452278137207,0.8391765356063843,-3.559871196746826,1.3893530368804932,-3.7212839126586914,1.223876953125,-3.0531790256500244,1.305935263633728,-3.16536283493042,1.120130181312561,-3.0255227088928223,0.9262821674346924,-3.0296032428741455,0.6680173277854919,-3.643249750137329,0.5563110709190369,-3.614286184310913,0.6700627207756042,-3.645380973815918,0.7219851613044739,-3.7050039768218994,0.7599758505821228,-3.6709208488464355,0.6082701086997986,-3.0272376537323,0.9312178492546082,-3.6109607219696045,0.9961588382720947,-3.381527900695801,0.9579823613166809,-3.5670087337493896,1.0080342292785645,-3.549624443054199,1.0881187915802002,-3.465426206588745,2.23056697845459,-3.1052122116088867,2.9628705978393555,-3.0637927055358887,3.5003950595855713,-2.7688724994659424,3.199429512023926,-2.0152173042297363,3.116471290588379,-0.8927960991859436,3.0866565704345703,0.4592037796974182,3.3094310760498047,1.546239972114563,2.5042614936828613,3.0403027534484863,0.39661386609077454,3.3724489212036133,-0.3480750322341919,3.2012994289398193,-0.992597758769989,3.5450828075408936,-1.1164426803588867,3.5725481510162354,-1.301556944847107,3.56392240524292,-1.3467979431152344,3.524197578430176,-1.3979415893554688,3.586207151412964,-1.4823400974273682,3.6060070991516113,-1.5430405139923096,3.594053030014038,-1.5822694301605225,3.531639575958252,-1.563549518585205,3.461228370666504,-1.5465143918991089,3.346921443939209,-1.505017876625061,3.214587688446045,-1.4694403409957886,3.249852418899536,-1.34469735622406,3.147542715072632,-1.3391218185424805,3.217203140258789,-1.225210189819336,3.167360782623291,-1.0493228435516357,3.003084897994995,-1.0973817110061646,3.4465322494506836,-0.9363711476325989,3.254173755645752,-0.6524737477302551,3.0215630531311035,3.5089144706726074,0.8322324156761169,3.232792377471924,0.12335756421089172,3.1567578315734863,-0.021421251818537712,3.3063247203826904,-0.34571704268455505,3.2035882472991943,-0.39024561643600464,3.358125686645508,-0.43935254216194153,3.320260763168335,-0.42918121814727783,3.16013240814209,-0.7949671745300293,3.0729103088378906,-1.3172791004180908,3.0058701038360596,-1.4559632539749146,3.4303247928619385,-1.689098834991455,3.550213575363159,-1.9528008699417114,3.5225725173950195,-1.7575228214263916,3.2327945232391357,-2.3460464477539062,2.9682443141937256,-3.1219592094421387,2.6184685230255127,-3.3231494426727295,2.554564952850342,-3.3125696182250977,2.5039024353027344,-3.4993462562561035,2.273162364959717,-3.385470390319824,2.1501305103302,-3.405510425567627,2.1458816528320312,-3.318725824356079,2.1062252521514893,-3.4529130458831787,1.8726507425308228,-3.0019712448120117,1.6845723390579224,-3.139974355697632,1.441941499710083,-3.2631213665008545,1.4282708168029785,-3.3287034034729004,1.2649211883544922,-3.268153429031372,1.391157865524292,-3.1678991317749023,1.4033188819885254,-3.2522449493408203,1.4993934631347656,-3.210296392440796,1.5380866527557373,-3.3354523181915283,1.5275242328643799,-3.289130687713623,1.598921298980713,-3.2818844318389893,1.583878993988037,-3.2991926670074463,1.6516292095184326,-3.1944081783294678,1.6367326974868774,-3.0235390663146973,1.6839172840118408,-3.3231844902038574,1.7981444597244263,-3.3558037281036377,1.7668790817260742,-3.3415284156799316,1.8009976148605347,-3.381417751312256,1.5562366247177124,-3.0343966484069824,2.2200982570648193,-3.2265465259552,2.9239795207977295,-3.5237667560577393,3.2781190872192383,-3.2191872596740723,3.128340005874634,-2.1134538650512695,3.130805492401123,-0.408249169588089,2.372894525527954,3.401890516281128,-0.02600301243364811,3.0860700607299805,-0.24416568875312805,3.2087759971618652,-0.39412352442741394,3.2759737968444824,-0.45532187819480896,3.1517174243927,-0.4087493121623993,3.434521198272705,-0.4787874221801758,3.064300775527954,-0.6153768301010132,3.1147899627685547,-0.8769770860671997,3.080471992492676,-0.9962592720985413,3.3424315452575684,-1.322131633758545,3.2030391693115234,-1.5672301054000854,3.124987840652466,-1.0271004438400269,3.3173093795776367,-1.7518205642700195,3.397095203399658,-0.8093323111534119,3.2417917251586914,-1.2279126644134521,3.51712703704834,-0.5795801877975464,3.2116470336914062,-0.46299511194229126,3.417137861251831,-0.10637552291154861,3.257140636444092,0.11582326889038086,3.203859806060791,0.17781122028827667,3.2304980754852295,0.09397286921739578,3.145305871963501,-0.010310561396181583,3.058950662612915,-0.1893468201160431,3.1019418239593506,-0.30370986461639404,3.2493715286254883,-0.3860093355178833,3.290177345275879,-0.4076573848724365,3.238189458847046,-0.3371022939682007,3.3195416927337646,-0.3714337944984436,3.232055187225342,-0.44129514694213867,3.338672161102295,-0.3698755204677582,3.185204029083252,-0.4549208879470825,3.297701358795166,-0.5203520655632019,3.3177249431610107,-0.4813101589679718,3.21655011177063,-1.4349606037139893,3.712669610977173,-1.7988229990005493,3.678835153579712,-1.7703887224197388,3.553072929382324,-1.8300962448120117,3.5763373374938965,-1.8236453533172607,3.4990925788879395,-1.4973230361938477,3.3497838973999023,-1.3869270086288452,3.3629744052886963,-1.343029499053955,3.317976713180542,-1.7559980154037476,3.2139196395874023,-3.0235636234283447,2.8265364170074463,-3.1825404167175293,2.60445237159729,-3.143906831741333,2.4485723972320557,