{
	"time" : [ 0, 0.438, 1.062, 1.563, 2.125, 2.688, 3.25, 3.422, 4.031, 4.25, 5.125, 5.406, 5.875, 6.619, 6.719, 6.844, 7.062, 7.312, 7.781, 7.937, 8.469, 8.75, 9.281, 9.969, 10.094, 10.719, 10.906, 11.156, 11.281, 11.938, 12.5, 12.688, 12.969, 13.5, 13.625, 13.938, 14.125, 14.281, 14.438, 14.75, 15.188, 15.281, 15.781, 16.25, 16.375, 16.969, 18.094, 18.281, 18.417999, 18.719, 19.437, 20.094, 20.406, 21.105, 21.281, 21.844, 23.187, 23.344, 24.469, 23.594, 23.781, 24.094, 24.625, 24.906, 25.031, 25.5, 25.937, 26.312, 26.75, 26.875, 27.031, 27.469, 27.875, 28.031, 28.219, 28.656, 29.094, 29.187, 29.312, 29.937, 30.562, 30.75, 31.187, 31.292, 31.396999, 32, 32.172001, 32.875, 33.055, 33.219002, 33.344002, 33.75, 33.813, 34.5, 35.063, 35.25, 35.655998, 35.863998, 36.188, 36.688, 37.313, 37.625, 38.094002, 38.219002, 38.313, 38.688, 39.030998, 39.469002, 39.780998, 39.938, 41.063, 41.344002, 41.688, 41.905998, 42.5, 43.063, 43.280998, 43.625, 43.844002, 44.25, 44.75, 44.969002, 45.563, 46.219002, 46.655998, 47.25, 47.594002, 48.405998, 48.563, 48.905998, 49.030998, 49.280998, 49.469002, 49.594002, 49.969002, 50.125, 50.5, 50.625, 50.719002, 50.969002, 51.313, 51.5, 51.780998, 52.344002, 52.655998, 52.813, 53.344002, 54.030998, 54.219002, 54.5, 54.719002, 56.125, 56.813, 56.952999, 57.5, 57.594002, 57.875, 58.047001, 58.202999, 58.484001, 59.125, 59.265999, 59.530998, 59.797001, 60.530998, 60.734001, 61, 61.202999, 61.609001, 61.672001, 62.094002, 62.75, 63.202999, 63.780998, 63.914001, 64.595001, 64.813004, 65, 65.344002, 65.655998, 65.813004, 65.905998, 66.171997, 66.625, 67.140999, 67.344002, 67.796997, 68.155998, 68.25, 68.421997, 68.609001, 69.280998, 69.688004, 70.030998, 70.094002, 70.313004, 71.280998, 71.390999, 71.563004, 72.188004, 72.344002, 72.405998, 72.688004, 73.171997, 73.313004, 73.765999, 73.984001, 74.328003, 74.75, 74.969002, 75.171997, 75.453003, 75.609001 ],
	"duration" : [ 0.438, 0.624, 0.501, 0.562, 0.563, 0.562, 0.172, 0.609, 0.219, 0.875, 0.281, 0.469, 0.744, 0.1, 0.125, 0.218, 0.25, 0.469, 0.156, 0.532, 0.281, 0.531, 0.688, 0.125, 0.625, 0.187, 0.25, 0.125, 0.657, 0.562, 0.188, 0.281, 0.531, 0.125, 0.313, 0.187, 0.156, 0.157, 0.312, 0.438, 0.093, 0.5, 0.469, 0.125, 0.594, 1.125, 0.187, 0.136999, 0.301001, 0.718, 0.657, 0.312, 0.698999, 0.176001, 0.563, 1.343, 0.157, 1.125, -0.875, 0.187, 0.313, 0.531, 0.281, 0.125, 0.469, 0.437, 0.375, 0.438, 0.125, 0.156, 0.438, 0.406, 0.156, 0.188, 0.437, 0.438, 0.093, 0.125, 0.625, 0.625, 0.188, 0.437, 0.105, 0.105, 0.603001, 0.172001, 0.702999, 0.18, 0.164001, 0.125, 0.405998, 0.063, 0.687, 0.563, 0.187, 0.405998, 0.208, 0.324001, 0.5, 0.625, 0.312, 0.469002, 0.125, 0.093998, 0.375, 0.342999, 0.438004, 0.311996, 0.157001, 1.125, 0.281002, 0.343998, 0.217999, 0.594002, 0.563, 0.217999, 0.344002, 0.219002, 0.405998, 0.5, 0.219002, 0.593998, 0.656002, 0.436996, 0.594002, 0.344002, 0.811996, 0.157001, 0.342999, 0.125, 0.25, 0.188004, 0.125, 0.375, 0.155998, 0.375, 0.125, 0.094002, 0.25, 0.343998, 0.187, 0.280998, 0.563004, 0.311, 0.157001, 0.531002, 0.686996, 0.188004, 0.280998, 0.219002, 1.405998, 0.688, 0.139999, 0.547001, 0.094002, 0.280998, 0.172001, 0.155998, 0.281002, 0.640999, 0.140999, 0.265001, 0.266003, 0.733997, 0.203003, 0.265999, 0.202999, 0.406002, 0.063, 0.422001, 0.655998, 0.452999, 0.577999, 0.133003, 0.681, 0.218002, 0.186996, 0.344002, 0.311996, 0.157005, 0.092995, 0.265999, 0.453003, 0.515999, 0.203003, 0.452995, 0.359001, 0.094002, 0.171997, 0.187004, 0.671997, 0.407005, 0.342995, 0.063004, 0.219002, 0.967995, 0.110001, 0.172005, 0.625, 0.155998, 0.061996, 0.282005, 0.483994, 0.141006, 0.452995, 0.218002, 0.344002, 0.421997, 0.219002, 0.202995, 0.281006, 0.155998, 0.156, 0.739 ],
	"compte" : 213
}
