{"bimodal":false,"column_names":[""],"dimension":2,"dimension_input":0,"label":"forme3-3","data":[-1.413211703300476,3.0761148929595947,-2.940767288208008,3.5808897018432617,-3.5987818241119385,2.7160532474517822,-3.2743167877197266,2.1401124000549316,-3.552565813064575,2.3697032928466797,-3.7006897926330566,2.452707052230835,-3.882335662841797,2.5810353755950928,-3.929772138595581,2.7427921295166016,-3.760727643966675,2.777437925338745,-3.149656295776367,2.3651559352874756,-3.282651424407959,3.231271982192993,-2.7176852226257324,3.358896017074585,-2.5789976119995117,3.463726758956909,-2.9685959815979004,3.7768049240112305,-2.6351377964019775,3.2499711513519287,-2.6139774322509766,3.2511086463928223,-2.6742019653320312,3.2917559146881104,-2.6943442821502686,3.3828859329223633,-2.5804035663604736,3.353013038635254,-2.2365684509277344,3.254868507385254,-2.139091968536377,3.816089630126953,-1.5065959692001343,3.3799872398376465,-1.567888855934143,3.589764356613159,-1.6294405460357666,3.6593213081359863,-1.5206260681152344,3.5555474758148193,-1.5922192335128784,3.467496156692505,-1.7777656316757202,3.3529250621795654,-1.9603030681610107,3.358283042907715,-2.010281562805176,3.2917513847351074,-1.970341682434082,3.223890781402588,-2.170375108718872,3.2709262371063232,-2.303377151489258,3.2249395847320557,-2.2710115909576416,3.2341721057891846,-2.3144426345825195,3.360121011734009,-2.4899702072143555,3.4144768714904785,-2.628260374069214,3.4770047664642334,-2.440369129180908,3.4419634342193604,-2.4281067848205566,3.425605535507202,-2.6219747066497803,3.4366822242736816,-2.4235317707061768,3.4231884479522705,-2.1345930099487305,3.4535655975341797,-2.2921178340911865,3.6415562629699707,-2.508291006088257,3.758769989013672,-2.25644588470459,3.6599507331848145,-2.11855149269104,3.6149120330810547,-2.4203569889068604,3.629297971725464,-2.4856581687927246,3.554513692855835,-2.196977376937866,3.548534393310547,-2.241485595703125,3.5931572914123535,-2.4830946922302246,3.505160093307495,-2.2669856548309326,3.4950668811798096,-2.1191937923431396,3.5992753505706787,-2.355276107788086,3.646397590637207,-2.4050307273864746,3.588300943374634,-2.2321205139160156,3.5179691314697266,-2.3192319869995117,3.5905284881591797,-2.363819122314453,3.5978150367736816,-2.1840426921844482,3.563518762588501,-1.987261176109314,3.4506146907806396,-1.4583706855773926,3.24861741065979,-1.3566542863845825,3.72892427444458,-0.8346105217933655,3.558229684829712,-0.7303534746170044,3.559905529022217,1.0476564168930054,3.0618979930877686,3.294095993041992,-0.7905343770980835,4.384886741638184,-1.6358815431594849,4.4928975105285645,-2.0781002044677734,3.0054922103881836,-1.5961391925811768,4.408902168273926,-2.3458588123321533,4.097013473510742,-2.530590057373047,3.9530937671661377,-2.6949071884155273,3.885881185531616,-2.72914457321167,3.642779588699341,-2.8084137439727783,3.463611364364624,-2.885857343673706,3.2487716674804688,-2.8957841396331787,3.624326229095459,-3.901897668838501,2.938593626022339,-3.8091766834259033,1.9946445226669312,-3.737152338027954,1.2034257650375366,-3.6119046211242676,0.8710101246833801,-3.737003803253174,1.040652871131897,-3.887472152709961,1.4803775548934937,-3.813058376312256,2.083178997039795,-3.642791509628296,2.5928401947021484,-3.7882401943206787,2.8800740242004395,-3.810059070587158,2.898883104324341,-3.784972906112671,3.038867712020874,-3.6987547874450684,3.0442118644714355,-3.694612979888916,2.9991023540496826,-3.7255749702453613,3.0792129039764404,-3.6786930561065674,3.5732858180999756,-3.8313148021698,3.961949110031128,-3.728322744369507,3.0051589012145996,-2.654866933822632,3.08880615234375,-2.631241798400879,3.0640058517456055,-2.7108421325683594,3.0062880516052246,-2.6913506984710693,3.9540915489196777,-3.4545228481292725,3.2392797470092773,-1.7901153564453125,3.0443081855773926,0.2056659460067749,3.1105172634124756,3.0318219661712646,2.005969524383545,3.635528087615967,1.7414625883102417,3.6343095302581787,1.266309380531311,3.2431135177612305,1.1052452325820923,3.675234317779541,0.9239410758018494,3.749629259109497,0.6502119302749634,3.971977949142456,0.27903294563293457,4.358823776245117,0.026562653481960297,3.0406088829040527,-0.10530984401702881,3.0328919887542725,-0.19434675574302673,3.0370371341705322,-0.1822352409362793,3.0042498111724854,-0.2364789992570877,4.468638896942139,-0.2793576121330261,4.487322807312012,-0.12123116850852966,4.471607685089111,-0.007505477871745825,3.0533742904663086,0.02649877592921257,3.0432441234588623,0.31861498951911926,4.216959476470947,0.6494303345680237,4.122899532318115,0.7313199639320374,4.13204288482666,0.7574886083602905,4.180678367614746,0.8638906478881836,4.144503116607666,0.9950819611549377,4.1421098709106445,1.1799052953720093,4.047649383544922,1.297160267829895,4.036077976226807,1.3107870817184448,4.0392985343933105,1.3115043640136719,3.9544427394866943,1.4236018657684326,4.195773124694824,1.249904751777649,4.319589138031006,1.1565109491348267,4.188082695007324,1.2679181098937988,3.9919321537017822,1.330013632774353,3.951561689376831,1.2705150842666626,4.042716979980469,1.2117278575897217,3.985142707824707,1.29655122756958,3.8700740337371826,1.3495279550552368,3.8784821033477783,1.1262338161468506,3.9771738052368164,1.1002942323684692,3.914579391479492,1.3153023719787598,3.8002943992614746,1.195214033126831,3.8240768909454346,0.9979754090309143,3.847637891769409,0.9856932759284973,3.8321950435638428,0.9139508008956909,3.8555374145507812,0.5404480695724487,4.00417947769165,0.011635751463472843,3.821340322494507,-0.3623642921447754,3.373623847961426,-0.7994489669799805,3.258762836456299,-1.338377833366394,3.272684335708618,-1.9972513914108276,3.822927713394165,-2.619732618331909,3.0545153617858887,-3.3056437969207764,1.7542731761932373,-3.3660027980804443,0.21243205666542053,-2.3246724605560303,-3.5110912322998047,-0.8745602369308472,-3.066068649291992,-1.9882292747497559,-3.4090678691864014,-2.3925371170043945,-3.0925562381744385,-2.962836265563965,-3.4473347663879395,-2.7407710552215576,-3.3287925720214844,-2.0092484951019287,-3.1716179847717285,-2.188068151473999,-3.368004322052002,-2.120577335357666,-3.4372501373291016,-2.4213719367980957,-3.5036838054656982,-2.546160936355591,-3.427959442138672,-1.9399335384368896,-3.014073371887207,-2.5145223140716553,-3.5271406173706055,-1.950838327407837,-3.049905300140381,-1.9755253791809082,-3.088545083999634,-2.1440269947052,-3.095825433731079,-2.2821953296661377,-3.240948438644409,-2.4182543754577637,-3.107896566390991,-2.4234085083007812,-3.1464712619781494,-2.5668234825134277,-3.30503249168396,-2.374481201171875,-3.3444409370422363,-2.581449031829834,-3.230750799179077,-2.386775493621826,-3.5105843544006348,-2.406620979309082,-3.3016462326049805,-1.8885012865066528,-3.7304189205169678,-1.2445582151412964,-3.087862253189087,-1.4693264961242676,-3.7585067749023438,-0.9687178134918213,-3.24528431892395,-0.9440363645553589,-3.162195920944214,-1.0170137882232666,-3.1336958408355713,-0.8175055980682373,-3.2844274044036865,-1.0383377075195312,-3.1778757572174072,-0.8812488913536072,-3.2190401554107666,-0.9230020642280579,-3.295011281967163,-1.0756407976150513,-3.2194583415985107,-1.024166464805603,-3.301194429397583,-1.0160218477249146,-3.3560431003570557,-1.1900211572647095,-3.2703702449798584,-0.8434603810310364,-3.447673797607422,-1.1160550117492676,-3.2680869102478027,-1.2670215368270874,-3.2479610443115234,-0.8601109385490417,-3.3900747299194336,-1.1197612285614014,-3.393216848373413,-1.102988600730896,-3.573427438735962,-1.0099024772644043,-3.7894458770751953,-1.3590307235717773,-3.6465158462524414,-1.2100856304168701,-3.9475231170654297,-0.8749706149101257,-3.0275590419769287,-1.3406792879104614,-3.871702194213867,-1.2367188930511475,-3.873002052307129,-1.2044706344604492,-3.94809889793396,-1.3461488485336304,-3.836416721343994,-0.8498775959014893,-3.0268924236297607,-1.327643871307373,-3.942242383956909,-1.4131108522415161,-3.931222915649414,