{"bimodal":false,"column_names":[""],"dimension":2,"dimension_input":0,"label":"forme2-4","data":[3.0873663425445557,-3.0308825969696045,3.231232166290283,-1.9646964073181152,3.384350299835205,-2.5923428535461426,2.436659097671509,-3.2507846355438232,1.007622480392456,-3.15924072265625,0.5171934962272644,-3.503066062927246,0.6867356300354004,-3.4086568355560303,0.7414543032646179,-3.6513988971710205,0.8453490734100342,-3.148224115371704,1.327446460723877,-3.1110446453094482,1.8113600015640259,-3.64404559135437,1.6420369148254395,-3.057337522506714,1.2238551378250122,-3.487252950668335,1.038558006286621,-3.3850607872009277,0.6260802745819092,-3.4734177589416504,0.3985118865966797,-3.0780839920043945,0.46808990836143494,-3.361323118209839,0.8733033537864685,-3.6955406665802,0.7466227412223816,-3.693317413330078,0.5788577795028687,-3.5766587257385254,0.7234458327293396,-3.4383926391601562,0.6607173085212708,-3.557337522506714,0.7261770963668823,-3.68261981010437,0.8431070446968079,-3.7835004329681396,0.7241268754005432,-3.791187047958374,0.6374337673187256,-3.8359954357147217,0.48934873938560486,-3.945406675338745,0.5474019050598145,-3.9165687561035156,0.689990758895874,-3.8821427822113037,0.7622336745262146,-3.867736577987671,0.7197809219360352,-3.818387031555176,0.6874366402626038,-3.8444035053253174,0.5942266583442688,-3.9616565704345703,0.6684635877609253,-3.979423999786377,0.4651181995868683,-3.965602159500122,0.378812700510025,-3.96955943107605,0.25815561413764954,-3.018876552581787,0.22031860053539276,-3.8257086277008057,0.16110864281654358,-3.6149821281433105,-3.270124912261963,-1.5455764532089233,-3.07316517829895,2.0842738151550293,-3.574883222579956,2.8806235790252686,-3.290896415710449,3.0024523735046387,-3.1293065547943115,3.4927942752838135,-2.147000551223755,3.3165247440338135,-2.3156802654266357,3.8680057525634766,-1.5730137825012207,3.013302803039551,-1.4041892290115356,3.0003163814544678,-1.7500780820846558,3.8561959266662598,-1.9669557809829712,3.72358775138855,-2.189056396484375,3.5893921852111816,-1.9152112007141113,3.357349157333374,-2.16827654838562,3.334963083267212,-2.200855255126953,3.054762840270996,-2.484396457672119,3.8444087505340576,-2.029247760772705,3.65879487991333,-1.8168545961380005,3.637660503387451,-1.9778245687484741,3.456211805343628,-1.9902688264846802,3.338937997817993,-2.2402164936065674,3.2562801837921143,-2.233107089996338,3.3331310749053955,-2.106343984603882,3.555558919906616,-2.2783281803131104,3.6718926429748535,-2.189584255218506,3.5585837364196777,-2.256920576095581,3.549238920211792,-2.6738038063049316,3.6366348266601562,-2.802882194519043,3.5735318660736084,-3.038092851638794,3.4005467891693115,-2.978922128677368,3.3288917541503906,-3.0300135612487793,3.4941678047180176,-3.0688588619232178,3.5387983322143555,-2.9644837379455566,3.3827128410339355,-3.055410146713257,3.307471752166748,-3.035440444946289,2.859377145767212,-3.052690267562866,2.3688266277313232,-3.278174877166748,2.2044808864593506,-3.5909571647644043,1.817342758178711,-3.6092679500579834,1.3469434976577759,-3.3975651264190674,-0.22244949638843536,-3.441007375717163,-1.7035952806472778,-3.2119104862213135,-1.7359040975570679,1.1500144004821777,-3.6413190364837646,3.1196794509887695,-3.4673430919647217,3.220247507095337,-3.7245631217956543,2.661379337310791,-3.4965262413024902,2.119098424911499,-3.3921959400177,1.5563461780548096,-3.216336250305176,1.1544946432113647,-3.149149179458618,0.9763191342353821,-3.0937929153442383,0.9328919649124146,-3.0488035678863525,1.0044602155685425,-3.161497116088867,1.2148528099060059,-3.1703693866729736,1.1469931602478027,-3.2048275470733643,1.3722319602966309,-3.176086902618408,1.184897541999817,-3.1865429878234863,1.0051978826522827,-3.4128565788269043,0.9126489758491516,-3.259060859680176,0.9138375520706177,-3.2788374423980713,0.6381812691688538,-3.1107609272003174,0.394771009683609,-3.6249687671661377,-0.07633912563323975,-3.463850736618042,-1.6717934608459473,-3.3629231452941895,-2.9355268478393555,-3.1396327018737793,-3.37235426902771,-2.756563425064087,-3.3134191036224365,-2.4237051010131836,-3.291775703430176,-1.3626753091812134,-3.4936673641204834,-0.7162620425224304,-3.498966932296753,0.13875964283943176,-3.536738872528076,1.1779099702835083,-3.1521973609924316,2.0854122638702393,-3.2772412300109863,2.4471983909606934,-3.1900484561920166,2.8635592460632324,-3.047865867614746,3.311876058578491,-2.9842026233673096,3.372811794281006,-2.6036620140075684,3.315403461456299,-2.2581048011779785,3.452540636062622,-1.8719748258590698,3.6231496334075928,-1.0038752555847168,3.5438921451568604,-0.30079320073127747,3.355741500854492,0.12026449292898178,3.2893922328948975,0.3611149191856384,3.207059383392334,0.17184270918369293,3.17193603515625,0.12794552743434906,3.049354314804077,0.5849923491477966,3.5171546936035156,0.450298011302948,3.05360746383667,0.9510118365287781,3.4782583713531494,0.647923469543457,3.0108327865600586,0.8766767382621765,3.5633699893951416,0.8740211725234985,3.464282989501953,0.7491158843040466,3.430347204208374,0.6036075353622437,3.3819503784179688,0.4199129045009613,3.240579605102539,0.48450568318367004,3.1471638679504395,1.0246782302856445,3.3833065032958984,2.2091073989868164,3.3465538024902344,3.4100005626678467,2.9989678859710693,3.3480825424194336,3.0258383750915527,3.127344846725464,3.064505100250244,3.2480125427246094,2.9114315509796143,3.1903696060180664,2.49000883102417,3.0797970294952393,2.2150678634643555,3.1936607360839844,2.0896308422088623,3.0291709899902344,2.1347858905792236,3.315854787826538,2.5772669315338135,3.171339511871338,2.6623647212982178,3.2492830753326416,2.6752936840057373,3.2547030448913574,2.689180850982666,3.2888729572296143,2.828256845474243,3.1632986068725586,3.0421085357666016,3.259472608566284,3.0028762817382812,3.2042043209075928,3.037562608718872,3.1786067485809326,2.915822982788086,3.336545944213867,2.9296863079071045,3.3130297660827637,1.575295090675354,3.1716341972351074,0.9714885354042053,3.160658359527588,0.9067036509513855,3.1338400840759277,0.9012519121170044,3.0957119464874268,0.9088633060455322,3.054589033126831,0.8980170488357544,3.1214599609375,0.8225855231285095,3.029407262802124,0.8416515588760376,3.0797007083892822,0.6462390422821045,3.0688841342926025,0.36341631412506104,3.2101974487304688,0.15968164801597595,3.3761544227600098,0.042012155055999756,3.3620083332061768,-0.055722516030073166,3.239088296890259,-0.16681809723377228,3.0488955974578857,-0.29915663599967957,3.309140682220459,-0.5878116488456726,3.2803573608398438,-1.4568120241165161,2.46628737449646,-3.3196425437927246,-0.45243188738822937,-3.14866304397583,-3.361400842666626,-3.2945096492767334,-3.535170316696167,-1.8626819849014282,-3.2237536907196045,-1.3542225360870361,-3.087728261947632,-0.972095251083374,-3.3863773345947266,-0.7678096890449524,-3.5316107273101807,-0.5635385513305664,-3.0600507259368896,-0.31023621559143066,-3.086937427520752,-0.21222858130931854,-3.122537851333618,-0.22386175394058228,-3.1263327598571777,-0.2506639063358307,-3.0236144065856934,-0.2788415253162384,-3.707301139831543,-0.304921418428421,-3.5932254791259766,-0.37680861353874207,-3.46864914894104,-0.325947642326355,-3.3241665363311768,-0.6764854192733765,-1.7488088607788086,-3.0815627574920654,-3.276367664337158,-2.801839828491211,-3.099646806716919,-1.4719171524047852,-3.410780906677246,-1.8304303884506226,-3.0623481273651123,-2.7463841438293457,-3.0027079582214355,-3.204655170440674,-3.29667329788208,-3.107206106185913,-2.8451731204986572,-3.2796010971069336,-1.3165279626846313,-3.2404897212982178,2.1933631896972656,-3.4264233112335205,3.022132158279419,-3.111640453338623,3.269080638885498,-3.0545036792755127,3.292679786682129,-3.1016125679016113,3.2148168087005615,-3.0909152030944824,3.2751574516296387,-3.0659728050231934,3.152223587036133,-2.874070882797241,3.3945987224578857,-2.238190174102783,3.484114170074463,-1.453099250793457,3.011479139328003,-1.0848051309585571,