{"bimodal":false,"column_names":[""],"dimension":2,"dimension_input":0,"label":"forme2-16","data":[-0.916126549243927,-3.1910431385040283,1.1625785827636719,-3.4068331718444824,2.2318835258483887,-3.2518863677978516,2.162107467651367,-3.0296249389648438,2.4055564403533936,-3.103389024734497,2.062007188796997,-3.1464107036590576,1.9576094150543213,-3.3828248977661133,1.8095283508300781,-3.347827672958374,1.8767608404159546,-3.4127461910247803,1.5440458059310913,-3.318481922149658,1.08024263381958,-3.4621055126190186,0.7606192827224731,-3.2642767429351807,0.8023375868797302,-3.606200933456421,0.6488702297210693,-3.3337652683258057,1.1126707792282104,-3.497931480407715,0.7744049429893494,-3.3286406993865967,1.0072101354599,-3.539313316345215,0.7970277667045593,-3.3263118267059326,-0.37986427545547485,-3.29345965385437,-1.4119184017181396,-3.184206962585449,-2.3453989028930664,-3.3017165660858154,-3.031703233718872,-3.127379894256592,-3.1436686515808105,0.519164502620697,-2.296738862991333,3.3624134063720703,-0.8930057287216187,3.458707809448242,-0.7650759220123291,3.194737195968628,-0.9450863599777222,3.7073988914489746,-1.0444414615631104,3.115912437438965,-1.2316776514053345,3.2932279109954834,-1.5082926750183105,3.1205825805664062,-1.6945301294326782,3.5413026809692383,-1.8221886157989502,3.232701301574707,-1.4974355697631836,3.431469440460205,-1.529624342918396,3.520042657852173,-1.159038782119751,3.405594825744629,-1.0657728910446167,3.0798275470733643,-0.4101118743419647,3.061668872833252,-1.0621650218963623,3.179035186767578,-0.8372076749801636,3.037118911743164,-0.727907121181488,3.052034854888916,-1.0201668739318848,3.1134774684906006,-0.5670716762542725,3.0609655380249023,-0.8971871137619019,3.0906877517700195,0.0776110365986824,3.3455352783203125,1.0915148258209229,3.454685688018799,0.9484904408454895,3.010283946990967,0.6424610614776611,3.2377572059631348,0.48463159799575806,3.2291500568389893,0.6745021939277649,3.1598060131073,0.7669478058815002,3.037426471710205,0.23876845836639404,3.3083114624023438,1.6170544624328613,3.3139610290527344,1.9702272415161133,3.121272325515747,3.0073764324188232,3.279395341873169,3.2460923194885254,2.6061477661132812,3.505340337753296,1.7600641250610352,3.4857559204101562,1.4168438911437988,3.158857583999634,1.7593127489089966,3.2919983863830566,1.5949125289916992,3.2638449668884277,1.5302526950836182,3.2993714809417725,1.4814059734344482,3.0413215160369873,1.6951252222061157,3.4379377365112305,1.531044602394104,3.120039939880371,1.8608390092849731,3.375178813934326,1.4779348373413086,3.254415273666382,1.6590102910995483,3.1030654907226562,1.7189701795578003,3.3342151641845703,1.7057240009307861,3.109126567840576,1.7742328643798828,3.0133113861083984,1.3566855192184448,3.404680013656616,2.30171799659729,3.0648229122161865,1.5009510517120361,3.466287612915039,2.2172980308532715,3.3845114707946777,2.0263893604278564,3.4266867637634277,2.5654048919677734,3.1920692920684814,1.8417017459869385,3.042379379272461,1.3381931781768799,3.218574047088623,0.7821997404098511,3.4070985317230225,0.11335617303848267,3.1424903869628906,-0.06394941359758377,3.0413506031036377,-0.6798067688941956,3.393148183822632,-1.5005427598953247,2.618333339691162,-3.1769449710845947,-1.2610154151916504,-3.1868298053741455,-3.155869245529175,-2.689931869506836,-3.0112850666046143,-1.882802963256836,-3.030083417892456,-1.9774824380874634,-3.010225296020508,-1.694156289100647,-3.084712028503418,-1.575554370880127,-3.419017791748047,-1.4059128761291504,-3.1408307552337646,-0.9041739702224731,-3.3305718898773193,-1.0084632635116577,-3.3749701976776123,-1.8453322649002075,-3.389690637588501,-1.8349101543426514,-3.195384979248047,-1.3098195791244507,-3.256878614425659,-1.182416558265686,-3.3302149772644043,-1.4338340759277344,-3.0932841300964355,-1.197399377822876,-3.2708218097686768,-1.0609099864959717,-3.177669048309326,-1.088568091392517,-3.4407124519348145,-1.6210755109786987,-3.39281964302063,-1.7484737634658813,-3.1479008197784424,-1.5890098810195923,-3.10457444190979,-2.2546463012695312,-3.11264967918396,-2.5974855422973633,-0.5304235219955444,-3.036412477493286,-0.04464753717184067,-3.267928123474121,1.3594874143600464,-3.3308331966400146,2.902601718902588,-3.100003242492676,3.33408260345459,-3.1685075759887695,3.290104627609253,-2.0652339458465576,3.3700311183929443,-1.5148065090179443,3.261047124862671,-1.7541394233703613,3.110629081726074,-1.8397517204284668,3.128833055496216,-1.9582000970840454,3.3676695823669434,-2.403437852859497,3.373854637145996,-2.390533447265625,3.2607245445251465,-1.6055984497070312,3.080245018005371,-0.01626214012503624,3.145134210586548,1.9432815313339233,1.0362694263458252,3.2843027114868164,0.9681352376937866,3.2305378913879395,0.1147814393043518,3.1020843982696533,0.2678413987159729,3.158015012741089,-0.07941506803035736,3.2336106300354004,-0.13655036687850952,3.10933780670166,0.09896785020828247,3.0306999683380127,-0.10760547965765,3.417694091796875,-0.45195066928863525,3.37925124168396,0.06187228858470917,3.300112009048462,3.2365994453430176,2.0175728797912598,3.099809169769287,-2.945537567138672,1.731929898262024,-3.0118134021759033,1.3809468746185303,-3.1193935871124268,0.8018707633018494,-3.2610180377960205,0.817965030670166,-3.0678484439849854,1.2371182441711426,-3.164470672607422,1.0411654710769653,-3.171290874481201,1.752803087234497,-3.369945526123047,1.2599880695343018,-3.213114023208618,1.464037299156189,-3.1725666522979736,0.8330985903739929,-3.506493330001831,1.1686111688613892,-3.0636136531829834,0.6718911528587341,-3.0264689922332764,1.0107576847076416,-3.4908950328826904,1.0435585975646973,-3.1904635429382324,1.4796791076660156,-3.5073983669281006,1.7308297157287598,-3.4264628887176514,1.7034085988998413,-3.046699285507202,1.4167981147766113,-3.4219982624053955,1.5082361698150635,-3.483110189437866,1.6886361837387085,-3.1425318717956543,1.375994324684143,-3.1246941089630127,1.4918643236160278,-3.099965810775757,0.8630951642990112,-3.094377040863037,1.0780158042907715,-3.1927452087402344,0.8402793407440186,-3.4797005653381348,0.7228171229362488,-3.3600099086761475,0.5491834878921509,-3.1023380756378174,0.6634722948074341,-3.6332359313964844,0.8988010287284851,-3.2937026023864746,0.7113861441612244,-3.1379199028015137,1.0549520254135132,-3.296557664871216,0.6116997599601746,-3.164945363998413,0.9396132230758667,-3.330005168914795,0.7818924784660339,-3.2721195220947266,0.978932797908783,-3.2602884769439697,0.8531873822212219,-3.245110273361206,0.9430046081542969,-3.320891857147217,0.5706468224525452,-3.1920368671417236,1.0011733770370483,-3.405834436416626,0.6879193782806396,-3.263305425643921,-0.050571393221616745,-3.1187517642974854,-0.6702262163162231,-3.375239610671997,-0.8341313600540161,-3.250009775161743,-2.334059715270996,-3.0760648250579834,-3.326287269592285,-2.1276309490203857,-3.1368913650512695,0.873586893081665,-3.4658095836639404,2.1166210174560547,-3.281808376312256,2.7498464584350586,-2.793757200241089,3.546433448791504,-2.478367328643799,3.4451675415039062,-1.5429309606552124,3.070981979370117,-1.3711076974868774,3.105111598968506,-1.4211373329162598,3.1176445484161377,-1.1823945045471191,3.139421224594116,-1.0813233852386475,3.1113996505737305,-1.3889741897583008,3.1609504222869873,-1.1471480131149292,3.0969314575195312,-1.4499655961990356,3.6858930587768555,-1.6298598051071167,3.67850661277771,-1.580285906791687,3.5158767700195312,-1.6465928554534912,3.5175836086273193,-1.6715363264083862,3.5038576126098633,-1.5811020135879517,3.357117176055908,-1.714150071144104,3.3883132934570312,-1.8764442205429077,3.211500406265259,-2.266990900039673,3.5781307220458984,-2.7970242500305176,3.2662642002105713,-3.098756790161133,3.418184995651245,-3.32246732711792,3.533691167831421,-3.0459072589874268,3.4908885955810547,-3.0407724380493164,3.3818674087524414,-2.9600625038146973,3.4414594173431396,-3.0552897453308105,3.407562732696533,-3.0279552936553955,3.2361392974853516,