{"bimodal":false,"column_names":[""],"dimension":2,"dimension_input":0,"label":"forme2-3","data":[-0.903877317905426,-3.132683277130127,0.35517871379852295,-3.085265636444092,1.5088285207748413,-3.1170289516448975,0.9343749284744263,-3.048511266708374,-0.766927182674408,-3.3091249465942383,-1.2539150714874268,-3.0815846920013428,-1.168375849723816,-3.2426185607910156,-1.1147067546844482,-3.29398512840271,-1.2060664892196655,-3.248892068862915,-2.634188175201416,-3.0622940063476562,-3.0904572010040283,0.21971257030963898,-3.1529877185821533,0.7850096821784973,-3.0958821773529053,1.2620946168899536,-3.5090444087982178,1.2017747163772583,-3.4742772579193115,1.4441068172454834,-3.399542808532715,0.9878653287887573,-3.512284994125366,1.1992712020874023,-3.464501142501831,1.2656056880950928,-3.497551441192627,1.2401998043060303,-3.056638240814209,1.4160517454147339,-3.12241792678833,3.0318007469177246,-0.5920163989067078,3.0965871810913086,3.34628963470459,2.521482467651367,3.428776979446411,0.6109301447868347,3.1453213691711426,0.51947420835495,3.3973865509033203,0.4662255048751831,3.296538829803467,0.4107694923877716,3.2541730403900146,1.1229033470153809,3.3289809226989746,3.111724376678467,2.6081690788269043,3.2977960109710693,3.1919546127319336,3.1662631034851074,3.3587467670440674,2.1454362869262695,3.406200408935547,2.246150255203247,3.1410083770751953,2.441786527633667,3.069828510284424,1.9694485664367676,3.3085477352142334,1.3804495334625244,3.3440988063812256,1.4225083589553833,3.418398857116699,1.3709254264831543,3.1591243743896484,1.4389369487762451,3.2238543033599854,1.8852648735046387,3.2804691791534424,2.398176670074463,2.474515438079834,3.2248306274414062,-1.4071823358535767,3.001847505569458,-3.106557607650757,3.053257465362549,-3.2317519187927246,2.446728467941284,-3.7978649139404297,2.228764057159424,-3.09018874168396,1.4975897073745728,-3.130035161972046,1.408920407295227,-3.0356106758117676,1.1859970092773438,-3.1308889389038086,1.1407982110977173,-3.082141399383545,0.8804481029510498,-3.753526210784912,0.8980399966239929,-3.3813159465789795,0.08436234295368195,-3.5554256439208984,-0.5845966339111328,-3.285825490951538,-1.9564896821975708,-3.2631380558013916,-3.09775710105896,-3.0365195274353027,-3.1382765769958496,-3.257657289505005,-3.1649539470672607,-3.3951268196105957,-3.0931179523468018,-3.3487415313720703,-3.2554450035095215,-3.3758773803710938,-3.4602982997894287,-3.0627753734588623,-3.0847809314727783,-3.4866504669189453,-2.8068199157714844,-3.0284318923950195,-2.3458902835845947,-3.3808555603027344,-2.91660213470459,-3.4383299350738525,-2.8486902713775635,-3.3306376934051514,-2.8439981937408447,-3.2750442028045654,-2.73799729347229,-3.3824174404144287,-2.8516955375671387,-3.3845245838165283,-2.9908812046051025,-3.497032403945923,-2.8168327808380127,-3.3187966346740723,-2.79293155670166,-2.988891363143921,-3.163930654525757,-2.757340669631958,-3.4756767749786377,-0.9879681468009949,-3.636931896209717,0.6605218052864075,-3.066033124923706,1.1269654035568237,-3.231135129928589,1.2284471988677979,-3.3050014972686768,1.4032633304595947,-3.3840208053588867,0.9501008987426758,-3.1826555728912354,0.6733854413032532,-3.1084816455841064,0.27365297079086304,-3.5815823078155518,-0.06823792308568954,-3.5960586071014404,-0.11309348046779633,-3.6042869091033936,-0.14704418182373047,-3.5453712940216064,-0.08438440412282944,-3.60577392578125,0.08954791724681854,-3.6051535606384277,0.06842266768217087,-3.6893985271453857,0.11453869938850403,-3.670551061630249,0.26574158668518066,-3.6828179359436035,0.5212312340736389,-3.7213058471679688,0.5333961844444275,-3.6907219886779785,0.9013522863388062,-3.1457951068878174,1.4331096410751343,-3.4830820560455322,1.8057217597961426,-3.462200164794922,1.9337475299835205,-3.4808802604675293,2.028869867324829,-3.51224684715271,2.049734354019165,-3.5777668952941895,2.1847732067108154,-3.713381767272949,2.2228903770446777,-3.3677847385406494,3.2749457359313965,-2.9879941940307617,3.5951383113861084,-1.8994653224945068,3.002530813217163,-0.8715028166770935,3.482633113861084,-0.24246615171432495,3.0200135707855225,0.21629631519317627,0.17819148302078247,3.1007063388824463,-1.8720295429229736,3.4158523082733154,-2.2218592166900635,3.554051160812378,-2.4670491218566895,3.6006271839141846,-2.4972221851348877,3.612859010696411,-2.1434144973754883,3.5827882289886475,-1.4155055284500122,3.4800350666046143,-0.8673656582832336,3.2228686809539795,-1.0722746849060059,3.2784650325775146,-1.630053162574768,3.376929521560669,-1.6219152212142944,3.415102243423462,-1.6813414096832275,3.428363084793091,-1.5154497623443604,3.4114370346069336,-0.8377858996391296,3.1751792430877686,0.4002838730812073,3.2696492671966553,0.546943187713623,3.2843477725982666,0.39218056201934814,3.3569719791412354,0.09317121654748917,3.2981972694396973,-0.6234487295150757,3.1075477600097656,-0.9783164858818054,3.2222180366516113,-0.8640866279602051,3.1522905826568604,-0.6742624044418335,3.3916308879852295,-0.06006952002644539,3.1592257022857666,1.5411118268966675,3.212404727935791,3.174051523208618,2.1905436515808105,3.113593578338623,-0.3882838189601898,3.134080171585083,-0.7100729942321777,3.239351272583008,-0.6890560984611511,3.286283254623413,-1.111211895942688,3.4236135482788086,-1.2393168210983276,3.1506035327911377,-1.2612231969833374,3.385016918182373,-1.5633971691131592,3.135704755783081,-2.013897180557251,3.3910439014434814,-2.405139923095703,3.102264881134033,-2.790736675262451,3.1449267864227295,-2.893059015274048,3.042942523956299,-3.0465641021728516,3.1591222286224365,-3.0928359031677246,3.18184757232666,-2.996162176132202,2.976754903793335,-3.3036396503448486,2.0404367446899414,-3.485243082046509,1.553047776222229,-3.4599413871765137,1.5905170440673828,-3.160656690597534,1.7387826442718506,-3.119304895401001,1.843523383140564,-3.3540573120117188,2.0814321041107178,-3.150221586227417,2.1486027240753174,-3.1275699138641357,2.09548282623291,-3.2030625343322754,2.339571952819824,-3.256978750228882,2.163257598876953,-3.029493570327759,2.3049583435058594,-3.027360439300537,2.2783291339874268,-3.034400463104248,2.2585220336914062,-3.2535288333892822,2.2149930000305176,-3.1872034072875977,2.2396743297576904,-3.3530983924865723,2.1147401332855225,-3.2919769287109375,1.9053475856781006,-3.0214293003082275,2.0242347717285156,-3.40073299407959,2.107144832611084,-3.468101739883423,1.9716054201126099,-3.3090500831604004,1.9771121740341187,-3.422295331954956,1.86370849609375,-3.3670780658721924,2.010892152786255,-3.5205304622650146,1.7361159324645996,-3.352482557296753,1.7120821475982666,-3.287463665008545,0.6816777586936951,3.24434232711792,-1.021461844444275,3.406893253326416,-0.9839159846305847,3.2027087211608887,-0.2247064709663391,3.212421178817749,2.6383564472198486,3.2196204662323,2.9963161945343018,3.268620014190674,1.9867690801620483,3.042958974838257,0.8782644271850586,3.071824789047241,0.48300793766975403,3.4184043407440186,0.3481448292732239,3.078108787536621,0.021597279235720634,3.0654802322387695,-0.15380699932575226,3.239621162414551,-0.42554807662963867,3.435587167739868,-1.0717508792877197,3.347507953643799,-1.7173326015472412,3.7420432567596436,-1.5927348136901855,3.1964237689971924,-1.6084237098693848,3.179553985595703,-1.7687129974365234,3.4585609436035156,-1.1528834104537964,3.0755343437194824,-1.3818747997283936,3.7401885986328125,-1.2986927032470703,3.737837076187134,-0.9593932628631592,3.0222954750061035,-1.381949543952942,3.676381826400757,-1.298926830291748,3.5851309299468994,-1.3604987859725952,3.5989532470703125,-1.064884066581726,3.5586156845092773,-0.982664167881012,3.5089011192321777,-0.9234969019889832,3.4400603771209717,-0.5647173523902893,3.224182605743408,-0.5920693278312683,3.0804014205932617,-0.49345260858535767,3.2310285568237305,-1.077486515045166,3.287846565246582,-1.11004638671875,3.231034755706787,-1.1440414190292358,3.183967351913452,-1.1947340965270996,3.1471986770629883,-1.1023896932601929,