{"bimodal":false,"column_names":[""],"dimension":2,"dimension_input":0,"label":"forme2-17","data":[3.0972554683685303,-1.9260846376419067,3.4422664642333984,-1.4522112607955933,3.5816242694854736,-1.7102384567260742,3.250542640686035,-1.5583034753799438,3.281669855117798,-1.4764621257781982,3.243889093399048,-1.4328687191009521,3.215121030807495,-1.7211276292800903,3.4545552730560303,-1.913659691810608,3.354144334793091,-1.7862908840179443,3.165255308151245,-1.847885012626648,2.214231491088867,-3.114108085632324,2.272467613220215,-3.7471091747283936,2.39727783203125,-3.4504427909851074,2.321058750152588,-3.299492597579956,2.2465362548828125,-3.582441806793213,2.1429872512817383,-4.015656471252441,1.6083095073699951,-3.1203830242156982,1.4898015260696411,-3.0143749713897705,2.025873899459839,-4.009274482727051,1.5796211957931519,-3.0712132453918457,1.5948381423950195,-3.0158402919769287,1.4923547506332397,-3.0066702365875244,1.5087355375289917,-3.1903700828552246,1.5970619916915894,-3.259939670562744,1.656741976737976,-3.191394329071045,1.611391305923462,-3.1488864421844482,1.8140677213668823,-3.2046902179718018,2.1242103576660156,-3.417171001434326,2.3595242500305176,-3.627624750137329,2.5759658813476562,-3.5688045024871826,2.638906955718994,-3.449272394180298,2.5105977058410645,-3.5051207542419434,2.4851958751678467,-3.4180386066436768,2.595899820327759,-3.45040225982666,2.5543315410614014,-3.5570685863494873,2.4662258625030518,-3.654106616973877,2.5752744674682617,-3.5686726570129395,2.706005334854126,-3.5472536087036133,2.502720832824707,-3.4187281131744385,3.2066566944122314,-2.5029444694519043,3.271350860595703,-0.04837949946522713,3.6765880584716797,0.8275381326675415,3.135380983352661,2.0925700664520264,1.0159928798675537,3.144815683364868,-0.20204909145832062,3.0813915729522705,-0.7283564209938049,3.331885576248169,-0.6862080693244934,3.5573246479034424,-0.6138967871665955,3.596285820007324,-0.7774762511253357,3.4918465614318848,-0.8550743460655212,3.5471444129943848,-0.9455533623695374,3.6386356353759766,-1.4566484689712524,3.636840581893921,-1.7100684642791748,3.7701737880706787,-1.5780454874038696,3.7296013832092285,-1.5551694631576538,3.4693922996520996,-1.5882261991500854,3.5725486278533936,-1.560525894165039,3.7206404209136963,-1.6490459442138672,3.7004055976867676,-1.347370982170105,3.161003351211548,-1.0659805536270142,3.956125497817993,-0.7987255454063416,3.6547183990478516,-0.6551780104637146,3.538909673690796,-0.21596890687942505,3.497739315032959,0.05462929233908653,3.1961045265197754,0.3633767068386078,3.3078553676605225,0.5174360871315002,3.253591299057007,0.08093241602182388,3.3881142139434814,0.02100464515388012,3.4567041397094727,-0.1382407248020172,3.411649465560913,-0.3452640175819397,3.5128495693206787,-0.41827160120010376,3.5780842304229736,-0.5953966975212097,3.491302967071533,-0.5356495380401611,3.6145646572113037,-0.7132818102836609,3.5832228660583496,-1.1608638763427734,3.5141546726226807,-1.1902697086334229,3.486292839050293,-1.1860873699188232,3.4212758541107178,-1.11983060836792,3.4805805683135986,-0.959373950958252,3.274305582046509,-1.0985701084136963,3.296750545501709,-1.1093473434448242,3.5055665969848633,-1.1878888607025146,3.390673875808716,-1.0899332761764526,3.231710433959961,-3.4443907737731934,3.336064100265503,-3.234065532684326,1.4184762239456177,-3.2453646659851074,0.6146613359451294,-3.1876442432403564,-0.13348013162612915,-3.5589871406555176,-1.06574547290802,-3.1345765590667725,-2.186527729034424,-1.4774091243743896,-3.2029190063476562,-0.21050749719142914,-3.185978651046753,0.6457958221435547,-3.0519917011260986,-0.07916460931301117,-3.1019928455352783,-0.047396957874298096,-3.065556049346924,-0.15447114408016205,-3.1528518199920654,0.7586954832077026,-3.062692880630493,1.386147379875183,-3.4243412017822266,0.5647406578063965,-3.0810675621032715,-0.46100643277168274,-3.0038437843322754,-3.4580538272857666,-0.5381893515586853,-3.3413357734680176,0.2924542725086212,-3.3898932933807373,0.537618100643158,-3.416544198989868,0.7611598372459412,-3.465801477432251,0.882497251033783,-3.3806540966033936,1.1775219440460205,-3.181684732437134,1.2302266359329224,-3.172650098800659,1.721461296081543,-3.509223699569702,3.088796615600586,-2.851179838180542,3.137859344482422,-2.6791110038757324,3.329807996749878,-2.576693534851074,3.4189209938049316,-2.598278045654297,3.6273529529571533,-2.2235310077667236,3.339005947113037,1.7450852394104004,3.0086731910705566,2.879059076309204,3.032334327697754,3.4742445945739746,3.0000147819519043,3.165712833404541,2.6020355224609375,3.65415358543396,2.181443691253662,3.0596818923950195,1.6675297021865845,3.2100775241851807,1.4892776012420654,3.2873218059539795,1.2733227014541626,3.1915783882141113,1.1056976318359375,3.0904643535614014,0.864260196685791,3.0349812507629395,0.5901972055435181,3.0319571495056152,0.49604836106300354,3.6523077487945557,0.7612199187278748,3.591047525405884,1.0280723571777344,3.565246343612671,0.9211521148681641,3.5768582820892334,1.0545786619186401,3.55690598487854,1.0446829795837402,3.6157803535461426,1.0775947570800781,3.6390268802642822,1.0195953845977783,3.6288721561431885,1.1608593463897705,3.4310786724090576,1.9217430353164673,1.1158744096755981,3.7507543563842773,-1.9341181516647339,3.4196691513061523,-3.1846489906311035,2.5782992839813232,-4.050002574920654,1.7562978267669678,-3.2234766483306885,0.9899915456771851,-3.21551251411438,0.8883187174797058,-3.3364360332489014,0.7159125804901123,-3.383563756942749,0.5835657715797424,-3.3076767921447754,0.34885740280151367,-3.8220436573028564,-0.263752818107605,-3.2267329692840576,-1.2958033084869385,-2.9208600521087646,-3.1238880157470703,-1.9930782318115234,-3.0688624382019043,-2.017528533935547,-3.0685412883758545,-2.89133882522583,-3.5333096981048584,-3.055032730102539,-3.498811721801758,-3.2932968139648438,-3.308485984802246,-3.3335483074188232,-3.3749940395355225,-3.191589117050171,-3.4925436973571777,-3.250243663787842,-3.51029372215271,-3.367805242538452,-3.378685712814331,-3.051070213317871,-2.4521725177764893,-3.2595365047454834,-2.2990853786468506,-3.296534776687622,-2.1751818656921387,-3.2559056282043457,-2.128830909729004,-3.352985143661499,-2.021202802658081,-3.302381753921509,-2.017332077026367,-3.182997941970825,-1.8980544805526733,-3.2204060554504395,-2.889721155166626,-3.0698394775390625,-2.9434103965759277,-3.2529995441436768,-3.0296034812927246,-2.2264859676361084,-3.2178080081939697,-1.5206083059310913,-3.434929609298706,-1.7267509698867798,-3.6388418674468994,-1.7272815704345703,-3.5598738193511963,-0.6228419542312622,-3.00661563873291,0.11299195140600204,-3.480618953704834,0.4457738995552063,-3.6209793090820312,0.5824905037879944,-3.5002450942993164,1.0599665641784668,-3.6155786514282227,1.361209511756897,-3.5438971519470215,1.3198435306549072,-3.5841009616851807,1.159675121307373,-3.5187461376190186,0.9077306985855103,-3.5116448402404785,0.7244290113449097,-3.4132161140441895,0.7612469792366028,-3.3653407096862793,0.8677098155021667,-3.298733711242676,1.0215954780578613,-3.2985305786132812,0.9861147403717041,-3.2329447269439697,1.0056312084197998,-3.090562343597412,0.9181747436523438,-3.0379936695098877,1.3755793571472168,-3.2287697792053223,2.0889031887054443,-3.3328070640563965,2.2189643383026123,-3.2150075435638428,3.3928394317626953,-3.5058653354644775,3.601546287536621,-2.555849075317383,3.5217628479003906,-1.8804280757904053,3.433281660079956,-0.9791592955589294,3.024834632873535,0.6248040795326233,1.5316418409347534,3.028406858444214,-1.0619635581970215,3.1094048023223877,-1.3487221002578735,3.4857277870178223,-1.3673001527786255,3.0664827823638916,-1.499634861946106,3.2788655757904053,-1.5099223852157593,3.359980583190918,-1.3160450458526611,3.5015642642974854,-1.120218276977539,3.4200053215026855,-1.0868531465530396,3.730879306793213,-0.8649106025695801,3.0396721363067627,-0.9531069993972778,3.0386762619018555,-1.1197339296340942,3.752655506134033,