{"bimodal":false,"column_names":[""],"dimension":2,"dimension_input":0,"label":"forme3-9","data":[-3.2700064182281494,-2.3496525287628174,-3.358179807662964,-0.8550000190734863,-3.0232887268066406,-0.4854973256587982,-3.2377264499664307,-0.5175691843032837,-3.193141460418701,-0.4797888696193695,-3.119635820388794,-0.5335217714309692,-3.3874006271362305,-0.7729008197784424,-3.089644193649292,-1.406989574432373,-3.257373571395874,-2.7190964221954346,-3.046781539916992,-3.4561264514923096,-2.590998649597168,-3.4355545043945312,-1.8939571380615234,-3.247424364089966,-1.4653977155685425,-3.5660476684570312,-0.8932070136070251,-3.3297295570373535,-0.8366715312004089,-3.6359963417053223,-0.339688241481781,-3.547614574432373,0.0249697957187891,-3.7435529232025146,-0.1126256138086319,-3.0863149166107178,-0.30964937806129456,-3.060892105102539,-0.26246151328086853,-3.0504167079925537,-0.541578471660614,-3.042654037475586,-0.4526557922363281,-3.080322027206421,-1.1340880393981934,-3.6892216205596924,-1.35677170753479,-3.0345044136047363,-1.6734163761138916,-3.6495139598846436,-0.8275415897369385,-3.0314719676971436,-1.2010629177093506,-3.0717051029205322,-1.9544568061828613,-3.1089119911193848,-1.5462870597839355,-3.02974796295166,-1.2295376062393188,-3.1851718425750732,-1.1565380096435547,-3.313199281692505,-2.240546464920044,-3.181154489517212,-2.177370071411133,-3.28562331199646,-1.6556001901626587,-3.503516435623169,-2.1749508380889893,-3.08652663230896,-2.1977293491363525,-3.3095180988311768,-1.7525227069854736,-3.2771079540252686,-1.543811321258545,-3.345733165740967,-1.7079836130142212,-3.3545010089874268,-1.7557635307312012,-3.3694968223571777,-1.6741708517074585,-3.4336185455322266,-1.5272284746170044,-3.6072492599487305,-1.4362401962280273,-3.6561079025268555,-1.4414469003677368,-3.6811296939849854,-1.504607915878296,-3.7696926593780518,-1.5594482421875,-3.8131887912750244,-1.5470303297042847,-3.853640079498291,-1.4198247194290161,-3.925980806350708,-1.5246132612228394,-3.9382898807525635,-1.4715174436569214,-3.9874916076660156,-1.0824499130249023,-3.058774948120117,-0.9378971457481384,-3.0772902965545654,-0.8830704092979431,-3.0937411785125732,-0.7571055293083191,-3.1432857513427734,-0.6771559715270996,-3.1098875999450684,-0.6044352650642395,-3.0433807373046875,-0.6145561933517456,-3.0567376613616943,-0.5690915584564209,-3.1303977966308594,-0.4881368577480316,-3.118051528930664,-0.4565368890762329,-3.1442201137542725,-0.3480178713798523,-3.0775272846221924,-0.4333546459674835,-3.172978639602661,-0.47029224038124084,-3.1819961071014404,-0.44975417852401733,-3.244741439819336,-0.5798215270042419,-3.2102997303009033,-0.5961509943008423,-3.3112103939056396,-0.5671185851097107,-3.2779572010040283,-0.5932824015617371,-3.2608280181884766,-0.6357356309890747,-3.326500415802002,-0.6393125653266907,-3.386218309402466,-0.8031179904937744,-3.2598876953125,-0.9610239267349243,-3.216738700866699,-0.618988037109375,-3.028787612915039,-0.5476102828979492,-3.091867446899414,-0.5668621063232422,-3.1054773330688477,-0.6159622669219971,-3.075805187225342,-0.7393502593040466,-3.1008682250976562,-0.7747751474380493,-3.0999643802642822,-0.7547145485877991,-3.1337506771087646,-0.6263654828071594,-3.0579841136932373,-0.4251388609409332,-3.037733793258667,-0.37014833092689514,-3.063136100769043,-0.4203920364379883,-3.092529296875,-0.5626487135887146,-3.155029773712158,-0.6339424252510071,-3.078591823577881,-0.6926906704902649,-3.071272373199463,-0.661073625087738,-3.102105140686035,-0.557626485824585,-3.0717639923095703,-0.376934289932251,-3.105832815170288,-0.4156189560890198,-3.1134679317474365,-0.3824693262577057,-3.166893243789673,-0.3813537657260895,-3.247873306274414,-0.16684530675411224,-3.0196712017059326,-0.009679845534265041,-3.0097603797912598,0.24694393575191498,-3.6313636302948,1.2188082933425903,-3.0762171745300293,3.2432525157928467,-2.1899521350860596,3.043872356414795,2.0738565921783447,3.379584312438965,3.1556148529052734,3.362093448638916,2.881873369216919,3.217369794845581,2.4529881477355957,3.358623504638672,1.472459316253662,3.113729238510132,0.5727894902229309,3.0229578018188477,0.03252775967121124,3.2554314136505127,-0.3585406541824341,3.1676268577575684,-0.17057055234909058,3.3013815879821777,-0.020152363926172256,3.386777400970459,-0.06803053617477417,3.4795644283294678,-0.1476207673549652,3.541942834854126,-0.1591104120016098,3.5968406200408936,-0.13058125972747803,3.0524959564208984,-0.19416551291942596,3.055593967437744,-0.27802082896232605,3.173067808151245,-0.40842756628990173,3.42964768409729,-0.5723485946655273,3.4814302921295166,-0.6716375946998596,3.511232376098633,-0.6789343357086182,3.5722334384918213,-0.8182055354118347,3.6010403633117676,-1.134432315826416,3.686814308166504,-1.2171505689620972,3.6752278804779053,-1.2035385370254517,3.0014779567718506,-0.9047107696533203,3.0150279998779297,-0.8806986212730408,3.7189817428588867,-1.0368633270263672,3.0003881454467773,-0.8540990352630615,3.0350472927093506,-0.8608327507972717,3.0306363105773926,-0.8483996391296387,3.002685308456421,-0.8339532613754272,3.039668321609497,-0.8216546773910522,3.045445203781128,-0.7799017429351807,3.105966329574585,-0.7744386196136475,3.1252737045288086,-0.851406455039978,2.5464975833892822,3.016970157623291,-1.2899380922317505,3.1084110736846924,-1.9036333560943604,3.220139741897583,-2.496142864227295,3.359686851501465,-2.872133731842041,3.617116928100586,-3.393584728240967,3.7015414237976074,-2.8137824535369873,3.0471560955047607,-2.9245734214782715,3.1783483028411865,-2.980349063873291,3.2316367626190186,-2.977393388748169,3.222418785095215,-3.00417160987854,3.277106285095215,-2.993600845336914,3.305852174758911,-2.9590163230895996,3.3453609943389893,-2.9941928386688232,3.3215529918670654,-2.4284801483154297,3.4586594104766846,-1.2793700695037842,3.0887668132781982,-1.3073116540908813,3.2589268684387207,-1.3612757921218872,3.189183473587036,-1.8604367971420288,3.9329757690429688,-2.158869981765747,3.5776655673980713,-2.2777562141418457,3.4251065254211426,-2.335580587387085,3.4492485523223877,-2.3813815116882324,3.464554786682129,-2.484919786453247,3.486708879470825,-2.5028977394104004,3.4599807262420654,-2.409219741821289,3.4481167793273926,-2.4387624263763428,3.431152820587158,-2.3793492317199707,3.4423818588256836,-2.2309889793395996,3.539463758468628,-2.0951030254364014,3.7947802543640137,-2.065808057785034,3.7096939086914062,-2.107482433319092,3.7028958797454834,-2.2632882595062256,3.6179556846618652,-2.290475368499756,3.615467071533203,-2.33313250541687,3.588186740875244,-2.220961809158325,3.4581663608551025,-2.566074848175049,3.5595364570617676,-2.698723077774048,3.556633234024048,-2.695305824279785,3.451242208480835,-2.792508125305176,3.2926065921783447,-2.7645153999328613,3.1853556632995605,-2.783034563064575,3.190629005432129,-2.8180389404296875,3.2142391204833984,-2.8618829250335693,3.264925241470337,-2.8798410892486572,3.258453130722046,-2.8408994674682617,3.2783315181732178,-2.872028350830078,3.2512547969818115,-2.869453191757202,3.2698781490325928,-2.830038547515869,3.248530387878418,-2.9078335762023926,3.238363027572632,-2.9401180744171143,3.1437668800354004,-2.9869844913482666,3.1732771396636963,-3.04420804977417,3.1042401790618896,-3.029872179031372,3.158890724182129,-2.911846160888672,3.2258713245391846,-2.947253942489624,3.1951775550842285,-2.994335174560547,3.216062068939209,-2.7839365005493164,3.2807958126068115,-2.697507858276367,3.2309935092926025,-2.673624277114868,3.3000547885894775,-2.3847498893737793,3.0214028358459473,-2.410792827606201,3.0970494747161865,3.3143386840820312,1.72348952293396,3.2278199195861816,-1.3190282583236694,3.125194787979126,-1.4496561288833618,3.052220106124878,-2.153384208679199,3.144798517227173,-2.7523083686828613,3.2900991439819336,-2.8437728881835938,3.2002644538879395,-2.884223222732544,3.1078341007232666,-2.825711965560913,3.144798994064331,-2.8749966621398926,3.295037269592285,-2.8994381427764893,