{"bimodal":false,"column_names":[""],"dimension":2,"dimension_input":0,"label":"forme2-2","data":[-3.0028343200683594,1.5346804857254028,-3.346189498901367,2.268925428390503,-2.638185977935791,3.30137300491333,-1.8237481117248535,3.0761165618896484,-1.5988633632659912,3.127336025238037,-1.628377079963684,3.318551540374756,-1.3578475713729858,3.1194303035736084,-1.342071771621704,3.794811964035034,-1.0787687301635742,3.0727334022521973,-1.139735460281372,3.671506881713867,-1.2540491819381714,3.6979150772094727,-1.4766018390655518,3.1859755516052246,-2.360905408859253,3.5625524520874023,-1.8954399824142456,3.432922601699829,-2.312605381011963,3.3217618465423584,-1.8775928020477295,3.025113344192505,-1.8648743629455566,3.468971014022827,-1.3764015436172485,3.1208503246307373,-1.6329214572906494,3.2326741218566895,-2.099365472793579,3.5146515369415283,-1.7111562490463257,3.1677680015563965,-1.8355756998062134,3.0093576908111572,-2.920539140701294,3.0673084259033203,-3.3571324348449707,2.503000020980835,-3.229185104370117,2.4761312007904053,-3.3624184131622314,2.6649386882781982,-3.535965919494629,3.1692464351654053,-3.387115478515625,3.1598286628723145,-3.008784770965576,3.215299129486084,-2.8642566204071045,3.1748361587524414,-2.3955795764923096,3.2334249019622803,-2.2680041790008545,3.0151925086975098,-3.4658262729644775,3.2805943489074707,-3.3007686138153076,1.9521878957748413,-3.244478225708008,1.2629446983337402,-3.400841474533081,1.1441650390625,-3.4793834686279297,1.0485665798187256,-3.5822086334228516,1.1862287521362305,-3.243941068649292,0.6610167622566223,-3.0852015018463135,-2.595801591873169,1.0883296728134155,-3.530092239379883,1.7175570726394653,-3.3449079990386963,1.530290961265564,-3.370506763458252,1.4550869464874268,-3.362668991088867,1.3103749752044678,-3.367497444152832,0.9958435297012329,-3.2970712184906006,0.7118822932243347,-3.309241771697998,0.8429609537124634,-3.365382671356201,1.038873553276062,-3.134369134902954,1.288995623588562,-3.2828593254089355,1.5191152095794678,-3.3207998275756836,1.5706424713134766,-3.4704630374908447,1.416827917098999,-3.5096373558044434,1.3469078540802002,-3.412471055984497,1.4164581298828125,-3.5834715366363525,1.2508108615875244,-3.5475006103515625,1.0844615697860718,-3.0500550270080566,1.2842977046966553,-3.13161563873291,0.7704458236694336,-3.007988691329956,-0.10156181454658508,-3.464782476425171,-0.8665472865104675,-3.1929075717926025,-2.0228259563446045,-3.227982759475708,-3.0931954383850098,-0.5686854720115662,-3.472167730331421,-0.899455726146698,-3.2993228435516357,-0.36124739050865173,-3.3077218532562256,-0.3174488842487335,-3.16935133934021,-0.16602560877799988,-3.0663444995880127,0.615416407585144,-3.036060094833374,3.2775075435638428,-1.7007522583007812,3.0045101642608643,-1.224036455154419,3.5974066257476807,-0.671954333782196,3.6184470653533936,-0.5546668171882629,3.5652923583984375,-0.5567043423652649,3.523066282272339,-0.6271759867668152,3.388883590698242,-0.6707969903945923,3.476085901260376,-0.438396155834198,3.394951105117798,-0.5476259589195251,3.358856439590454,-0.7330359816551208,3.3115789890289307,-0.8674697279930115,3.1000993251800537,-0.9629242420196533,3.102755546569824,-0.9826912879943848,3.495241165161133,-1.1503111124038696,3.699206590652466,-0.9739798307418823,3.4837162494659424,-0.9179661870002747,3.2956840991973877,-1.0019826889038086,3.2288777828216553,-0.991756021976471,3.1122324466705322,-0.9072607159614563,3.537506580352783,-0.5373234748840332,3.309123992919922,-0.45875436067581177,3.1134419441223145,0.29753556847572327,3.2550268173217773,1.4116215705871582,3.272953748703003,1.4449584484100342,3.158142328262329,2.0154871940612793,3.08419132232666,3.418687343597412,3.214261293411255,3.365358829498291,2.72430419921875,3.132871627807617,2.0415937900543213,3.2147979736328125,1.8334585428237915,3.328313112258911,1.6840275526046753,3.186833143234253,1.343219518661499,3.0663001537323,2.915964126586914,2.8833889961242676,3.2639522552490234,2.880138397216797,3.008201837539673,3.3537330627441406,2.5067341327667236,3.391845464706421,1.9615120887756348,3.1455397605895996,1.8018038272857666,3.346444845199585,1.776782512664795,3.2063944339752197,1.766999363899231,3.1583683490753174,1.8704403638839722,3.0951902866363525,2.337921619415283,3.252993583679199,2.3431804180145264,3.2419939041137695,2.4132606983184814,3.1692795753479004,2.7563607692718506,3.27603816986084,2.8924365043640137,3.4614439010620117,1.9923734664916992,3.2766199111938477,1.3184703588485718,3.1133885383605957,1.2450886964797974,3.2732203006744385,0.1629400998353958,3.2099201679229736,-0.01085578091442585,3.0140798091888428,0.1561972051858902,3.2690513134002686,0.5371119379997253,3.3684308528900146,0.40017086267471313,3.180464506149292,0.35657697916030884,3.436570882797241,-0.17221024632453918,3.3513753414154053,-0.6347231864929199,3.321528911590576,-0.8219600319862366,3.0941033363342285,-0.7528778314590454,-3.0836291313171387,-0.7752339839935303,-3.1015625,-0.93419349193573,-3.2885758876800537,-0.8575844764709473,-3.1779282093048096,-0.9123595952987671,-3.1139156818389893,-0.996991753578186,-3.0901691913604736,-1.0630427598953247,-3.1263675689697266,-1.431717038154602,-3.2747762203216553,-1.362210988998413,-3.2080392837524414,-1.5069884061813354,-3.1805574893951416,-1.4421700239181519,-3.282780647277832,-1.901031255722046,-3.095099925994873,-1.6397725343704224,-3.1094796657562256,-2.287862777709961,-3.1823763847351074,-2.3438737392425537,-3.1643805503845215,-2.5584845542907715,-3.1099493503570557,-2.045212984085083,-3.304732084274292,-2.1329128742218018,-3.410071611404419,-2.2347347736358643,-3.2976365089416504,-2.5441763401031494,-3.3085310459136963,-2.5082013607025146,-3.050450086593628,-2.6311306953430176,-3.1180362701416016,-3.281068801879883,2.6859138011932373,-3.2604944705963135,3.190601348876953,-2.0570225715637207,3.3560519218444824,-2.010517120361328,3.4704856872558594,-1.356345772743225,3.467613935470581,-1.2995039224624634,3.2370569705963135,-1.5159343481063843,3.2146337032318115,-2.3259453773498535,3.1155383586883545,-2.213531255722046,3.440537214279175,-2.6856186389923096,3.1172497272491455,-2.373486280441284,3.0365383625030518,-2.3471901416778564,3.0409839153289795,-1.3396610021591187,0.29952144622802734,3.102128028869629,0.07845616340637207,3.0925872325897217,-0.2307964563369751,3.0386152267456055,0.11564916372299194,3.2595291137695312,-0.029946938157081604,3.084441900253296,0.49542587995529175,3.0150914192199707,0.7863773107528687,3.2049319744110107,1.2023694515228271,3.091982841491699,1.4239484071731567,3.0922787189483643,1.6344847679138184,3.350555658340454,3.026191473007202,1.5253207683563232,3.0241620540618896,-1.904863953590393,1.3659603595733643,-3.2285523414611816,0.1596471220254898,-3.4647574424743652,0.3939458429813385,-3.124039649963379,0.2660577893257141,-3.5966134071350098,-0.060455262660980225,-3.6271824836730957,0.12233448773622513,-3.6149308681488037,0.15692301094532013,-3.546041250228882,1.008978247642517,-3.174037456512451,2.353078842163086,-3.4352622032165527,2.6501786708831787,-3.431302785873413,2.7201569080352783,-3.4513769149780273,2.760934352874756,-3.42851185798645,2.6406056880950928,-3.3138644695281982,2.477933645248413,-3.3532626628875732,2.197974920272827,-3.380664110183716,2.3206787109375,-3.559246063232422,2.0960471630096436,-3.510136604309082,1.409797191619873,-3.5456082820892334,1.0555713176727295,-3.6149373054504395,1.2556259632110596,-3.5077896118164062,0.4334711730480194,-3.013916015625,0.8215367197990417,-3.5412604808807373,0.8429334163665771,-3.3690624237060547,0.9587864875793457,-3.6027019023895264,0.2698769271373749,-3.298941135406494,-0.05524241179227829,-3.457186698913574,-0.12125096470117569,-3.228757381439209,-0.060338571667671204,-3.357633113861084,0.027388909831643105,-3.228391170501709,-0.008119444362819195,-3.579197883605957,0.15328863263130188,-3.0459821224212646,0.09281586110591888,-3.5552408695220947,0.5752814412117004,-3.5850744247436523,