{"bimodal":false,"column_names":[""],"dimension":2,"dimension_input":0,"label":"forme2-2","data":[-0.9816518425941467,3.0434319972991943,-0.41781875491142273,3.1245310306549072,-1.0649210214614868,3.081488847732544,-1.6438671350479126,3.148463726043701,-1.6192030906677246,3.2110133171081543,-1.9856117963790894,3.587533473968506,-1.68720281124115,3.0026729106903076,-0.6802502870559692,3.084388017654419,0.05082378163933754,3.100959300994873,0.2596951723098755,3.1753945350646973,0.17903079092502594,3.2975785732269287,0.0738968700170517,3.3982133865356445,-0.20495884120464325,3.4770326614379883,-0.39104121923446655,3.397343635559082,-0.5945128202438354,3.4377503395080566,-0.7597095370292664,3.409898519515991,-0.5975729823112488,3.273907423019409,-0.4969848692417145,3.2862117290496826,-0.3349474370479584,3.349663257598877,-0.33939021825790405,3.4403011798858643,-0.33492082357406616,3.4253787994384766,-0.3422648310661316,3.4433608055114746,-0.34284332394599915,3.3676598072052,-0.27586281299591064,3.3267555236816406,-0.4272603690624237,3.384277105331421,-0.4959952235221863,3.3978681564331055,-0.4758197069168091,3.370232343673706,-0.6189173460006714,3.168755531311035,-1.0643749237060547,3.717475652694702,-1.5264168977737427,3.4207561016082764,-1.3604621887207031,3.3776369094848633,-1.2998478412628174,3.3384974002838135,-1.2622209787368774,3.126437187194824,-1.3891980648040771,3.5211715698242188,-1.402082085609436,3.38910174369812,-1.527274250984192,3.0355136394500732,-2.440059185028076,3.293808937072754,-2.930518627166748,3.3097739219665527,-2.9223620891571045,3.1087145805358887,-3.0806937217712402,3.2820072174072266,-2.982949733734131,3.263336420059204,-0.4519936144351959,-3.1134889125823975,-0.4469483494758606,-3.1926708221435547,-1.1347426176071167,-3.062513828277588,-1.9514178037643433,-3.3863139152526855,-1.6354957818984985,-3.2469937801361084,-1.3280507326126099,-3.0426864624023438,-1.3041945695877075,-3.0552849769592285,-1.0191726684570312,-3.20745587348938,-3.379364490509033,-1.3786691427230835,-3.499537944793701,1.688334584236145,-3.529395341873169,1.882124900817871,-3.14280104637146,1.9029649496078491,-3.336383819580078,2.148355722427368,-3.215765953063965,2.0528652667999268,-3.139066457748413,1.884255051612854,-3.139866352081299,1.7029603719711304,-3.115572690963745,1.7176307439804077,-3.5234034061431885,1.845475673675537,-3.0635650157928467,1.4316260814666748,2.090149402618408,3.140179395675659,2.038649082183838,3.394381046295166,1.2767884731292725,3.154595375061035,0.9141547083854675,3.4747040271759033,1.4460183382034302,3.5415899753570557,2.346174716949463,3.0348939895629883,3.5032951831817627,3.2864058017730713,3.4497766494750977,1.8304128646850586,3.3971340656280518,1.053457498550415,3.2997477054595947,1.029339075088501,3.318197011947632,0.8838550448417664,3.333750009536743,0.8742944002151489,3.287442207336426,0.8536336421966553,3.191749334335327,0.8954192996025085,3.1956658363342285,0.9091466665267944,3.1263020038604736,0.9080107808113098,3.104334831237793,0.8538181781768799,3.0114991664886475,0.9183908104896545,3.4541306495666504,1.2219923734664917,3.342791795730591,1.2239881753921509,3.3542063236236572,1.145924687385559,3.129261016845703,1.210831880569458,3.0439765453338623,2.1402666568756104,1.1214793920516968,3.1583402156829834,-3.030428171157837,1.9467471837997437,-3.061202049255371,0.14228372275829315,-3.1005983352661133,-0.7702891230583191,-3.265133857727051,-0.6086666584014893,-3.334200620651245,-0.24609270691871643,-3.4123735427856445,-0.07720965892076492,-3.157092332839966,-0.1817510724067688,-3.479905843734741,-0.17519345879554749,-3.356947422027588,-0.5619827508926392,-3.2076525688171387,-0.6514921188354492,-3.373828411102295,-1.5073190927505493,-3.2662739753723145,-1.9371180534362793,-3.3163280487060547,-1.836699366569519,-3.267474412918091,-1.323620319366455,-3.1848764419555664,-0.8935114145278931,-3.1429357528686523,-0.9934864044189453,-3.0185701847076416,-0.6790256500244141,-3.3492822647094727,-0.7903292775154114,-3.2772438526153564,-0.9920316934585571,-3.0700318813323975,-0.9507639408111572,-3.062217950820923,-1.2045599222183228,-3.3067991733551025,-1.7798622846603394,-3.0610082149505615,-1.9707255363464355,-3.08799147605896,-2.212738513946533,-3.056098222732544,-2.365288257598877,-3.1646125316619873,-2.532010078430176,-3.291611433029175,-2.494602918624878,-3.1603734493255615,-2.464357376098633,-3.257380485534668,-3.1142852306365967,-3.086169481277466,-3.3648853302001953,-2.6715548038482666,-3.0346689224243164,-3.236665725708008,-3.418558120727539,-2.706723928451538,-3.057377815246582,-1.1998645067214966,-3.3067662715911865,-0.717484712600708,-3.4182040691375732,-0.6557993292808533,-3.519965171813965,-0.5623114109039307,-3.5083096027374268,-0.5573734641075134,-3.504026412963867,-0.7320025563240051,-3.2949812412261963,-0.11940682679414749,-3.503969669342041,0.734909176826477,-3.397113084793091,0.839465856552124,-3.19624924659729,0.4627324938774109,-3.3656809329986572,0.21975675225257874,-3.4051036834716797,0.14968760311603546,-3.3996083736419678,0.49668288230895996,-3.42728590965271,0.601469874382019,-3.471759080886841,0.5348979234695435,-3.1285979747772217,0.882017195224762,-3.4217638969421387,1.4235754013061523,-3.134329080581665,1.6583760976791382,-3.596195936203003,1.1018799543380737,-3.061244249343872,1.2022627592086792,-3.1620283126831055,1.3690571784973145,-3.1952733993530273,1.040684461593628,-3.1576850414276123,0.8453546762466431,-3.007517099380493,1.4942706823349,-3.1371960639953613,1.5116007328033447,-3.2016658782958984,2.387234926223755,-3.228158712387085,3.078782081604004,-2.9491567611694336,3.4515841007232666,-2.3178441524505615,3.197507381439209,-2.031323194503784,2.2868189811706543,3.2139265537261963,-0.625389575958252,3.203423023223877,-0.9874796867370605,3.057718515396118,-1.2336806058883667,3.214705228805542,-1.2947468757629395,3.296609401702881,-1.3840360641479492,3.227485179901123,-1.1734471321105957,3.1803154945373535,-0.9766579270362854,3.2176222801208496,0.8162657618522644,3.1399967670440674,1.0383409261703491,3.018364667892456,-0.5246229767799377,3.312805414199829,-1.1480923891067505,3.0450918674468994,-1.479976773262024,3.244621515274048,-1.5041149854660034,3.1707606315612793,-1.3208098411560059,3.122382640838623,-0.5447379946708679,3.31107497215271,0.09941060096025467,3.3524434566497803,0.4201955795288086,3.5096487998962402,0.33527660369873047,3.236154079437256,0.2954115569591522,3.2103073596954346,0.04502835124731064,3.059603452682495,-0.05582108721137047,3.1864635944366455,0.6819272637367249,3.009676218032837,3.120481014251709,0.6919201612472534,3.3854572772979736,-1.2341632843017578,3.129910707473755,-1.1421372890472412,3.3007707595825195,-1.3996962308883667,3.499690055847168,-1.3171323537826538,3.4089837074279785,-1.4576539993286133,3.20957350730896,-1.6680960655212402,3.1354668140411377,-1.6040079593658447,3.034367799758911,-1.6362297534942627,3.3254165649414062,-2.328862428665161,3.1532535552978516,-2.7547929286956787,3.240535020828247,-3.1345789432525635,3.088148593902588,-3.1781489849090576,3.1311371326446533,-3.5141758918762207,2.5998220443725586,-3.009094715118408,3.074573040008545,-3.4327852725982666,2.497992515563965,-3.321298122406006,1.9676281213760376,-3.0803492069244385,1.917195439338684,-3.105278968811035,1.996717095375061,-3.0656843185424805,2.3497016429901123,-3.587336778640747,2.021834373474121,-3.1120593547821045,2.0647099018096924,-3.1074275970458984,1.971327304840088,-3.117194414138794,1.9862350225448608,-3.0610511302948,1.7521991729736328,-3.2462804317474365,1.6343955993652344,-3.2968153953552246,1.6610662937164307,-3.2687933444976807,1.6137367486953735,-3.1816482543945312,1.664095163345337,-3.135272264480591,2.089653730392456,-3.549501895904541,1.7149358987808228,-3.133453607559204,1.9017176628112793,-3.1907246112823486,1.854032278060913,-3.1918106079101562,1.860558032989502,-3.1630403995513916,1.8739559650421143,-3.179225444793701,1.8900985717773438,-3.1835196018218994,