{"bimodal":false,"column_names":[""],"dimension":2,"dimension_input":0,"label":"forme4-6","data":[-3.046858549118042,-1.7791359424591064,-0.08293668180704117,-3.315002202987671,-0.724304735660553,-3.289027452468872,-0.9858153462409973,-3.376380681991577,-0.8359580636024475,-3.1602818965911865,-1.0915477275848389,-3.190769672393799,-1.0249722003936768,-3.123749256134033,-1.6879794597625732,-3.3634958267211914,-2.0286245346069336,-3.3145031929016113,-1.930694341659546,-3.3026442527770996,-1.370792031288147,-3.2581686973571777,-1.7049345970153809,-3.3276267051696777,-1.2473253011703491,-3.169760227203369,-1.10807466506958,-3.3927178382873535,-0.6778400540351868,-3.089785099029541,-0.3900021016597748,-3.297261953353882,0.0061941733583807945,-3.2779452800750732,2.6791887283325195,-3.532139539718628,3.170308828353882,-2.5407493114471436,3.060617446899414,-1.9760674238204956,3.4822959899902344,-2.0548787117004395,3.5304815769195557,-2.163360357284546,3.425372838973999,-2.210498809814453,3.276627540588379,-2.392526865005493,3.0827558040618896,-2.4668495655059814,3.015129804611206,-2.56628680229187,3.004106044769287,-2.7786386013031006,3.2155463695526123,-2.2861874103546143,3.1169652938842773,0.6884731650352478,1.2520887851715088,3.481797695159912,0.7920839786529541,3.229902744293213,0.5310115814208984,3.674370765686035,0.1450360119342804,3.1419944763183594,0.14090867340564728,3.224235773086548,0.04058977961540222,3.279179573059082,-0.08821288496255875,3.444805860519409,-0.132837176322937,3.5423948764801025,-0.14644759893417358,3.481982946395874,-0.06927446275949478,3.4053165912628174,-0.005779891274869442,3.268986701965332,0.2630925476551056,3.0240273475646973,1.4639863967895508,3.37410569190979,1.9180660247802734,3.42771577835083,2.180253505706787,-3.111884117126465,-0.3787766396999359,-3.4413135051727295,-0.5513584017753601,-3.1294238567352295,-0.07500245422124863,-3.4516165256500244,-0.09754350781440735,-3.569551944732666,0.12441051751375198,-3.0144996643066406,0.6893848776817322,-3.1070902347564697,0.9623032212257385,-3.0677475929260254,1.1484228372573853,-3.1517739295959473,1.780137062072754,-3.762615203857422,1.6266703605651855,-3.1284279823303223,1.579738736152649,-3.193788766860962,1.411303162574768,-3.243182897567749,1.3591173887252808,-3.279670238494873,1.4376007318496704,-3.322828769683838,1.4009997844696045,-3.373521566390991,1.3975319862365723,-3.408480644226074,1.3939684629440308,-3.438192367553711,1.3594895601272583,-3.4237844944000244,1.3197683095932007,-3.403191566467285,1.320213794708252,-3.4327495098114014,1.4338853359222412,-3.482208013534546,1.423405408859253,-3.7864718437194824,1.8013951778411865,-3.424838066101074,3.617753267288208,-1.5664763450622559,3.6888797283172607,0.5711785554885864,3.162045478820801,1.6555174589157104,3.2847490310668945,1.9811360836029053,3.251570224761963,2.284270763397217,3.388249158859253,2.2520623207092285,3.319705009460449,2.358361005783081,3.24395751953125,2.281902551651001,3.357208728790283,2.0420281887054443,3.382957696914673,1.9144467115402222,3.4779908657073975,2.473820924758911,0.7636572122573853,3.8634157180786133,-0.5155872106552124,3.902862787246704,-0.7243677973747253,3.289076805114746,-0.9496622085571289,3.428959608078003,-1.1538618803024292,3.508782148361206,-1.2714864015579224,3.6019575595855713,-1.249081015586853,3.641078472137451,-1.1629468202590942,3.5781242847442627,-1.1470202207565308,3.5318315029144287,-1.074550986289978,3.467421531677246,-0.8699472546577454,3.3511385917663574,-0.4728854298591614,3.1494078636169434,0.02019451931118965,3.8325228691101074,0.44674304127693176,3.6235015392303467,0.23938171565532684,3.6071877479553223,0.006981979589909315,3.655694007873535,0.10793045908212662,3.659842014312744,0.130187526345253,3.5937397480010986,0.02162768319249153,3.496680974960327,-0.025947777554392815,3.4601478576660156,-0.027240650728344917,3.360187530517578,-0.16442245244979858,3.2505743503570557,-0.26608574390411377,3.2625889778137207,-0.32448673248291016,3.2544431686401367,-0.6175568699836731,3.4453768730163574,-1.8198978900909424,3.4400510787963867,-2.9290826320648193,3.2146503925323486,-3.16923189163208,1.0075867176055908,-3.3500163555145264,0.23233206570148468,-3.7919163703918457,-0.008240630850195885,-3.9469215869903564,-0.664594829082489,-3.993042469024658,-0.6848570108413696,-3.0438177585601807,-0.39776673913002014,-3.0731394290924072,-0.3628464639186859,-3.0935921669006348,-0.32974469661712646,-3.1014981269836426,-0.28885990381240845,-3.116792678833008,-0.17215469479560852,-3.139286994934082,-0.1181073859333992,-3.1642589569091797,-0.15337210893630981,-3.258208990097046,-0.0985834077000618,-3.2723071575164795,-0.0142624881118536,-3.22655987739563,-0.01935385912656784,-3.175122022628784,0.05849838629364967,-3.1099278926849365,0.11070948094129562,-3.2101893424987793,0.08097491413354874,-3.2539308071136475,0.05854737013578415,-3.276346445083618,0.08201897889375687,-3.2479140758514404,0.1890583634376526,-3.405167579650879,-0.26485610008239746,-3.56656551361084,0.6094791293144226],"data_input":[],"data_output":[],"length":128}