{"bimodal":false,"column_names":[""],"dimension":2,"dimension_input":0,"label":"forme3-2","data":[2.3571410179138184,10.30766487121582,2.943328380584717,10.029417991638184,9.332622528076172,10.043842315673828,10.252860069274902,5.406477451324463,10.188128471374512,1.8438082933425903,11.221583366394043,-2.428942918777466,10.868252754211426,-2.889216661453247,10.525792121887207,-2.8770644664764404,10.02096939086914,-2.8193862438201904,10.400654792785645,-3.038991928100586,10.65205192565918,-2.9527578353881836,3.1907100677490234,10.744979858398438,-9.245348930358887,11.377748489379883,-10.669290542602539,10.614476203918457,-10.785219192504883,10.825261116027832,-10.334915161132812,10.505735397338867,-10.06538200378418,11.272927284240723,-8.778586387634277,10.848593711853027,-9.739398002624512,10.686857223510742,-8.7421236038208,10.697479248046875,-9.069972038269043,10.503965377807617,-7.795454978942871,10.003425598144531,-8.047839164733887,10.893850326538086,-6.9739837646484375,10.812828063964844,-5.8889360427856445,10.394328117370605,-6.545170783996582,10.139344215393066,-5.838933944702148,10.72607421875,-5.241018772125244,10.364912986755371,10.148846626281738,7.667328834533691,10.410326957702637,-2.6374804973602295,3.0381741523742676,-10.37848949432373,3.866776943206787,-10.066978454589844,6.834081172943115,-10.630463600158691,7.488119125366211,-10.583791732788086,8.098140716552734,-10.222158432006836,10.526281356811523,-9.833701133728027,10.238210678100586,-8.601762771606445,10.529092788696289,-9.615930557250977,10.232151985168457,-6.639484405517578,9.11670207977295,10.1869535446167,6.153199195861816,10.240096092224121,1.8223804235458374,11.215407371520996,1.986054539680481,11.334833145141602,1.204595923423767,10.188752174377441,2.378221035003662,11.017037391662598,1.7082955837249756,11.259474754333496,1.8608644008636475,10.867927551269531,2.9013304710388184,10.325884819030762,4.882352352142334,10.175925254821777,5.4806365966796875,10.59461498260498,5.830316543579102,10.834970474243164,4.399415493011475,10.015535354614258,4.656254768371582,10.021233558654785,3.891106128692627,10.685406684875488,1.2128523588180542,10.080253601074219,1.0198971033096313,10.50703239440918,-2.875722885131836,10.607789039611816,-10.417985916137695,6.306285381317139,-10.600181579589844,4.360487937927246,-10.660682678222656,-0.6180435419082642,-10.4404878616333,-5.090763568878174,-8.586750984191895,-10.057713508605957,-9.57009506225586,-10.23125171661377,-6.736232757568359,-11.235249519348145,-5.233930587768555,-10.043874740600586,-4.2921462059021,-10.661126136779785,-3.667111873626709,-10.785078048706055,-3.90980863571167,-10.518386840820312,-4.13516902923584,-10.631792068481445,-3.6740286350250244,-10.663041114807129,-3.9811618328094482,-10.31656551361084,-3.674619197845459,-10.613980293273926,-3.6799027919769287,-10.847393989562988,0.6181578636169434,-10.416361808776855,-1.2308003902435303,-11.355979919433594,-1.4358091354370117,-11.44140625,-2.2293946743011475,-10.908790588378906,-3.396360158920288,-10.459157943725586,-3.157179832458496,-10.406466484069824,-3.1140432357788086,-10.226082801818848,-2.492588996887207,-10.483054161071777,-2.2950406074523926,-10.39403247833252,-2.0108089447021484,-10.132743835449219,-1.3282594680786133,-10.430285453796387,-1.8651264905929565,-10.227813720703125,-1.2590316534042358,-11.658500671386719,0.19682979583740234,-10.038483619689941,-0.428350031375885,-11.29537296295166,-0.9620804190635681,-10.536805152893066,0.8588734865188599,-12.229190826416016],"data_input":[],"data_output":[],"length":90}