{"bimodal":false,"column_names":[""],"dimension":2,"dimension_input":0,"label":"forme3-2","data":[3.0078656673431396,2.987027168273926,3.08068585395813,1.5061300992965698,3.118307113647461,1.5881977081298828,3.0761866569519043,1.7646509408950806,3.1124825477600098,1.7628929615020752,3.1866650581359863,1.6771618127822876,3.2471747398376465,1.6615365743637085,3.314896821975708,1.9224014282226562,3.135427236557007,-0.4182044565677643,3.100874662399292,-2.2783844470977783,3.174973249435425,-1.828486442565918,3.5691967010498047,-0.8628467321395874,3.1864585876464844,-0.8848325610160828,3.1717958450317383,-0.8184422850608826,3.227691411972046,-0.7322611212730408,3.283970832824707,-0.7426658868789673,3.423203945159912,-0.7270129919052124,3.4681155681610107,-0.7989152669906616,3.5967953205108643,-0.9759384989738464,3.6945793628692627,-0.9528676867485046,3.700399160385132,-0.8478713631629944,3.827786684036255,-0.8138614892959595,3.872270345687866,-0.7914050817489624,3.8123538494110107,-0.7224550247192383,3.7786245346069336,-0.7001081109046936,3.7557806968688965,-0.7182008028030396,3.6322240829467773,-0.6108188033103943,3.4050233364105225,-0.4050300717353821,3.1878890991210938,-0.2519575357437134,3.042806625366211,0.2298961579799652,0.10279098153114319,3.5466561317443848,-2.3030951023101807,3.1641860008239746,-3.1113169193267822,3.782608985900879,-2.912311315536499,3.2079014778137207,-3.394085168838501,3.450289011001587,-3.641090154647827,3.6677753925323486,-3.7814793586730957,3.7592720985412598,-3.8803341388702393,3.8172945976257324,-3.673922300338745,3.7918174266815186,-3.1415367126464844,3.612654209136963,-2.4785614013671875,3.3037381172180176,-2.0935609340667725,3.2210874557495117,-2.070615530014038,3.5160298347473145,-1.9577057361602783,3.735656976699829,-1.7153418064117432,3.7228527069091797,-1.6905548572540283,3.6690449714660645,-1.7916210889816284,3.6508400440216064,-2.0507466793060303,3.7662129402160645,-2.1315722465515137,3.8348569869995117,-2.1010100841522217,3.8623149394989014,-2.2493903636932373,3.8913915157318115,-2.322232484817505,3.9327869415283203,-2.4460294246673584,3.9556171894073486,-2.538543224334717,3.9658801555633545,-2.6583454608917236,4.0600972175598145,-2.825951099395752,4.131592750549316,-2.8967370986938477,4.171056747436523,-2.9475231170654297,4.148254871368408,-2.9476821422576904,4.11991024017334,-2.909482479095459,4.097641468048096,-2.8142387866973877,4.074038028717041,-2.8161654472351074,4.082486629486084,-2.7193570137023926,4.0676350593566895,-2.6284165382385254,4.139166355133057,-2.7086715698242188,4.153568744659424,-2.743523359298706,4.127283096313477,-2.681969165802002,4.1308913230896,-2.706857681274414,4.114734649658203,-2.507500171661377,4.121716499328613,-2.473012924194336,4.133968353271484,-2.605646848678589,4.1851806640625,-2.4001193046569824,4.098260879516602,-2.2899374961853027,4.070385932922363,-2.3568124771118164,4.1016082763671875,-2.2827813625335693,4.034294128417969,-2.2830495834350586,3.9941630363464355,-2.3658640384674072,4.012633800506592,-2.2914109230041504,3.877812623977661,-2.1530935764312744,3.7932097911834717,-2.0785255432128906,3.8593273162841797,-2.114610433578491,3.8466479778289795,-1.5911139249801636,3.392197370529175,0.5119969248771667,3.458522081375122,3.0026566982269287,1.0932567119598389,3.6478230953216553,-0.17775413393974304,3.5505478382110596,-0.9755150079727173,4.323019504547119,-1.4537644386291504,3.1168830394744873,-1.1711832284927368,3.1712753772735596,-1.2748194932937622,3.129396438598633,-1.3970227241516113,4.390576362609863,-2.7521097660064697,4.040657043457031,-3.6432247161865234,3.9827475547790527,-4.274857521057129,3.846550703048706,-4.173249244689941,3.5005295276641846,-3.963897228240967,3.4543960094451904,-4.231538772583008,3.763336420059204,-4.44038724899292,3.748321294784546,-4.184811592102051,3.649764060974121,-3.9443697929382324,3.7465977668762207,-3.8534164428710938,3.9200775623321533,-4.010436534881592,4.015554428100586,-3.9506289958953857,3.9239790439605713,-3.7342638969421387,3.8801162242889404,-3.7576417922973633,3.9674479961395264,-3.815218925476074,3.8915915489196777,-3.7803330421447754,3.7703938484191895,-3.7720484733581543,3.7226932048797607,-3.8661646842956543,3.5194649696350098,-3.821782112121582,2.954667329788208,-3.808732271194458,2.269010543823242,-3.7040889263153076,1.8850297927856445,-3.4883346557617188,2.1826932430267334,-3.6948697566986084,3.0097343921661377,1.8318804502487183,0.8159520030021667,3.3452210426330566,0.564852237701416,3.2032558917999268,0.38637664914131165,3.7593095302581787,0.30434107780456543,4.10044002532959,0.3145885467529297,4.304331302642822,0.5419052839279175,4.394882678985596,0.6701594591140747,4.4606194496154785,0.7484429478645325,4.4726362228393555,0.4986379146575928,3.035898447036743,0.5034424066543579,3.0428571701049805,0.9027206897735596,4.4044084548950195,0.9518085718154907,4.258315563201904,0.9357348680496216,4.085888385772705,1.1319855451583862,3.926892042160034,1.111877202987671,3.8510823249816895,1.0709902048110962,3.830503463745117,1.0163333415985107,3.680316209793091,1.0285600423812866,3.5995187759399414,1.0266015529632568,3.6070823669433594,1.1216710805892944,3.6284658908843994,1.0620609521865845,3.6978189945220947,0.9372624158859253,3.668386697769165,1.0013282299041748,3.5882506370544434,1.1188054084777832,3.5443062782287598,1.139718770980835,3.5869033336639404,1.0431156158447266,3.587989568710327,0.9963434934616089,3.5820181369781494,1.1464685201644897,3.473759889602661,1.240975022315979,3.4868340492248535,0.9383934140205383,3.6340842247009277,0.8437811732292175,3.6037209033966064,1.0830403566360474,3.514935255050659,0.9609635472297668,3.601076364517212,0.5838217735290527,3.783496141433716,0.7434614300727844,3.712458848953247,0.9658151268959045,3.5976994037628174,0.7635942697525024,3.7052247524261475,0.531970202922821,3.7948310375213623,0.6086462140083313,3.7088165283203125,0.6349038481712341,3.6831812858581543,0.3388945460319519,3.651815891265869,0.09493564814329147,3.593111515045166,0.2554240822792053,3.5642640590667725,0.06011177971959114,3.616420269012451,-0.12418265640735626,3.7214407920837402,-0.059694815427064896,3.5977790355682373,-0.005818944424390793,3.5877909660339355,-0.3354560136795044,3.6853561401367188,-0.3284256160259247,3.642632484436035,-0.376703679561615,3.2666985988616943,-1.1875296831130981,3.234370231628418,-3.3192436695098877,1.7474011182785034,-3.296671152114868,-0.5653631091117859,-3.192269802093506,-1.6930267810821533,-3.0923092365264893,-2.0754988193511963,-3.1174819469451904,-2.119302272796631,-3.1297190189361572,-2.8526792526245117,-2.2910056114196777,-3.522768974304199,-1.6212875843048096,-3.1003634929656982,-1.5897510051727295,-3.2586493492126465,-1.6498394012451172,-3.35960054397583,-1.8635410070419312,-3.3950695991516113,-1.8692426681518555,-3.627770185470581,-1.5858802795410156,-3.243553400039673,-1.6639443635940552,-3.357170581817627,-1.7258188724517822,-3.334895372390747,-1.8404163122177124,-3.325529098510742,-1.4830029010772705,-3.3985512256622314,-1.8194323778152466,-3.227438449859619,-2.0027315616607666,-3.206061840057373,-1.5400124788284302,-3.0034055709838867,-1.8069870471954346,-3.053295135498047,-1.808075189590454,-3.144611358642578,-1.9229304790496826,-3.2389276027679443,-2.6673784255981445,-3.152972936630249,-2.9225733280181885,-3.0442676544189453,-2.7524607181549072,-3.121840715408325,-2.6512672901153564,-3.2421345710754395,-1.9991858005523682,-3.643864154815674,-1.0851868391036987,-3.324648141860962,-0.8079968690872192,-3.5606918334960938,-0.8145266175270081,-3.765974998474121,-0.9148513674736023,-3.7073726654052734,-1.1749911308288574,-3.642418622970581,-1.5193220376968384,-3.446577310562134,-2.0216782093048096,-3.323545455932617,-2.3757643699645996,-3.225644826889038,-2.530322790145874,-3.1396281719207764,-2.5642037391662598,-3.0407185554504395,-2.399609088897705,-3.1033146381378174,-1.7839423418045044,-3.6483054161071777,-1.426896095275879,-3.8457210063934326,