{"bimodal":false,"column_names":[""],"dimension":2,"dimension_input":0,"label":"forme3-2","data":[10.686704635620117,-5.118055820465088,11.188315391540527,-1.3814443349838257,10.985101699829102,0.601596474647522,10.435667037963867,5.319610118865967,10.23949909210205,10.233663558959961,10.722553253173828,3.2117133140563965,10.032614707946777,2.000366449356079,10.271673202514648,0.41836419701576233,10.578191757202148,-1.0666273832321167,11.037598609924316,-2.018494129180908,-5.719738006591797,10.82473373413086,-9.324114799499512,10.128090858459473,-11.061354637145996,11.258265495300293,-7.069936275482178,10.541389465332031,-3.21399188041687,10.8311128616333,-4.543668270111084,11.021970748901367,-5.904926776885986,10.103456497192383,-6.796562671661377,10.386277198791504,-8.16390323638916,11.309343338012695,-9.236770629882812,10.448027610778809,-8.565666198730469,10.18298053741455,-8.117698669433594,10.053183555603027,-9.331802368164062,11.390621185302734,-9.079536437988281,11.030265808105469,-9.14017391204834,10.770877838134766,-9.147734642028809,10.654373168945312,-8.506773948669434,10.215265274047852,-5.628317356109619,10.637910842895508,2.889308452606201,10.150374412536621,10.40501594543457,-5.203845977783203,8.631209373474121,-10.346015930175781,7.3529839515686035,-10.69843864440918,9.82043743133545,-10.590970039367676,11.070096969604492,-10.140137672424316,11.07526683807373,-9.736305236816406,10.67434024810791,-9.74188232421875,10.23216438293457,-9.995092391967773,10.563214302062988,-10.991570472717285,10.470335006713867,-10.476984977722168,8.293153762817383,10.002544403076172,4.82870626449585,10.65774917602539,2.917680025100708,10.037737846374512,3.0831947326660156,10.09062671661377,1.0001598596572876,10.351512908935547,-0.9343929886817932,10.811848640441895,-0.016379011794924736,10.91060733795166,2.8816215991973877,10.159969329833984,5.1804046630859375,10.4268798828125,5.24030876159668,10.876445770263672,4.195262432098389,10.834824562072754,4.697467803955078,10.762605667114258,4.872255325317383,10.774238586425781,0.9861559867858887,10.282879829406738,-1.8748842477798462,10.17422866821289,-3.451864242553711,11.328557968139648,-5.0198516845703125,10.368456840515137,-6.768867492675781,10.407386779785156,-10.3217191696167,0.6747274994850159,-8.031622886657715,-10.108110427856445,-5.572174549102783,-11.074113845825195,-3.5923948287963867,-10.858802795410156,-7.213069438934326,-10.918935775756836,-7.182506084442139,-10.34784984588623,-7.113472938537598,-10.312420845031738,-3.441713571548462,-10.391683578491211,-0.5423282384872437,-10.09316349029541,-1.8518738746643066,-11.152667045593262,0.019010813906788826,-10.915427207946777,-0.038320962339639664,-10.28813362121582,-1.997991919517517,-11.024120330810547,-2.7737977504730225,-11.187688827514648,-6.649167060852051,-10.537940979003906,-8.85541820526123,-11.14594554901123,-6.4870686531066895,-11.122145652770996,-5.438882827758789,-10.18954086303711,-4.448867321014404,-11.113243103027344,-5.042044639587402,-10.080678939819336,-2.2616281509399414,-10.532554626464844,-1.2010358572006226,-10.730710983276367,-1.5469212532043457,-10.45271110534668,-0.8456545472145081,-10.789179801940918,-1.6594339609146118,-11.295894622802734,-1.6423604488372803,-10.196237564086914,-1.1433823108673096,-11.293756484985352,-0.8234935998916626,-11.041051864624023,-1.7010447978973389,-10.956090927124023],"data_input":[],"data_output":[],"length":86}