{"bimodal":false,"column_names":[""],"dimension":2,"dimension_input":0,"label":"forme2-7","data":[3.2794172763824463,2.629239082336426,3.314307451248169,0.9064723253250122,3.241105079650879,1.4737896919250488,3.074276924133301,2.272132635116577,3.2975900173187256,2.859783172607422,3.2610220909118652,2.9222891330718994,3.544257879257202,3.1310367584228516,3.423485279083252,1.557371735572815,3.712219715118408,1.3848698139190674,3.5203089714050293,1.6272212266921997,3.706139326095581,0.9774585366249084,3.4296107292175293,1.0325582027435303,3.5652410984039307,1.1290756464004517,3.432650566101074,1.221605658531189,3.3781538009643555,1.3984705209732056,3.2665650844573975,1.453914761543274,3.1060962677001953,1.5849745273590088,3.320530891418457,1.4306124448776245,3.348257303237915,1.5721893310546875,0.3520677983760834,3.1794917583465576,-3.248258113861084,1.295209288597107,-3.6605074405670166,1.2512805461883545,-3.2557692527770996,0.7496533989906311,-3.2722301483154297,0.3376990556716919,-3.178861141204834,0.3021840751171112,-3.076694965362549,0.11831272393465042,-3.353835105895996,-1.1340835094451904,-3.020855188369751,-2.2211084365844727,-3.3764326572418213,-2.937988519668579,-3.4281346797943115,-2.6756579875946045,-3.576826810836792,-2.0451581478118896,-3.0428719520568848,-1.2408241033554077,-3.2281904220581055,-1.1561554670333862,-3.64172625541687,-0.9410672187805176,-3.5842082500457764,-1.0290170907974243,-3.351874589920044,-1.327993631362915,-3.35904860496521,-1.477768063545227,-3.425156831741333,-1.4695541858673096,-3.633394241333008,-1.3985973596572876,-3.7141196727752686,-1.416812539100647,-3.4914276599884033,-1.7226588726043701,-3.4782865047454834,-1.8377652168273926,-3.529026508331299,-1.7143257856369019,-3.5795538425445557,-1.8809961080551147,-3.5602424144744873,-1.8701505661010742,-3.5121216773986816,-1.818197250366211,-3.6770598888397217,-1.60658860206604,-3.3301825523376465,-1.743129849433899,-3.038656234741211,-2.9206230640411377,-3.1286067962646484,-2.7545855045318604,-3.2060792446136475,-2.6471290588378906,-3.3094725608825684,-2.497819185256958,-2.006263256072998,-3.1770174503326416,0.06694692373275757,-3.328273296356201,0.028609653934836388,-3.503413677215576,-0.15444934368133545,-3.5504262447357178,-0.47599348425865173,-3.471771717071533,-0.6102334260940552,-3.400346040725708,1.0894064903259277,-3.597827196121216,1.9012670516967773,-3.1209726333618164,2.641538381576538,-3.9301116466522217,2.4844231605529785,-3.6806962490081787,2.291105031967163,-3.519029140472412,1.7225754261016846,-3.4016010761260986,0.13065315783023834,-3.1263372898101807,0.15580731630325317,-3.159228563308716,0.9569522142410278,-3.3222906589508057,0.9005811810493469,-3.263664722442627,0.846903920173645,-3.2945451736450195,1.1429176330566406,-3.30949330329895,1.173261046409607,-3.3167381286621094,1.224677562713623,-3.334904432296753,0.9526118040084839,-3.3157694339752197,0.758208692073822,-3.2639763355255127,0.5477496981620789,-3.2097320556640625,0.48565709590911865,-3.179154634475708,0.5805833339691162,-3.266500234603882,1.6568787097930908,-3.188948392868042,3.3045008182525635,-1.2505990266799927,3.0432746410369873,0.11682140082120895,3.37103271484375,0.885090172290802,2.4340755939483643,3.4193313121795654,0.8534493446350098,3.227200508117676,-0.055383969098329544,3.283726215362549,-0.9237847924232483,3.730093479156494,-1.0784791707992554,3.2122159004211426,-1.3772152662277222,3.418360948562622,-1.6323732137680054,3.5484907627105713,-1.722739577293396,3.5506861209869385,-1.7539852857589722,3.5605127811431885,-1.6545729637145996,3.4827075004577637,-1.7150965929031372,3.4245102405548096,-1.6561341285705566,3.3278605937957764,-1.615424394607544,3.2830874919891357,-1.4182837009429932,3.1469948291778564,-1.2429628372192383,3.07513427734375,-1.3207168579101562,3.7297277450561523,-1.1268147230148315,3.6460518836975098,-0.8039669394493103,3.386582136154175,-0.21314528584480286,3.3039042949676514,0.8907368779182434,3.1017370223999023,1.5116082429885864,3.034590005874634,3.1842756271362305,0.4945952594280243,3.000567674636841,-0.23003560304641724,3.5453402996063232,-0.7857045531272888,3.2028214931488037,-0.8065897822380066,3.368584394454956,-1.0207270383834839,3.321460485458374,-1.0258556604385376,3.4092373847961426,-1.106981873512268,3.390404224395752,-1.1371853351593018,3.108903646469116,-1.6279375553131104,3.2174274921417236,-2.393941640853882,3.4196720123291016,-2.8723208904266357,3.1666083335876465,-3.016345262527466,3.0729024410247803,-3.0309581756591797,3.1774771213531494,-3.0771775245666504,3.41369891166687,-3.13761568069458,3.033836603164673,-2.607656717300415,2.3190183639526367,-3.0429728031158447,1.9951386451721191,-3.3239123821258545,1.9687694311141968,-3.439586639404297,2.1466224193573,-3.53498911857605,2.2079367637634277,-3.6041924953460693,1.8664265871047974,-3.101958751678467,1.9089711904525757,-3.133941411972046,1.8464601039886475,-3.144683837890625,1.7923623323440552,-3.2019641399383545,1.8806136846542358,-3.2044360637664795,1.6859550476074219,-3.279855489730835,1.8143916130065918,-3.254737615585327,1.7993947267532349,-3.2803614139556885,1.8502260446548462,-3.296550750732422,1.8421653509140015,-3.309546709060669,1.778070092201233,-3.3240761756896973,1.9347556829452515,-3.388652801513672,1.9682705402374268,-3.432178497314453,1.9468172788619995,-3.413360118865967,1.8887064456939697,-3.3969016075134277,1.9439693689346313,-3.4699859619140625,2.038731575012207,-3.484259605407715,2.0296056270599365,-3.620889186859131,2.223299264907837,-3.6114847660064697,1.983268141746521,-3.536323070526123,1.8873234987258911,-3.3758835792541504,2.2393548488616943,-3.1596038341522217,3.171226739883423,-1.9351192712783813,3.0838658809661865,1.5347508192062378,0.7345271706581116,3.326200485229492,-0.12519977986812592,3.4224212169647217,-0.6733191013336182,3.4437479972839355,-0.810690701007843,3.5462448596954346,-0.823678195476532,3.5522894859313965,-0.8657845854759216,3.4987545013427734,-0.44014766812324524,3.1351308822631836,-0.5705071687698364,3.14074444770813,-0.46560317277908325,3.1398203372955322,-0.25989848375320435,3.047901153564453,-0.14434409141540527,3.098205089569092,0.3497760593891144,3.5679306983947754,0.4215848743915558,3.134345054626465,0.6568945646286011,3.395869016647339,0.7061352133750916,3.4294800758361816,0.62416672706604,3.294652223587036,0.18015477061271667,3.64672589302063,0.13668568432331085,3.6725761890411377,0.13791754841804504,3.6904635429382324,-0.08262424916028976,3.7613654136657715,-0.253091037273407,3.073319435119629,-0.6191713809967041,3.228614330291748,-0.8181555867195129,3.207440137863159,-1.063192367553711,3.3316469192504883,-1.2152092456817627,3.3194735050201416,-1.4167951345443726,3.383065938949585,-1.4884322881698608,3.342700242996216,-1.5889792442321777,3.365572214126587,-1.6010425090789795,3.3465874195098877,-1.5224602222442627,3.3701324462890625,-1.4576189517974854,3.4042277336120605,-1.3095685243606567,3.3041932582855225,-1.2586777210235596,3.340141773223877,-1.2197794914245605,3.195533275604248,-1.2143073081970215,3.0429322719573975,-1.1689621210098267,3.094515562057495,-1.0608323812484741,3.0759809017181396,-1.0806127786636353,3.075562000274658,-1.066666841506958,3.05708909034729,-1.0924535989761353,3.0905117988586426,-1.1232706308364868,3.08967661857605,-1.2638007402420044,3.1354525089263916,-1.3495458364486694,3.000211000442505,-1.9329476356506348,3.54756760597229,-2.4435787200927734,3.31858491897583,-3.063056707382202,2.8381123542785645,-3.3425426483154297,1.7683480978012085,-3.000523805618286,-2.017526149749756,-1.5465470552444458,-3.157444715499878,-0.5205078721046448,-3.0558383464813232,0.7897613644599915,-3.0639162063598633,0.9052592515945435,-3.112614154815674,0.4983101785182953,-3.066683053970337,0.6076090931892395,-3.2218005657196045,0.2180863320827484,-3.206545829772949,0.04817734286189079,-3.2847025394439697,-0.4983989894390106,-3.212476968765259,-1.438682198524475,-3.0924503803253174,-3.095651149749756,-1.9576494693756104,