{"bimodal":false,"column_names":[""],"dimension":2,"dimension_input":0,"label":"forme1-4","data":[3.078122854232788,1.0902119874954224,3.102081537246704,-1.3986824750900269,3.019083023071289,-1.2261419296264648,3.0105013847351074,-0.5404444336891174,3.1662845611572266,0.7358255386352539,3.3130600452423096,1.0359705686569214,3.190548896789551,0.7344266176223755,3.3387413024902344,-0.6755465865135193,3.0948283672332764,-1.152604579925537,3.215895414352417,-0.4771531820297241,3.2751495838165283,-0.14044757187366486,3.1098783016204834,-0.07560618966817856,3.3150951862335205,-0.44913575053215027,3.318143367767334,-0.8110103607177734,3.0018227100372314,-1.054330825805664,3.4004433155059814,-1.398250699043274,3.2750396728515625,-1.4722708463668823,3.21325421333313,-1.5231125354766846,3.2301270961761475,-1.527390956878662,3.230485439300537,-1.5018123388290405,3.262083053588867,-1.557645559310913,3.277496099472046,-1.7159801721572876,3.0092499256134033,-2.2124853134155273,-3.1120052337646484,0.38574451208114624,-3.115722894668579,0.697502613067627,-3.17556095123291,0.48028630018234253,-3.347710609436035,0.16142971813678741,-3.2091104984283447,-1.6073598861694336,-1.362351655960083,-3.099999189376831,-0.5037343502044678,-3.2472620010375977,-0.2501959502696991,-3.0359060764312744,-0.9506340026855469,-3.3178839683532715,-1.359464168548584,-3.095313787460327,-0.6545345783233643,-3.3920464515686035,-0.478956937789917,-3.1056973934173584,-0.09734852612018585,-3.095752000808716,0.22702381014823914,-3.0669491291046143,-0.04202927276492119,-3.3607256412506104,-0.2700159549713135,-3.0590710639953613,-0.9117364883422852,-3.447146415710449,-0.33389317989349365,-3.500826835632324,0.5900241136550903,-3.5821213722229004,0.5382959842681885,-3.274834156036377,0.1645626276731491,-3.230459690093994,0.9277252554893494,-3.4681475162506104,0.4348357319831848,-3.4814040660858154,0.10781917721033096,-3.430933713912964,0.5546262264251709,-3.2052481174468994,0.7482444047927856,-3.1866817474365234,0.8269582986831665,-3.2617971897125244,1.0219346284866333,-3.3923327922821045,1.381691336631775,-3.616767644882202,1.5350178480148315,-3.711829662322998,1.561505913734436,-3.6875057220458984,1.1630033254623413,-3.007894277572632,1.1523010730743408,-3.023394823074341,1.045766830444336,-3.06392765045166,1.099112629890442,-3.098844528198242,0.8201056718826294,-3.7248737812042236,0.06415385007858276,-3.686432361602783,-0.3058282732963562,-3.7181050777435303,-0.8186341524124146,-3.3980064392089844,-0.9566746354103088,-3.2655084133148193,-0.8780981302261353,-3.3182284832000732,-0.9632210731506348,-3.3286914825439453,-1.8920526504516602,-3.397515058517456,-2.2938590049743652,-3.016248941421509,-3.1852519512176514,-2.363990068435669,-3.3187739849090576,-1.5904244184494019,-3.592402696609497,-1.384027123451233,-3.7582411766052246,-1.2235572338104248,-3.1002633571624756,-0.9521409273147583,-3.1796810626983643,-0.9357456564903259,-3.2417964935302734,-0.9195143580436707,-3.2178807258605957,-0.7465223670005798,-3.2800605297088623,-0.7696593403816223,-3.3008651733398438,-0.8112748265266418,-3.2065625190734863,-0.8833233118057251,-3.130537271499634,-0.9731892943382263,-3.221128463745117,-0.9452913999557495,-3.1755764484405518,-1.0175656080245972,-3.168748378753662,-1.040254831314087,-3.2021777629852295,-0.8342884182929993,-3.4117414951324463,-0.6547753810882568,-3.2768561840057373,-0.4602572023868561,-3.2881455421447754,-0.4508432447910309,-3.244781970977783,-0.21076758205890656,-3.4214961528778076,-0.4007952809333801,-3.4638397693634033,-0.21994563937187195,-3.3570175170898438,-0.38695254921913147,-3.2872636318206787,-0.3968358039855957,-3.376352071762085,-0.4435519278049469,-3.2813050746917725,-0.4502298831939697,-3.292924165725708,-0.553192138671875,-3.233947515487671,-0.46661725640296936,-3.1766865253448486,-0.28921976685523987,-3.246687889099121,0.2964399755001068,-3.2542340755462646,0.5099016427993774,-3.178893566131592,0.35712307691574097,-3.2891252040863037,0.49177050590515137,-3.297128677368164,0.6972873210906982,-3.3925716876983643,0.5614885687828064,-3.3167953491210938,0.38662779331207275,-3.3447437286376953,0.3796250820159912,-3.363887071609497,0.3564768433570862,-3.1539721488952637,0.13016581535339355,-3.079679012298584,-0.045801278203725815,-3.009350299835205,-0.1328665316104889,-3.7031946182250977,-0.1941259205341339,-3.0175797939300537,-0.09891805052757263,-3.7363955974578857,-0.009955128654837608,-3.754674196243286,0.24519619345664978,-3.132634401321411,0.4062439203262329,-3.178359031677246,0.34373393654823303,-3.1491341590881348,0.43979495763778687,-3.200277090072632,0.49028319120407104,-3.2865593433380127,0.568846583366394,-3.2265868186950684,0.4121454060077667,-3.1418981552124023,0.21266910433769226,-3.087944269180298,0.20323245227336884,-3.0759150981903076,0.22200781106948853,-3.66050124168396,0.14008067548274994,-3.467745542526245,0.2493121325969696,-3.430832862854004,0.791803777217865,-3.348756790161133,0.9966967105865479,-3.3425116539001465,0.9993216395378113,-3.332388401031494,0.861195981502533,-3.5901689529418945,0.468475878238678,-3.4751126766204834,0.1956186294555664,-3.448124885559082,0.17995835840702057,-3.3352901935577393,0.14008764922618866,-3.221872091293335,0.019789298996329308,-3.460317850112915,0.02064424380660057,-3.3800885677337646,-0.07636526226997375,-3.199674606323242,0.13093900680541992,-3.0502591133117676,0.6248558163642883,-3.1498255729675293,1.704842209815979,-3.486030101776123,3.2063980102539062,-2.6673362255096436,3.162876844406128,-2.6362345218658447,3.1075873374938965,-3.1886250972747803,3.233268976211548,-3.150547504425049,3.3912041187286377,-2.1066250801086426,3.396808385848999,-0.626655638217926,3.083221197128296,-0.2630854845046997,3.520798683166504,-0.13154809176921844,3.8242905139923096,-0.20181331038475037,3.905386447906494,-0.2380915731191635,3.0638480186462402,-0.28594234585762024,3.0265676975250244,-0.4204755425453186,3.9620416164398193,-0.550022304058075,3.9364261627197266,-0.47336047887802124,3.706221342086792,0.052025046199560165,3.720383644104004,0.7174806594848633,3.4513676166534424,0.5989075899124146,3.2521355152130127,0.7375460863113403,3.381417751312256,2.02724289894104,3.6344594955444336,2.3953182697296143,3.262911319732666,2.0785326957702637,3.336932897567749,1.709938883781433,3.490074872970581,1.620680570602417,3.423778533935547,1.4848427772521973,3.1483490467071533,2.132472276687622,3.2262542247772217,2.6153533458709717,3.138658046722412,3.1461596488952637,2.8684921264648438,3.397869348526001,3.281740427017212,2.223060131072998,3.2150611877441406,1.8496683835983276,3.410247564315796,1.9690810441970825,3.3241374492645264,2.110410213470459,3.2437119483947754,2.1891767978668213,3.0722506046295166,2.7212939262390137,3.3013665676116943,2.6442694664001465,3.428537130355835,2.1777334213256836,3.0225377082824707,2.700868844985962,3.2752676010131836,2.835233688354492,3.136467933654785,2.939073085784912,3.0504276752471924,3.378769636154175,2.676084518432617,3.4292616844177246,1.978399634361267,3.38836407661438,2.0482966899871826,3.465920925140381,2.0158376693725586,3.4823625087738037,1.8259179592132568,3.422921895980835,1.6310486793518066,3.034649610519409,1.159131407737732,3.2869176864624023,0.8669304251670837,3.355276107788086,-0.9075878262519836,3.3850038051605225,-1.0935652256011963,3.3334999084472656,-0.9964104890823364,3.2218337059020996,-1.0786794424057007,3.206212282180786,-0.9990538358688354,3.6319146156311035,-1.1668134927749634,3.1393914222717285,-2.076916217803955,3.2650809288024902,-2.6781327724456787,3.383291244506836,-2.69032621383667,3.308361768722534,-2.731088161468506,2.1034746170043945,-3.3008534908294678,1.392869234085083,-3.23107647895813,0.3506455421447754,-3.3041796684265137,-0.06498191505670547,-3.4006826877593994,-0.19460122287273407,-3.430485725402832,-0.14710687100887299,-3.1601576805114746,-2.2097280025482178,-3.404214382171631,-2.6154444217681885,-3.3195652961730957,-2.6243550777435303,-3.4957962036132812,