{"bimodal":false,"column_names":[""],"dimension":2,"dimension_input":0,"label":"forme3-5","data":[-0.8939900398254395,0.5099661350250244,-0.9491052627563477,0.37141743302345276,-0.9689257740974426,0.3450467586517334,-0.9594675302505493,0.3600926101207733,-0.9402332305908203,0.3753895163536072,-0.9427907466888428,0.3647346794605255,-0.9501544833183289,0.3460899293422699,-0.9749491810798645,0.33095166087150574,-0.9977737069129944,0.3298114538192749,-1.0183440446853638,0.34375834465026855,-1.0663172006607056,0.3595846891403198,-1.1589041948318481,0.38736483454704285,-1.2158877849578857,0.35335201025009155,-1.232674479484558,0.3147414028644562,-1.230332374572754,0.2889391779899597,-1.233569622039795,0.2831794321537018,-1.24232816696167,0.28424349427223206,-1.2542905807495117,0.2825799286365509,-1.2662619352340698,0.2757543623447418,-1.3082613945007324,0.27445128560066223,-1.33661687374115,0.30262067914009094,-1.3512353897094727,0.34632790088653564,-1.3581063747406006,0.4020134210586548,-1.389973759651184,0.45169273018836975,-1.4332373142242432,0.4975944459438324,-1.4429950714111328,0.5407922863960266,-1.4001076221466064,0.5556342601776123,-1.344423770904541,0.5540542006492615,-1.3289107084274292,0.5503823161125183,-1.3410084247589111,0.5647806525230408,-1.3561811447143555,0.598993718624115,-1.35039222240448,0.6103225946426392,-1.3609355688095093,0.623615562915802,-1.3941476345062256,0.6749800443649292,-1.4266552925109863,0.746711254119873,-1.4497278928756714,0.8144615888595581,-1.4792978763580322,0.9058530330657959,-1.5174769163131714,0.9942681789398193,-1.5379787683486938,1.088017463684082,-1.5384405851364136,1.1355810165405273,-1.5519168376922607,1.15494704246521,-1.567348837852478,1.1860053539276123,-1.5842958688735962,1.209639310836792,-1.5827646255493164,1.2285364866256714,-1.5453767776489258,1.238965630531311,-1.5040825605392456,1.2381970882415771,-1.4326883554458618,1.2431297302246094,-1.357007384300232,1.243658423423767,-1.4433164596557617,1.32970130443573,-1.514467477798462,1.4181435108184814,-1.5391368865966797,1.4519730806350708,-1.4860503673553467,1.4946842193603516,-1.4261574745178223,1.5329492092132568,-1.3966678380966187,1.533744215965271,-1.3838257789611816,1.5032851696014404,-1.400315761566162,1.4986228942871094,-1.4464585781097412,1.5416663885116577,-1.4986642599105835,1.5926755666732788,-1.5318057537078857,1.6241319179534912,-1.5050653219223022,1.608265995979309,-1.460330843925476,1.5898537635803223,-1.4115140438079834,1.6075944900512695,-1.4004331827163696,1.6691161394119263,-1.4020739793777466,1.7168447971343994,-1.3901970386505127,1.7460306882858276,-1.3509868383407593,1.7517237663269043,-1.3074880838394165,1.7548370361328125,-1.2782855033874512,1.7586407661437988,-1.2530909776687622,1.7863432168960571,-1.2259173393249512,1.8296674489974976,-1.1995210647583008,1.8562875986099243,-1.1365944147109985,1.8694671392440796,-1.0488734245300293,1.8827190399169922,-0.9994127750396729,1.8431109189987183,-0.9571682810783386,1.7995014190673828,-0.8979634642601013,1.746729850769043,-0.8166162967681885,1.7086297273635864,-0.7538027167320251,1.6951689720153809,-0.7027945518493652,1.687788963317871,-0.5915462970733643,1.649588704109192,-0.4702994227409363,1.617003083229065,-0.36505427956581116,1.6273576021194458,-0.28918346762657166,1.6330451965332031,-0.20066601037979126,1.6275438070297241,-0.10217944532632828,1.6067014932632446,0.015414796769618988,1.561899185180664,0.14224961400032043,1.5364561080932617,0.2529301941394806,1.5247688293457031,0.288207471370697,1.5281260013580322,0.25485220551490784,1.5647683143615723,0.21593433618545532,1.6064082384109497,0.19908051192760468,1.6391314268112183,0.21314391493797302,1.6496055126190186,0.27520987391471863,1.6360548734664917,0.3471273183822632,1.6385188102722168,0.4078774154186249,1.6501891613006592,0.4369402527809143,1.6591923236846924,0.46765923500061035,1.6569329500198364,0.5357385277748108,1.6350910663604736,0.6471248269081116,1.5598934888839722,0.7196605205535889,1.4875110387802124,0.7773677706718445,1.4128323793411255,0.8506291508674622,1.3444252014160156,0.961015522480011,1.248762607574463,1.0863604545593262,1.1942156553268433,1.1896220445632935,1.173970103263855,1.2963669300079346,1.176835536956787,1.3935825824737549,1.17676842212677,1.4909218549728394,1.167845606803894,1.6478945016860962,1.0981073379516602,1.8216774463653564,1.0285900831222534,1.94451105594635,0.9792929291725159,2.000714063644409,0.9329479336738586,2.031679391860962,0.872162401676178,2.068774700164795,0.8106634616851807,2.160409688949585,0.7727738618850708,2.2651538848876953,0.7303035259246826,2.3681392669677734,0.6730062961578369,2.3951518535614014,0.6555950045585632,2.3812613487243652,0.6661565899848938,2.31577467918396,0.7157846689224243,2.2466278076171875,0.7717314958572388,2.1944687366485596,0.8308394551277161,2.181638717651367,0.8207928538322449,2.1838953495025635,0.7899060845375061,2.1367688179016113,0.7887824773788452,2.087430477142334,0.8148647546768188,2.02953839302063,0.8543658256530762,1.998006820678711,0.8630290031433105,1.9775282144546509,0.8604655265808105,1.9586622714996338,0.8467365503311157,1.938706636428833,0.8357474207878113,1.8327174186706543,0.91264808177948,1.7457998991012573,1.0040442943572998,1.6864888668060303,1.089860439300537,1.6369966268539429,1.1434270143508911,1.5906368494033813,1.1938639879226685,1.4944099187850952,1.2553571462631226,1.3748233318328857,1.4033492803573608,1.2388358116149902,1.4569728374481201,1.2024296522140503,1.5170971155166626,1.208277702331543,1.5596814155578613,1.2182010412216187,1.5486650466918945,1.1491714715957642,1.5343905687332153,1.0654454231262207,1.5658823251724243,0.962432324886322,1.6064834594726562,0.8985969424247742,1.630540370941162,0.8750401139259338,1.6307779550552368,0.856207549571991,1.6309577226638794,0.7984022498130798,1.666318655014038,0.717617928981781,1.6797189712524414,0.630439817905426,1.6930702924728394,0.5475413203239441,1.726406216621399,0.5131937265396118,1.7247182130813599,0.5113319754600525,1.7207810878753662,0.5215483903884888,1.7229493856430054,0.5251935124397278,1.7164591550827026,0.5280542969703674,1.705683708190918,0.4594803750514984,1.724118709564209,0.3505263328552246,1.7733536958694458,0.2080642431974411,1.8791420459747314,0.05002922564744949,2.0065321922302246,-0.10588901489973068,2.1384308338165283,-0.26300764083862305,2.2598891258239746,-0.3596808910369873,2.3257992267608643,-0.47040900588035583,2.3925464153289795,-0.5979635715484619,2.457209587097168,-0.7486475110054016,2.5246427059173584,-0.847481369972229,2.560018539428711,-0.8909751772880554,2.563354730606079,-0.8609119653701782,2.523954391479492,-0.8128319382667542,2.4784584045410156,-0.770918071269989,2.4326419830322266,-0.7736389636993408,2.408433437347412,-0.81411212682724,2.4362285137176514,-0.8564808964729309,2.478424310684204,-0.8835804462432861,2.500149965286255,-0.8621016144752502,2.494621992111206,-0.8403776288032532,2.483590841293335,-0.853440523147583,2.4780986309051514,-0.882864236831665,2.484135866165161,-0.8973853588104248,2.4867329597473145,-0.8835111856460571,2.473351240158081,-0.8673124313354492,2.4721384048461914,-0.8482602834701538,2.482645034790039,-0.8372624516487122,2.468935012817383,-0.8150187730789185,2.4581902027130127,-0.7536298632621765,2.439588785171509,-0.6738523840904236,2.4118378162384033,-0.5552758574485779,2.3638508319854736,-0.503795325756073,2.329179286956787,-0.4774625301361084,2.321573257446289,-0.4553150534629822,2.314581871032715,-0.3772755563259125,2.2664794921875,-0.28289884328842163,2.209099292755127,-0.18232816457748413,2.1287059783935547,-0.09408485889434814,2.063154697418213,-0.025010110810399055,2.0504252910614014,-0.02799689769744873,2.063692569732666,-0.046229638159275055,2.0642831325531006,-0.02597317099571228,2.046046257019043,0.043738625943660736,2.034137010574341,0.08827342092990875,2.0390355587005615,0.09626220911741257,2.069556951522827,0.10265979170799255,2.0974245071411133,0.13763846457004547,2.0971357822418213,