{"bimodal":false,"column_names":[""],"dimension":2,"dimension_input":0,"label":"forme3-5","data":[3.1325905323028564,-0.15093927085399628,3.388188123703003,-0.5129502415657043,3.5365960597991943,-0.6192123889923096,3.213442325592041,-0.6422780156135559,3.4790706634521484,-0.7453332543373108,3.7338767051696777,-0.830317497253418,3.692537307739258,-1.0129497051239014,3.499018430709839,-1.2069145441055298,3.437213659286499,-1.4000599384307861,3.4524993896484375,-1.4757354259490967,3.420727491378784,-1.4842474460601807,3.219456434249878,-1.6179219484329224,3.0793182849884033,-2.8162310123443604,2.272324323654175,-3.685302734375,1.9477581977844238,-3.6400146484375,1.727367639541626,-3.4656171798706055,1.8344804048538208,-3.5407907962799072,2.1721444129943848,-3.6316676139831543,2.206465482711792,-3.4766268730163574,2.5918664932250977,-3.484224319458008,3.1968019008636475,-3.4696156978607178,3.1887266635894775,-3.550724506378174,2.888418436050415,-3.5863640308380127,2.8819005489349365,-3.544285535812378,2.8948140144348145,-3.5477046966552734,3.03967547416687,-3.5880141258239746,3.1962709426879883,-3.5717294216156006,3.20341157913208,-3.759363889694214,2.58634614944458,-3.0583646297454834,3.3775722980499268,-2.922987222671509,3.2877211570739746,-2.283088445663452,3.582855463027954,-2.2511725425720215,3.9506947994232178,-2.5198564529418945,3.6040291786193848,-1.532135248184204,3.1833856105804443,0.8455618023872375,2.0393664836883545,3.046884536743164,1.5751712322235107,3.289216995239258,1.31038498878479,4.027207851409912,0.8707517981529236,3.376206874847412,0.7439887523651123,3.590365171432495,0.5808898210525513,3.853682041168213,0.43430426716804504,3.931236743927002,0.4924566149711609,3.8939573764801025,0.3328348994255066,3.9168336391448975,0.3824599087238312,3.8639276027679443,0.9726940989494324,3.7696685791015625,0.8589361310005188,3.8917436599731445,0.43230950832366943,4.169646739959717,0.5092269778251648,4.173914432525635,0.7977964878082275,4.185855865478516,0.5825038552284241,4.272634983062744,0.454955130815506,4.217764377593994,0.4449955224990845,4.230166435241699,0.41659802198410034,4.167996406555176,0.3990194499492645,4.066571235656738,0.819586992263794,3.9165282249450684,0.9604116678237915,3.7969274520874023,0.8596987724304199,3.7940142154693604,1.0601998567581177,3.7510275840759277,1.0551393032073975,3.7402467727661133,1.042509913444519,3.6558377742767334,1.129536747932434,3.620490312576294,1.1254264116287231,3.6363141536712646,0.9661974310874939,3.7336487770080566,0.8812169432640076,3.7905449867248535,0.8648070693016052,3.8176417350769043,1.0287604331970215,3.6893606185913086,1.0813580751419067,3.678727149963379,1.0022621154785156,3.7423951625823975,0.950266420841217,3.7972352504730225,1.0639734268188477,3.7453391551971436,1.1260014772415161,3.7918169498443604,1.1148473024368286,3.771230459213257,1.03647780418396,3.7680764198303223,1.0472359657287598,3.731170415878296,1.0972092151641846,3.7293055057525635,0.9202933311462402,3.83164644241333,0.8038668632507324,3.837097406387329,0.5434664487838745,3.9217183589935303,-0.07511437684297562,3.8489017486572266,-0.7715192437171936,3.2143640518188477,-2.1331255435943604,3.699528932571411,-2.7034122943878174,3.5817551612854004,-2.8323304653167725,3.5551681518554688,-2.917490243911743,3.2227752208709717,-3.4688637256622314,2.7717273235321045,-3.228264331817627,1.38076913356781,-3.5121350288391113,-0.514898955821991,-3.1193978786468506,-2.611725330352783,-2.5964179039001465,-3.0099031925201416,-2.7427265644073486,-3.2987523078918457,-2.667959213256836,-3.8366968631744385,-1.4959990978240967,-3.8034420013427734,-1.1420631408691406,-3.83288311958313,-1.2046678066253662,-3.7904863357543945,-1.3217865228652954,-3.85986065864563,-1.353197455406189,-3.794947385787964,-1.5210340023040771,-3.74527645111084,-1.5719486474990845,-3.7664597034454346,-1.6408112049102783,-3.8053390979766846,-1.7530919313430786,-3.756960153579712,-1.765086054801941,-3.8793816566467285,-1.8052666187286377,-3.7593984603881836,-1.8217486143112183,-3.797302484512329,-1.7953354120254517,-3.8081679344177246,-1.748816967010498,-3.980959177017212,-1.4450581073760986,-3.0694682598114014,-1.6387819051742554,-3.0384867191314697,-1.656532645225525,-3.019916534423828,-1.6225398778915405,-3.020150661468506,-1.5704807043075562,-3.0171215534210205,-1.5938485860824585,-3.025249481201172,-2.28883695602417,-3.906830310821533,-2.433708429336548,-3.956772804260254,-2.319953203201294,-3.987264394760132,-1.6947300434112549,-3.01883602142334,-1.6810426712036133,-3.051100254058838,-1.7112665176391602,-3.1121556758880615,-1.6964689493179321,-3.072141170501709,-1.6177335977554321,-3.0181093215942383,-1.4736778736114502,-3.0975167751312256,-1.4713889360427856,-3.10249662399292,-1.403926968574524,-3.0614373683929443,-1.4113500118255615,-3.1194074153900146,-1.4528383016586304,-3.080826997756958,-1.3997037410736084,-3.1197214126586914,-1.3524826765060425,-3.1125893592834473,-1.3532030582427979,-3.1697680950164795,-1.3124741315841675,-3.236424446105957,-1.1679962873458862,-3.270282506942749,-1.015641450881958,-3.356261730194092,-0.9927065968513489,-3.2866995334625244,-0.9923798441886902,-3.2852835655212402,-0.9072495102882385,-3.2989449501037598,-0.8062147498130798,-3.340881109237671,-0.8746128678321838,-3.274540662765503,-0.8663466572761536,-3.2292165756225586,-0.8340566158294678,-3.2862982749938965,-0.9415485858917236,-3.2611758708953857,-0.9574464559555054,-3.301983118057251,-0.9154677391052246,-3.2513082027435303,-0.8658369779586792,-3.284620523452759,-0.5994114279747009,-3.4418275356292725,-0.5006018877029419,-3.4052586555480957,-0.442539244890213,-3.478515148162842,-0.443472295999527,-3.4693996906280518,-0.5394651889801025,-3.483614444732666,-0.5448399186134338,-3.3511335849761963,-0.5233718156814575,-3.3094425201416016,-0.516123354434967,-3.3360049724578857,-0.38607457280158997,-3.44769024848938,-0.5072446465492249,-3.410050392150879,-0.5364364981651306,-3.2867960929870605,-0.5703278183937073,-3.3196351528167725,-0.5460881590843201,-3.3310065269470215,-0.47928160429000854,-3.2304494380950928,-0.3359779715538025,-3.183616876602173,-0.21959081292152405,-3.3148651123046875,0.003964387811720371,-3.3550000190734863,-0.14137417078018188,-3.3302972316741943,-0.23734773695468903,-3.287419080734253,-0.21096868813037872,-3.2155468463897705,-0.16674348711967468,-3.2478394508361816,-0.11148633062839508,-3.3385026454925537,-0.08869034051895142,-3.439335346221924,-0.019698867574334145,-3.3824007511138916,-0.13852044939994812,-3.3649075031280518,-0.2832590937614441,-3.259521484375,-0.3163328170776367,-3.2592573165893555,-0.33112114667892456,-3.254634141921997,-0.3678344786167145,-3.258204221725464,-0.371785968542099,-3.1936423778533936,-0.3838334381580353,-3.1585066318511963,-0.40462854504585266,-3.143965721130371,-0.449357271194458,-3.1651058197021484,-0.46540704369544983,-3.221628189086914,-0.27172452211380005,-3.5293776988983154,-0.5506550669670105,-3.4514122009277344,3.1072609424591064,2.0109028816223145,3.093696117401123,3.0159547328948975,3.0805180072784424,1.3617724180221558,3.5026261806488037,1.0641244649887085,3.5510740280151367,0.45068076252937317,3.071410894393921,0.1709328293800354,3.1198911666870117,0.07365845888853073,3.101367473602295,0.18026207387447357,3.0761349201202393,0.2395215779542923,3.56986141204834,0.550437331199646,3.503725528717041,0.5712416768074036,3.5313706398010254,0.5236825346946716,3.5976061820983887,0.548821747303009,3.010874032974243,0.3034646809101105,3.0716593265533447,0.3363133370876312,3.1702423095703125,0.17353449761867523,3.6260807514190674,-0.3198278546333313,3.6327285766601562,-0.8525561690330505,3.7639033794403076,-1.1443004608154297,4.03365421295166,-1.5173684358596802,3.2560875415802,-1.5375105142593384,3.252094268798828,-1.605081558227539,3.2308907508850098,-1.5967721939086914,3.3087785243988037,-1.5524204969406128,3.32843279838562,-1.5053918361663818,3.309206962585449,-1.4505136013031006,3.324889898300171,-1.4472709894180298,