{"bimodal":false,"column_names":[""],"dimension":2,"dimension_input":0,"label":"forme3-6","data":[-0.20258276164531708,0.49218082427978516,-0.3137210011482239,0.3785616457462311,-0.4218352437019348,0.3249293863773346,-0.5042684674263,0.3202889859676361,-0.5821260213851929,0.37116673588752747,-0.658449113368988,0.4354137182235718,-0.7754153609275818,0.47069501876831055,-0.8726966977119446,0.48653218150138855,-0.9681208729743958,0.5063008069992065,-1.076605200767517,0.5257977247238159,-1.1889642477035522,0.5386439561843872,-1.3069682121276855,0.5593798160552979,-1.3794502019882202,0.5252327919006348,-1.4314392805099487,0.4408723711967468,-1.439746379852295,0.3407050371170044,-1.4665565490722656,0.3192516565322876,-1.5076653957366943,0.3188038468360901,-1.5842597484588623,0.293100506067276,-1.664060115814209,0.30320224165916443,-1.745529294013977,0.34097710251808167,-1.8238047361373901,0.3653111457824707,-1.8967881202697754,0.38130512833595276,-1.9655205011367798,0.3933435380458832,-2.035633087158203,0.41425612568855286,-2.1184189319610596,0.4243004024028778,-2.1871683597564697,0.4354391098022461,-2.2258505821228027,0.4460431635379791,-2.2486538887023926,0.44841158390045166,-2.269994020462036,0.447476863861084,-2.3010501861572266,0.44742128252983093,-2.313969135284424,0.4561511278152466,-2.316448450088501,0.4736073613166809,-2.2967896461486816,0.47166305780410767,-2.280683994293213,0.45824751257896423,-2.263718605041504,0.4607947766780853,-2.2393434047698975,0.47342196106910706,-2.22837495803833,0.4868125021457672,-2.2247262001037598,0.5070385336875916,-2.1994943618774414,0.5337754487991333,-2.162299871444702,0.5584793090820312,-2.140619993209839,0.5794488191604614,-2.065028190612793,0.5494651794433594,-1.942067265510559,0.47186407446861267,-1.8371069431304932,0.4709561765193939,-1.7040886878967285,0.5372917056083679,-1.6021380424499512,0.7172027826309204,-1.5207501649856567,0.8819297552108765,-1.4511574506759644,0.9853596091270447,-1.3218940496444702,1.005269169807434,-1.1806466579437256,1.003429651260376,-1.0016061067581177,1.0049735307693481,-0.83027184009552,1.0329800844192505,-0.6300699710845947,1.0600435733795166,-0.43109211325645447,1.1442118883132935,-0.25891631841659546,1.2299730777740479,-0.11758150160312653,1.3058030605316162,-0.005540124606341124,1.3492587804794312,0.08670347183942795,1.375575304031372,0.17888213694095612,1.4016718864440918,0.27971768379211426,1.4484658241271973,0.39019691944122314,1.5004687309265137,0.48431605100631714,1.5241310596466064,0.5397048592567444,1.5320327281951904,0.5471234917640686,1.548766016960144,0.4922734498977661,1.5749168395996094,0.4361613094806671,1.6074415445327759,0.42069074511528015,1.6356871128082275,0.4276542663574219,1.6356981992721558,0.42178255319595337,1.6326603889465332,0.37675148248672485,1.6294496059417725,0.3094002902507782,1.6101429462432861,0.23505301773548126,1.5862244367599487,0.1791636347770691,1.592653512954712,0.12287954986095428,1.6227145195007324,0.061487048864364624,1.6830356121063232,-0.01715979538857937,1.7586174011230469,-0.10941159725189209,1.8278292417526245,-0.19874458014965057,1.8756150007247925,-0.2492913454771042,1.9256728887557983,-0.28569403290748596,1.9736799001693726,-0.32916492223739624,2.0443661212921143,-0.42701396346092224,2.1337974071502686,-0.5542006492614746,2.21531343460083,-0.6700477600097656,2.255565881729126,-0.7515390515327454,2.239473581314087,-0.8134136199951172,2.2425589561462402,-0.8718225359916687,2.2516989707946777,-0.9295777082443237,2.2437899112701416,-0.9881733059883118,2.2288904190063477,-1.0266286134719849,2.2159738540649414,-1.0685276985168457,2.2098793983459473,-1.090660810470581,2.2004644870758057,-1.0635863542556763,2.1489555835723877,-1.0208349227905273,2.0654404163360596,-0.9974222183227539,2.006868362426758,-0.9856710433959961,1.9906032085418701,-0.9369845986366272,1.9757927656173706,-0.8571043014526367,1.961542010307312,-0.6013485193252563,1.9130282402038574,-0.3478963375091553,1.8456391096115112,-0.11793659627437592,1.753726840019226,0.07174885272979736,1.6858437061309814,0.24249118566513062,1.6491668224334717,0.3966573178768158,1.6019707918167114,0.5269055366516113,1.531020998954773,0.6687924861907959,1.4173460006713867,0.8236729502677917,1.3275642395019531,0.9598290324211121,1.2770049571990967,1.0764151811599731,1.2783492803573608,1.1640076637268066,1.2656129598617554,1.2495964765548706,1.24558424949646,1.343207597732544,1.2091619968414307,1.4347009658813477,1.1767524480819702,1.5586705207824707,1.1549776792526245,1.66157066822052,1.1604496240615845,1.7412099838256836,1.185034155845642,1.781389594078064,1.229574203491211,1.8144538402557373,1.2388083934783936,1.8605666160583496,1.2342578172683716,1.9346644878387451,1.2324104309082031,1.9980278015136719,1.2281520366668701,2.020068645477295,1.226253867149353,2.041015386581421,1.2412803173065186,2.086009979248047,1.2418385744094849,2.1309814453125,1.2164092063903809,2.1599674224853516,1.1949388980865479,2.151975631713867,1.1950675249099731,2.145419120788574,1.225144624710083,2.1435444355010986,1.2551953792572021,2.129385471343994,1.2767447233200073,2.102668523788452,1.2957452535629272,2.079543352127075,1.3217252492904663,2.0703959465026855,1.351383090019226,2.069195032119751,1.367757797241211,2.054147958755493,1.3688894510269165,2.0271525382995605,1.3912619352340698,1.9943368434906006,1.4089932441711426,1.934598684310913,1.4054816961288452,1.8827061653137207,1.4039595127105713,1.841584324836731,1.4027965068817139,1.814168095588684,1.4167472124099731,1.784555435180664,1.443388819694519,1.7033036947250366,1.501751184463501,1.5794206857681274,1.5796983242034912,1.4491722583770752,1.6586233377456665,1.2951680421829224,1.77206289768219,1.1446114778518677,1.930509090423584,1.0156028270721436,2.080589532852173,0.8861328363418579,2.185220956802368,0.7799184918403625,2.2585513591766357,0.6855515241622925,2.319859504699707,0.5665040612220764,2.375976800918579,0.45121288299560547,2.4166970252990723,0.31546449661254883,2.4502220153808594,0.20611540973186493,2.4831435680389404,0.13372719287872314,2.505333662033081,0.11857251822948456,2.5027670860290527,0.12159129232168198,2.483992576599121,0.10573288798332214,2.4735710620880127,0.025812797248363495,2.4947116374969482,0.030275598168373108,2.5130465030670166,0.08182168006896973,2.4839017391204834,0.12998400628566742,2.453679084777832,0.15113802254199982,2.460162401199341,0.1247476115822792,2.470254898071289,0.07438718527555466,2.4884567260742188,-0.0014248836087062955,2.5360591411590576,-0.12039977312088013,2.6549644470214844,-0.24282139539718628,2.7871346473693848,-0.33939769864082336,2.896937131881714,-0.38591721653938293,2.958259344100952,-0.4053249657154083,2.980339527130127,-0.4662703275680542,3.0310451984405518,-0.5252329111099243,3.095179796218872,-0.5578498840332031,3.1292967796325684,-0.5587831139564514,3.157691240310669,-0.6349812150001526,3.204742193222046,-0.8093685507774353,3.256741523742676,-0.9670186638832092,3.30808687210083,-1.1302759647369385,3.371612071990967,-1.2660880088806152,3.4246859550476074,-1.3679620027542114,3.4726498126983643,-1.4351627826690674,3.506706476211548,-1.5029363632202148,3.5178945064544678,-1.5864521265029907,3.5094144344329834,-1.652428388595581,3.4993412494659424,-1.707943081855774,3.4986491203308105,-1.6825581789016724,3.5007078647613525,-1.61152982711792,3.493852138519287,-1.4844359159469604,3.451669454574585,-1.3932114839553833,3.3827004432678223,-1.3152787685394287,3.3198962211608887,-1.2171621322631836,3.2440977096557617,-1.0806087255477905,3.119216203689575,-0.9164583086967468,2.9687914848327637,-0.6869753003120422,2.7378463745117188,-0.3696337938308716,2.4828147888183594,-0.04541715607047081,2.254133701324463,0.2855687439441681,2.0736429691314697,0.5688705444335938,1.934814453125,0.8406088948249817,1.8222718238830566,1.078554391860962,1.7425868511199951,1.25790274143219,1.6890356540679932,1.3855539560317993,1.6883254051208496,1.573281168937683,1.681654691696167,1.724205732345581,1.6756378412246704,