{"bimodal":false,"column_names":[""],"dimension":2,"dimension_input":0,"label":"forme3-6","data":[-1.53196120262146,-0.16172218322753906,-1.5865068435668945,-0.2736632227897644,-1.675585389137268,-0.25282934308052063,-1.7404204607009888,-0.14696812629699707,-1.794305682182312,-0.04593011364340782,-1.9272607564926147,0.12240127474069595,-2.0684897899627686,0.33273622393608093,-2.206331491470337,0.5293688774108887,-2.2641286849975586,0.6208763718605042,-2.295126438140869,0.6370858550071716,-2.3255224227905273,0.6329032778739929,-2.38801908493042,0.6469154357910156,-2.482872247695923,0.6847987771034241,-2.6035573482513428,0.8256444334983826,-2.7103538513183594,1.0018627643585205,-2.7478904724121094,1.1545829772949219,-2.6666224002838135,1.3041071891784668,-2.4888687133789062,1.4292280673980713,-2.3007004261016846,1.520026445388794,-2.1191635131835938,1.5618985891342163,-2.0133635997772217,1.6000111103057861,-2.0238494873046875,1.6665400266647339,-1.992213249206543,1.6960591077804565,-1.9192652702331543,1.6944000720977783,-1.8259598016738892,1.6386444568634033,-1.755016803741455,1.637879490852356,-1.6710237264633179,1.6670116186141968,-1.5975701808929443,1.6676031351089478,-1.5482920408248901,1.6657485961914062,-1.5646861791610718,1.7659136056900024,-1.6004517078399658,1.8824048042297363,-1.657512903213501,1.9575419425964355,-1.7030435800552368,1.9528307914733887,-1.7395926713943481,1.945893406867981,-1.7806119918823242,1.9949220418930054,-1.8135136365890503,2.034092426300049,-1.7972818613052368,2.0216431617736816,-1.7482845783233643,1.9813703298568726,-1.7591919898986816,2.0214109420776367,-1.7298855781555176,2.05668044090271,-1.6812885999679565,2.0364978313446045,-1.5817314386367798,1.9554522037506104,-1.4413721561431885,1.9229382276535034,-1.3371212482452393,1.9256736040115356,-1.264675498008728,1.9760810136795044,-1.1999216079711914,2.0116772651672363,-1.1081898212432861,1.9945744276046753,-0.9724038243293762,1.9150184392929077,-0.809720516204834,1.821872591972351,-0.5959241390228271,1.734552264213562,-0.43333443999290466,1.7673274278640747,-0.3559889793395996,1.8641034364700317,-0.335936963558197,1.9791302680969238,-0.30760350823402405,2.029182195663452,-0.24539576470851898,1.9810611009597778,-0.1488836109638214,1.8921048641204834,-0.037158530205488205,1.8108958005905151,0.06011595577001572,1.7466577291488647,0.10920097678899765,1.7619354724884033,0.12628808617591858,1.8210210800170898,0.07443294674158096,1.9324796199798584,0.04016349837183952,1.9750280380249023,0.03307550400495529,1.9755661487579346,0.08818656951189041,1.9413024187088013,0.13968715071678162,1.9187260866165161,0.13484910130500793,1.9211814403533936,0.12710461020469666,1.9429467916488647,0.161481112241745,1.9690321683883667,0.19159187376499176,1.9995670318603516,0.2047947198152542,2.0729634761810303,0.21308372914791107,2.1169631481170654,0.25206661224365234,2.0730433464050293,0.3109003007411957,2.055684804916382,0.3571097254753113,2.0566370487213135,0.3960525691509247,2.015186071395874,0.4490489363670349,1.962937831878662,0.5171714425086975,1.9150747060775757,0.5564384460449219,1.894552230834961,0.5955731868743896,1.8795143365859985,0.6267966032028198,1.8674767017364502,0.6556998491287231,1.8911675214767456,0.6965153217315674,1.9151142835617065,0.6977320313453674,1.9321123361587524,0.6755872964859009,1.964733600616455,0.7064005136489868,2.0122199058532715,0.7757684588432312,2.0194027423858643,0.8968250751495361,1.950506567955017,1.0689904689788818,1.8179253339767456,1.2611258029937744,1.6561294794082642,1.4785128831863403,1.3755645751953125,1.6684997081756592,1.0431950092315674,1.8295567035675049,0.7687416672706604,1.973137378692627,0.5801523327827454,2.0683698654174805,0.49134498834609985,2.144918918609619,0.4422202706336975,2.2403833866119385,0.3497045040130615,2.3438615798950195,0.25221526622772217,2.410788059234619,0.20085418224334717,2.44929838180542,0.16651985049247742,2.46064829826355,0.13233311474323273,2.4241580963134766,0.1533682644367218,2.3678455352783203,0.1820836365222931,2.322744846343994,0.20149441063404083,2.3033478260040283,0.2140694111585617,2.3458170890808105,0.21416142582893372,2.3828670978546143,0.2279020994901657,2.3882110118865967,0.24900755286216736,2.416086196899414,0.28380632400512695,2.4364075660705566,0.3066733479499817,2.472691297531128,0.3050224781036377,2.481062412261963,0.3574014902114868,2.468939781188965,0.39688849449157715,2.427945137023926,0.3934808373451233,2.345992088317871,0.45829346776008606,2.290379285812378,0.5511550307273865,2.283149003982544,0.6012416481971741,2.2710585594177246,0.634222686290741,2.213134288787842,0.6774407625198364,2.075275182723999,0.7744138836860657,1.959107518196106,0.8843500018119812,1.8872957229614258,0.9434505701065063,1.8976314067840576,0.9303939938545227,1.908370852470398,0.9071235060691833,1.8675813674926758,0.9062959551811218,1.832247018814087,0.9024634957313538,1.812848687171936,0.8771345615386963,1.82334566116333,0.8531717658042908,1.779578685760498,0.8569360971450806,1.7028264999389648,0.8857154250144958,1.6149547100067139,0.9656652808189392,1.5608071088790894,1.0359174013137817,1.4679375886917114,1.1391409635543823,1.3533340692520142,1.24318528175354,1.2247761487960815,1.3670207262039185,1.0999960899353027,1.481787085533142,0.973268985748291,1.571702003479004,0.7927412986755371,1.6632671356201172,0.6409327983856201,1.770108699798584,0.5323097705841064,1.8597192764282227,0.43451568484306335,1.9222294092178345,0.27192455530166626,2.0248849391937256,0.10181167721748352,2.1304540634155273,-0.0458417609333992,2.207026720046997,-0.16523629426956177,2.247145652770996,-0.29343798756599426,2.2697501182556152,-0.42708829045295715,2.3020124435424805,-0.5521665215492249,2.329719066619873,-0.6342158913612366,2.3484928607940674,-0.7265328168869019,2.3741259574890137,-0.8264604210853577,2.4237451553344727,-0.9047239422798157,2.4630117416381836,-0.9579170346260071,2.4806666374206543,-1.00687575340271,2.4972171783447266,-1.0839813947677612,2.522780179977417,-1.1070154905319214,2.581829786300659,-1.1048905849456787,2.6278021335601807,-1.1648298501968384,2.589442729949951,-1.274736762046814,2.5408833026885986,-1.370055079460144,2.5158071517944336,-1.4477647542953491,2.5069007873535156,-1.5046260356903076,2.5115177631378174,-1.542043685913086,2.5129382610321045,-1.5899288654327393,2.5094571113586426,-1.6170743703842163,2.5056817531585693,-1.622837781906128,2.488783836364746,-1.6210606098175049,2.4688704013824463,-1.6022814512252808,2.4551217555999756,-1.5273679494857788,2.4460763931274414,-1.4395935535430908,2.429664134979248,-1.3698772192001343,2.4133238792419434,-1.3200669288635254,2.372666835784912,-1.2700531482696533,2.315089464187622,-1.1306229829788208,2.2349746227264404,-0.8770747184753418,2.175121784210205,-0.6017805337905884,2.1089892387390137,-0.3810041844844818,2.044691801071167,-0.20755119621753693,2.0182721614837646,-0.009085080586373806,2.008148431777954,0.19100421667099,1.9534640312194824,0.35766172409057617,1.8976701498031616,0.5094415545463562,1.8950155973434448,0.6259141564369202,1.918253779411316,0.697822093963623,1.9760416746139526,0.7730605006217957,2.0402603149414062,0.8462479114532471,2.086303949356079,0.9063244462013245,2.117504835128784,0.93935626745224,2.1460187435150146,0.9402236938476562,2.178222894668579,0.927526593208313,2.224276304244995,0.9288514256477356,2.2738466262817383,0.9298138618469238,2.3465664386749268,0.9254863262176514,2.386512517929077,0.9202604293823242,2.381667137145996,0.9030230641365051,2.3743655681610107,0.8612775802612305,2.376636505126953,0.773017406463623,2.38267183303833,0.6915339827537537,2.391537666320801,0.6370621919631958,2.415914297103882,0.5870780944824219,2.458238363265991,0.5302240252494812,2.4983131885528564,0.48006775975227356,2.5517802238464355,0.4336382746696472,2.651179075241089,0.32333314418792725,2.7322022914886475,0.2266724407672882,2.793090343475342,0.18901707231998444,2.8437633514404297,0.2309679388999939,2.8527414798736572,0.289654403924942,