{"bimodal":false,"column_names":[""],"dimension":2,"dimension_input":0,"label":"forme3-6","data":[-1.0639121532440186,0.14167293906211853,-0.9952253699302673,-0.02911456674337387,-1.0263752937316895,0.06269318610429764,-1.0494799613952637,0.196562260389328,-1.0575836896896362,0.2782542109489441,-1.0375401973724365,0.3156132996082306,-0.9789586067199707,0.2968474328517914,-0.9245123267173767,0.2945292890071869,-0.9010285139083862,0.33856144547462463,-0.9694160223007202,0.4128555357456207,-1.0435720682144165,0.47675877809524536,-1.0838043689727783,0.5139291286468506,-1.0748196840286255,0.5917891263961792,-1.0936335325241089,0.6635313630104065,-1.1859698295593262,0.7275123000144958,-1.2596076726913452,0.8174577951431274,-1.3264851570129395,0.9191731810569763,-1.4201605319976807,1.0754735469818115,-1.501651406288147,1.1622968912124634,-1.5855720043182373,1.2057541608810425,-1.6580824851989746,1.2316458225250244,-1.7138557434082031,1.2365013360977173,-1.658524990081787,1.2005916833877563,-1.5837937593460083,1.1846593618392944,-1.491072654724121,1.1882063150405884,-1.5413029193878174,1.1861809492111206,-1.5225931406021118,1.219050645828247,-1.5192251205444336,1.3487542867660522,-1.491546392440796,1.4747555255889893,-1.4012211561203003,1.494119644165039,-1.3384760618209839,1.4779642820358276,-1.2890359163284302,1.4766845703125,-1.220845341682434,1.5497753620147705,-1.227163553237915,1.6789400577545166,-1.2429906129837036,1.8089991807937622,-1.263573169708252,1.8983389139175415,-1.2325940132141113,1.9128443002700806,-1.1949825286865234,1.8855798244476318,-1.1305067539215088,1.8280876874923706,-1.1144260168075562,1.8011419773101807,-1.1334590911865234,1.8075062036514282,-1.1623477935791016,1.883463740348816,-1.113865613937378,1.923835277557373,-1.0371500253677368,1.901383638381958,-0.8780599236488342,1.8285586833953857,-0.7269120216369629,1.7696163654327393,-0.6429055333137512,1.7687344551086426,-0.5699944496154785,1.8123464584350586,-0.5634737014770508,1.9051306247711182,-0.5773763656616211,1.949901819229126,-0.5634649991989136,1.9606345891952515,-0.4984302520751953,1.9303123950958252,-0.4710668623447418,1.943215012550354,-0.48040834069252014,1.9856528043746948,-0.5288029313087463,2.0666496753692627,-0.571264386177063,2.130704402923584,-0.6251195073127747,2.163891315460205,-0.656707227230072,2.168612480163574,-0.6569787263870239,2.170440435409546,-0.6429146528244019,2.173459768295288,-0.6613536477088928,2.203267812728882,-0.6878060698509216,2.249093532562256,-0.6908367276191711,2.2680013179779053,-0.6748606562614441,2.2493507862091064,-0.6742174625396729,2.2516586780548096,-0.7209563255310059,2.3032641410827637,-0.7467337250709534,2.335737466812134,-0.6959707140922546,2.300570487976074,-0.6380059719085693,2.264423131942749,-0.6410072445869446,2.242555856704712,-0.6093577742576599,2.196812629699707,-0.47427111864089966,2.173299789428711,-0.23431681096553802,2.09328293800354,0.011876648291945457,2.003406047821045,0.24760296940803528,1.8954352140426636,0.4139833152294159,1.8665907382965088,0.5141164064407349,1.8491169214248657,0.5841606259346008,1.7943776845932007,0.7423726916313171,1.7266535758972168,0.9026103615760803,1.679447889328003,1.041193962097168,1.6297317743301392,1.103084683418274,1.577020287513733,1.1381758451461792,1.5493237972259521,1.1838679313659668,1.5500731468200684,1.2272064685821533,1.5527297258377075,1.2571585178375244,1.5637494325637817,1.2460805177688599,1.5959571599960327,1.2198857069015503,1.6413540840148926,1.2099641561508179,1.7155920267105103,1.232365608215332,1.719685435295105,1.2742761373519897,1.6938424110412598,1.3149068355560303,1.6715099811553955,1.3195685148239136,1.6494065523147583,1.2993738651275635,1.6387618780136108,1.2675381898880005,1.6621061563491821,1.3082541227340698,1.655928134918213,1.3444297313690186,1.6319142580032349,1.3507664203643799,1.6212561130523682,1.2934248447418213,1.653412103652954,1.2864506244659424,1.7166337966918945,1.2990753650665283,1.7609277963638306,1.3604472875595093,1.7558544874191284,1.440708875656128,1.7258018255233765,1.544983148574829,1.6546965837478638,1.5729175806045532,1.595291018486023,1.5721807479858398,1.5336723327636719,1.6083552837371826,1.4994827508926392,1.6702159643173218,1.4805951118469238,1.7054202556610107,1.470780372619629,1.6897114515304565,1.4332568645477295,1.678123950958252,1.3961647748947144,1.659521222114563,1.3869547843933105,1.64021635055542,1.3901560306549072,1.6503394842147827,1.3902368545532227,1.6764185428619385,1.3475052118301392,1.7114542722702026,1.3027780055999756,1.7604410648345947,1.2666105031967163,1.792630672454834,1.247758388519287,1.8167979717254639,1.2473320960998535,1.8185311555862427,1.2202198505401611,1.82112717628479,1.1758402585983276,1.856624960899353,1.1582791805267334,1.9052602052688599,1.1981691122055054,1.917495846748352,1.230281114578247,1.9003545045852661,1.2570096254348755,1.876589059829712,1.2543449401855469,1.8549021482467651,1.2257380485534668,1.8836243152618408,1.191155195236206,1.9217065572738647,1.2067574262619019,1.9381284713745117,1.2094117403030396,1.947089433670044,1.1896573305130005,1.9798446893692017,1.1470474004745483,1.954616665840149,1.1135456562042236,1.8919285535812378,1.101250171661377,1.792063593864441,1.1418291330337524,1.6641945838928223,1.205655574798584,1.5446393489837646,1.284224271774292,1.4385533332824707,1.4368280172348022,1.309441328048706,1.6371299028396606,1.1718298196792603,1.809722661972046,1.0116727352142334,1.9271931648254395,0.853374183177948,2.0054166316986084,0.646686315536499,2.0872292518615723,0.4301733076572418,2.186105728149414,0.23219969868659973,2.286543130874634,0.0037471952382475138,2.3815016746520996,-0.23310916125774384,2.476193904876709,-0.41415470838546753,2.5505998134613037,-0.5334647297859192,2.588196277618408,-0.6307600140571594,2.6181323528289795,-0.7160739898681641,2.6405155658721924,-0.8152053356170654,2.6659610271453857,-0.9175912141799927,2.684931516647339,-1.0784363746643066,2.7157065868377686,-1.2962226867675781,2.7683491706848145,-1.4886046648025513,2.8069052696228027,-1.6087075471878052,2.8343355655670166,-1.6628690958023071,2.870789051055908,-1.7853466272354126,2.9120306968688965,-1.927262306213379,2.9471468925476074,-2.074735164642334,2.994952917098999,-2.16548752784729,3.056506872177124,-2.2192678451538086,3.1037213802337646,-2.2715413570404053,3.1282222270965576,-2.312833070755005,3.134098768234253,-2.3355002403259277,3.123631477355957,-2.3093576431274414,3.0983614921569824,-2.2245137691497803,3.0716164112091064,-2.1338610649108887,3.035737991333008,-2.0357158184051514,2.9779789447784424,-1.924802303314209,2.866913080215454,-1.7801967859268188,2.720076322555542,-1.6078492403030396,2.513629198074341,-1.4535777568817139,2.341721296310425,-1.2732378244400024,2.2053773403167725,-1.0274395942687988,2.065551280975342,-0.7878875136375427,1.944642424583435,-0.5254891514778137,1.8738899230957031,-0.31820228695869446,1.8671931028366089,-0.18987062573432922,1.823655366897583,-0.12585154175758362,1.7720006704330444,-0.05093524605035782,1.7550270557403564,0.052937980741262436,1.7616466283798218,0.17033270001411438,1.7499154806137085,0.28276440501213074,1.7270770072937012,0.34339264035224915,1.7603100538253784,0.3690252900123596,1.7980656623840332,0.3536783754825592,1.8624274730682373,0.342529833316803,1.9418761730194092,0.3433045744895935,1.9975923299789429,0.4055449962615967,2.0031096935272217,0.4700193703174591,1.9780076742172241,0.5080215930938721,1.9599121809005737,0.5451407432556152,1.9504072666168213,0.5976817607879639,1.937856912612915,0.6600307822227478,1.9280577898025513,0.7196177840232849,1.9236773252487183,0.7906376719474792,1.9007474184036255,0.8568011522293091,1.8728001117706299,0.9179633259773254,1.8960118293762207,0.9515962600708008,1.9552829265594482,0.9690453410148621,2.004476308822632,0.9964896440505981,2.0495574474334717,1.0300960540771484,2.087369441986084,1.0825493335723877,2.1103122234344482,1.1335887908935547,2.111809730529785,1.1813331842422485,2.1054913997650146,