{"bimodal":false,"column_names":[""],"dimension":2,"dimension_input":0,"label":"forme1-14","data":[-0.09028925001621246,-3.1012494564056396,-0.05907314270734787,3.4333443641662598,0.7523977160453796,3.1777126789093018,2.367077589035034,3.117480993270874,3.033572196960449,1.522459864616394,3.176161527633667,0.5190383791923523,3.7432749271392822,-0.41146308183670044,3.1563608646392822,-0.4839557707309723,3.0514848232269287,-0.3325607180595398,3.094180107116699,-0.27115610241889954,3.1285085678100586,-0.23110386729240417,3.0955326557159424,-0.26992297172546387,3.687023162841797,-0.0718245878815651,3.0392208099365234,-0.1691589057445526,3.569202423095703,-0.27126431465148926,3.222031354904175,-0.18617656826972961,3.6627352237701416,-0.7729647159576416,3.0814781188964844,-1.0890222787857056,3.368750810623169,-2.2742533683776855,1.3987730741500854,-3.0682759284973145,0.29225045442581177,-3.036081075668335,-2.100572109222412,-3.2681565284729004,-2.1107771396636963,-3.0431649684906006,-1.4071111679077148,-3.0268919467926025,-0.005084571428596973,-3.2339894771575928,1.5397495031356812,-3.3665812015533447,1.6373181343078613,-3.627933979034424,0.8292731046676636,-3.398102045059204,0.12485106289386749,-3.420212507247925,-0.44640880823135376,-3.2639167308807373,-1.9714988470077515,-3.1344449520111084,-2.917628526687622,-3.2926535606384277,-2.263608932495117,-3.2726035118103027,-1.1039437055587769,-3.1374967098236084,-1.4885152578353882,-3.474755048751831,-1.2350486516952515,-3.16188383102417,-1.4870243072509766,-3.0433216094970703,-0.9876562356948853,-3.207435131072998,-1.761460304260254,-3.4818875789642334,-1.3843694925308228,-3.458981513977051,-0.9239500164985657,-3.1429176330566406,0.9913385510444641,-3.0621564388275146,3.3582468032836914,-2.7697081565856934,3.2414286136627197,-2.2168920040130615,3.3315720558166504,-1.8367842435836792,3.4017581939697266,-1.2889220714569092,3.68021559715271,-1.5338319540023804,3.643380880355835,-1.231765627861023,3.9668068885803223,-1.0566462278366089,3.6790828704833984,-0.814420223236084,3.3811919689178467,-0.30609238147735596,3.4062516689300537,0.15392586588859558,3.611248016357422,1.018641710281372,3.533372402191162,1.846962809562683,3.155644178390503,1.5079376697540283,3.727417469024658,1.8285365104675293,3.1839890480041504,1.4994102716445923,3.4067211151123047,1.282662272453308,3.520996570587158,1.0043708086013794,3.745972156524658,0.9390007257461548,3.6973049640655518,0.9316795468330383,3.3931379318237305,1.1109813451766968,3.7412900924682617,1.041293978691101,3.715031147003174,1.0433619022369385,3.4105265140533447,1.1802070140838623,3.628998279571533,1.1260344982147217,3.6903717517852783,1.0812052488327026,3.4304230213165283,1.2413338422775269,3.3655197620391846,1.331033706665039,3.2917349338531494,1.3861626386642456,3.293858766555786,1.536932110786438,3.2325594425201416,1.5528441667556763,3.1966967582702637,1.499792218208313,3.6429402828216553,2.3361196517944336,3.2483086585998535,2.842409610748291,2.4680752754211426,3.372638463973999,1.5503548383712769,3.07021164894104,1.0127441883087158,3.2104740142822266,0.47750216722488403,3.4023354053497314,0.32224684953689575,3.52272629737854,0.348982036113739,3.4193520545959473,0.2208130955696106,3.4312474727630615,-0.009967255406081676,3.658775806427002,-0.1639096736907959,3.4075980186462402,0.4898061156272888,3.1043286323547363,-0.19612976908683777,3.016004800796509,-0.5337244868278503,3.0383944511413574,-0.9195085167884827,3.0799152851104736,-0.8680923581123352,3.091852903366089,-1.6366976499557495,3.3784966468811035,-1.9354126453399658,3.0041370391845703,-3.22283673286438,0.5957746505737305,-1.9046871662139893,-3.2484028339385986,-1.620222568511963,-3.3977487087249756,-2.1534736156463623,-3.362553596496582,-2.679645299911499,-3.008296489715576,-3.259394407272339,-2.072549343109131,-3.2254536151885986,-2.0263776779174805,-3.4222185611724854,-2.6798152923583984,-3.2702298164367676,-2.2658801078796387,-3.3225655555725098,-2.2174837589263916,-3.000627279281616,-2.3905224800109863,-3.3392319679260254,-1.8328057527542114,-3.3099775314331055,-1.870948076248169,-3.1939971446990967,-1.8129630088806152,-3.488001823425293,-2.485283613204956,-3.307586669921875,-2.272146701812744,-3.251925468444824,-2.4247615337371826,-3.245267391204834,-2.223022937774658,-3.1113719940185547,-1.4957668781280518,-0.7503860592842102,3.013801097869873,0.3129456043243408,3.5601701736450195,0.6917622089385986,3.3951685428619385,1.9583545923233032,3.55726957321167,2.5996901988983154,3.5977039337158203,3.291177749633789,3.3567304611206055,3.021780014038086,2.84224534034729,3.2621283531188965,2.6578989028930664,3.247506856918335,3.3923254013061523,2.0014710426330566,3.2717511653900146,2.160712242126465,3.1034963130950928,2.015188694000244,3.1435680389404297,2.234919786453247,3.0435445308685303,2.426713228225708,3.469012498855591,2.857454299926758,3.3575439453125,2.45912504196167,3.2548930644989014,2.157073497772217,3.512824773788452,2.4172942638397217,3.1465017795562744,2.7166748046875,3.0319626331329346,3.2815489768981934,3.425243377685547,3.3913259506225586,2.9068171977996826,3.669800043106079,1.5814783573150635,3.485720634460449,0.6541885733604431,3.547693967819214,0.7106398344039917,3.850165605545044,0.16851256787776947,3.786640167236328,0.07122822105884552,3.4248316287994385,0.1517128050327301,3.725447654724121,-0.2173646092414856,3.7482643127441406,-0.5144890546798706,3.62127685546875,-0.8333346843719482,3.5251212120056152,-0.6804193258285522,3.8112363815307617,-0.9822950959205627,3.555737018585205,-0.9716652035713196,3.5412962436676025,-0.8828491568565369,3.686276912689209,-1.1138242483139038,3.7938568592071533,-1.308593511581421,3.5868542194366455,-1.2411092519760132,3.4910566806793213,-1.1612085103988647,3.2456231117248535,-1.1473305225372314,3.1374621391296387,-1.256535291671753,3.2011218070983887,-1.4339208602905273,3.5208942890167236,-1.9258196353912354,3.2167952060699463,-2.224325180053711,3.0412914752960205,-2.690791368484497,2.358344316482544,-3.277277946472168,0.7050715088844299,-3.4225547313690186,-2.961552858352661,-3.126404047012329,-3.3102121353149414,-2.451702117919922,-3.3012993335723877,-0.7799225449562073,-3.206599473953247,-1.6378333568572998,-3.0079030990600586,-1.383144497871399,-3.0139598846435547,-2.9249560832977295,-3.044569730758667,-3.393106698989868,-2.7471468448638916,-3.1560094356536865,-2.158994674682617,-3.189692497253418,-2.0798611640930176,-3.4270291328430176,-0.7390255331993103,-3.1231508255004883,-0.48980602622032166,-3.123215675354004,0.16412100195884705,-3.412147045135498,0.2263161838054657,-3.6318655014038086,0.04119288921356201,-3.4621706008911133,0.37985315918922424,-3.745252847671509,-0.19126202166080475,-3.518812894821167,-0.05495839938521385,-3.635071277618408,0.20507247745990753,-3.5903239250183105,0.2978588342666626,-3.5210330486297607,0.6003027558326721,-3.5950608253479004,0.6260228753089905,-3.7540407180786133,0.6697162389755249,-3.134782314300537,0.6488537788391113,-3.171085834503174,0.6460060477256775,-3.23176646232605,0.4053739607334137,-3.687997341156006,0.5716108083724976,-3.110684394836426,0.845902681350708,-3.066969394683838,0.8861473798751831,-3.0023789405822754,0.8484243750572205,-3.1585466861724854,0.8489607572555542,-3.0745763778686523,0.7677696347236633,-3.112517833709717,0.5958367586135864,-3.121938943862915,0.31754472851753235,-3.153960943222046,0.363986074924469,-3.1004860401153564,-0.073185995221138,-3.235849142074585,-1.6879868507385254,-3.1226208209991455,-2.488750457763672,-3.065319776535034,-2.5544445514678955,-3.2313990592956543,-3.1750848293304443,-3.014324188232422,-3.513960838317871,-2.985098123550415,-3.027182102203369,-2.3681178092956543,-3.069181203842163,-2.2267098426818848,-3.312028646469116,-2.079231023788452,-3.977257490158081,-1.4005893468856812,-3.3341927528381348,-0.7623710632324219,-3.5179131031036377,-0.49163761734962463,-3.1527392864227295,-0.6883426904678345,-3.1599278450012207,-0.7216870188713074,-3.3824498653411865,