{"bimodal":false,"column_names":[""],"dimension":2,"dimension_input":0,"label":"forme3-4","data":[-0.6288807392120361,0.16523441672325134,-0.5665634870529175,0.039291102439165115,-0.5732436180114746,-0.039537686854600906,-0.7286849617958069,0.05542449280619621,-0.8550621271133423,0.13187220692634583,-0.9706714749336243,0.27359285950660706,-1.0606833696365356,0.3656511902809143,-1.1278049945831299,0.4470917582511902,-1.1692405939102173,0.48720213770866394,-1.1641217470169067,0.4815473258495331,-1.1766520738601685,0.4883629381656647,-1.2261735200881958,0.5249601006507874,-1.3285146951675415,0.594871461391449,-1.4164365530014038,0.6537359356880188,-1.4793411493301392,0.7059191465377808,-1.4601848125457764,0.7307244539260864,-1.4053572416305542,0.6998891830444336,-1.3601570129394531,0.6729738116264343,-1.2993849515914917,0.6687542796134949,-1.2452991008758545,0.6810822486877441,-1.2234208583831787,0.7360919713973999,-1.2508927583694458,0.8013227581977844,-1.2748196125030518,0.860689103603363,-1.2458240985870361,0.8920015096664429,-1.1390645503997803,0.868431031703949,-0.980660080909729,0.8325613737106323,-0.7117552161216736,0.816494882106781,-0.4485915005207062,0.8635430932044983,-0.25898733735084534,0.93086177110672,-0.18427512049674988,0.9813547730445862,-0.0691581591963768,0.9765558242797852,0.10332156717777252,0.9283790588378906,0.2879122495651245,0.8980821371078491,0.4643367826938629,0.8909400105476379,0.6130425333976746,0.9467779994010925,0.7206525206565857,1.002709150314331,0.7371535897254944,1.0320320129394531,0.7569071650505066,1.0354557037353516,0.7850484251976013,1.0574144124984741,0.7853543162345886,1.0960845947265625,0.701485276222229,1.1581915616989136,0.6209833025932312,1.2539963722229004,0.5829768180847168,1.3542267084121704,0.6001756191253662,1.4545108079910278,0.5448890328407288,1.500651478767395,0.460323303937912,1.5052293539047241,0.3618014454841614,1.5134906768798828,0.2649877965450287,1.5519615411758423,0.127487912774086,1.618680715560913,-0.03447045758366585,1.7085858583450317,-0.16107776761054993,1.800099492073059,-0.23540470004081726,1.8669236898422241,-0.3130757212638855,1.8813663721084595,-0.47206735610961914,1.9460221529006958,-0.6373773217201233,2.013676643371582,-0.7733554840087891,2.055428981781006,-0.8567586541175842,2.080493211746216,-0.931998074054718,2.1074395179748535,-1.0370433330535889,2.171912670135498,-1.142533302307129,2.233950614929199,-1.2305177450180054,2.2791545391082764,-1.2971765995025635,2.332965612411499,-1.3123981952667236,2.35172700881958,-1.3049602508544922,2.3309693336486816,-1.2793396711349487,2.2997310161590576,-1.2684825658798218,2.28671932220459,-1.2881907224655151,2.322477340698242,-1.3592456579208374,2.359612226486206,-1.4128888845443726,2.3855607509613037,-1.4316486120224,2.3924965858459473,-1.399856686592102,2.372561454772949,-1.3651801347732544,2.347788095474243,-1.358113169670105,2.327387571334839,-1.409363031387329,2.3437507152557373,-1.447149395942688,2.3813626766204834,-1.4731515645980835,2.4039549827575684,-1.4876197576522827,2.4228639602661133,-1.4543724060058594,2.41344952583313,-1.3835687637329102,2.363018751144409,-1.3213826417922974,2.3095922470092773,-1.3736956119537354,2.376321792602539,-1.4275845289230347,2.433271646499634,-1.4333914518356323,2.3784801959991455,-1.4069116115570068,2.293513298034668,-1.3275562524795532,2.2287020683288574,-1.3201137781143188,2.21889591217041,-1.365102767944336,2.262294054031372,-1.4624437093734741,2.339745044708252,-1.519358515739441,2.3592445850372314,-1.5208051204681396,2.357656955718994,-1.474073886871338,2.2824811935424805,-1.4120584726333618,2.189713716506958,-1.387479543685913,2.131913185119629,-1.381687045097351,2.067033529281616,-1.3873428106307983,2.0037996768951416,-1.3741036653518677,1.9164888858795166,-1.3618385791778564,1.8699709177017212,-1.3643566370010376,1.9162613153457642,-1.3978688716888428,1.9543254375457764,-1.44209885597229,1.9795236587524414,-1.5082467794418335,1.9713516235351562,-1.4995746612548828,1.9492199420928955,-1.4519089460372925,1.9021310806274414,-1.403664231300354,1.877233624458313,-1.3839694261550903,1.8838292360305786,-1.4059315919876099,1.8942937850952148,-1.4230512380599976,1.8959128856658936,-1.421576738357544,1.839736819267273,-1.4242112636566162,1.8026198148727417,-1.4472928047180176,1.799789547920227,-1.4589248895645142,1.814751148223877,-1.4591882228851318,1.8222696781158447,-1.4880726337432861,1.8281947374343872,-1.525273084640503,1.852285385131836,-1.5712097883224487,1.9140493869781494,-1.5944797992706299,1.9724229574203491,-1.6045207977294922,2.0187807083129883,-1.616772174835205,2.0219979286193848,-1.5969349145889282,2.008413553237915,-1.5717743635177612,1.98582923412323,-1.552647590637207,2.012831449508667,-1.482036828994751,1.9876270294189453,-1.4210166931152344,1.9484792947769165,-1.3940964937210083,1.9205738306045532,-1.3981143236160278,1.9195964336395264,-1.4296928644180298,1.9425082206726074,-1.461706519126892,1.985121250152588,-1.4577713012695312,2.0205118656158447,-1.4499393701553345,2.103466749191284,-1.3691638708114624,2.210983991622925,-1.2548869848251343,2.221179246902466,-1.2037620544433594,2.154386520385742,-1.282901406288147,1.9890754222869873,-1.414737582206726,1.778585433959961,-1.5397570133209229,1.566569209098816,-1.6743180751800537,1.3630311489105225,-1.8007111549377441,1.1822772026062012,-1.9151877164840698,1.0435163974761963,-1.9765801429748535,0.8965266346931458,-1.9945216178894043,0.6895503997802734,-2.0238373279571533,0.48806193470954895,-2.085280656814575,0.2744842767715454,-2.1484100818634033,0.09959811717271805,-2.1797022819519043,-0.00835686456412077,-2.194679021835327,-0.08021849393844604,-2.2087297439575195,-0.14247015118598938,-2.22479248046875,-0.243018239736557,-2.214799642562866,-0.34240052103996277,-2.188967227935791,-0.4206136465072632,-2.181607246398926,-0.5551835298538208,-2.2115120887756348,-0.6448502540588379,-2.2892746925354004,-0.6848611235618591,-2.3627452850341797,-0.7185297608375549,-2.399991035461426,-0.7643923163414001,-2.4343912601470947,-0.8308402895927429,-2.462782382965088,-0.8920996189117432,-2.4647371768951416,-0.9515749216079712,-2.465054512023926,-0.9876272082328796,-2.486973762512207,-1.007393717765808,-2.5218071937561035,-1.0174378156661987,-2.55004620552063,-1.0227097272872925,-2.5496315956115723,-1.0317264795303345,-2.5101404190063477,-1.07036292552948,-2.4635226726531982,-1.1167100667953491,-2.4129035472869873,-1.1847466230392456,-2.325005054473877,-1.258030652999878,-2.2375383377075195,-1.3132308721542358,-2.1259007453918457,-1.3864238262176514,-2.0206384658813477,-1.4551860094070435,-1.9003864526748657,-1.4948476552963257,-1.7627605199813843,-1.5710420608520508,-1.559875249862671,-1.6208906173706055,-1.3201394081115723,-1.6513396501541138,-1.114759087562561,-1.6667189598083496,-0.9657806158065796,-1.6941574811935425,-0.8502031564712524,-1.747645616531372,-0.7510781288146973,-1.7853777408599854,-0.6859113574028015,-1.8127435445785522,-0.6547918319702148,-1.8457956314086914,-0.5810627937316895,-1.8795666694641113,-0.4879792332649231,-1.9171881675720215,-0.3718787431716919,-1.9654234647750854,-0.25261297821998596,-2.017561674118042,-0.15106438100337982,-2.059187173843384,-0.06721893697977066,-2.074294090270996,-0.011326814070343971,-2.080615758895874,0.028530485928058624,-2.074749708175659,0.062012847512960434,-2.0446879863739014,0.09743214398622513,-2.015136241912842,0.18017776310443878,-2.0301260948181152,0.26034724712371826,-2.0602986812591553,0.3331897258758545,-2.0694570541381836,0.3510521352291107,-2.069666862487793,0.3431524932384491,-2.0628912448883057,0.3287917971611023,-2.01933217048645,0.31565845012664795,-1.9824990034103394,0.30353355407714844,-1.9862996339797974,0.32011711597442627,-1.9999630451202393,0.3442824184894562,-2.0123291015625,0.3503713607788086,-2.0073046684265137,0.31011566519737244,-1.9896233081817627,0.29228565096855164,-1.9802796840667725,0.32481345534324646,-1.9879636764526367,0.3545743227005005,-2.00663161277771,