{"bimodal":false,"column_names":[""],"dimension":2,"dimension_input":0,"label":"forme3-4","data":[0.28086936473846436,0.5219202637672424,-0.06512799859046936,0.7384213805198669,-0.2981599271297455,0.8986756801605225,-0.45197486877441406,1.017722249031067,-0.5455141067504883,1.117120385169983,-0.6797758340835571,1.2568358182907104,-0.8422394394874573,1.434782862663269,-0.9942724704742432,1.6972421407699585,-1.036287784576416,1.7942196130752563,-1.0450992584228516,1.804347038269043,-1.0443227291107178,1.800180196762085,-1.0996795892715454,1.8055555820465088,-1.1922380924224854,1.878925085067749,-1.266200304031372,1.937123417854309,-1.2791060209274292,2.035184144973755,-1.2763538360595703,2.063246488571167,-1.2643296718597412,2.0473577976226807,-1.2917789220809937,2.0283830165863037,-1.3443071842193604,2.0858964920043945,-1.3847967386245728,2.1353254318237305,-1.4013941287994385,2.1455445289611816,-1.4034688472747803,2.1805813312530518,-1.4152458906173706,2.2224574089050293,-1.4364807605743408,2.2349324226379395,-1.4578315019607544,2.2167346477508545,-1.4716163873672485,2.1733345985412598,-1.466168999671936,2.154052257537842,-1.457545518875122,2.164238929748535,-1.4487773180007935,2.1719861030578613,-1.4533151388168335,2.1680097579956055,-1.4524707794189453,2.1771180629730225,-1.4231089353561401,2.1711623668670654,-1.3642158508300781,2.1219229698181152,-1.305256962776184,2.0788393020629883,-1.2645518779754639,2.0572011470794678,-1.2462486028671265,2.049518346786499,-1.220333218574524,2.077084541320801,-1.1729892492294312,2.069100856781006,-1.1114001274108887,2.004462242126465,-1.0373573303222656,1.9665567874908447,-0.9769428372383118,1.9510047435760498,-0.9374729990959167,1.9384673833847046,-0.9142688512802124,1.9272055625915527,-0.9077677130699158,1.9602313041687012,-0.8818234801292419,2.0043509006500244,-0.8530277013778687,2.028977870941162,-0.7911037802696228,1.9902373552322388,-0.6733285188674927,1.9024269580841064,-0.562749445438385,1.8182553052902222,-0.5742048621177673,1.772818684577942,-0.6112892627716064,1.7821409702301025,-0.5980206727981567,1.8136950731277466,-0.5569778680801392,1.8274657726287842,-0.5386697053909302,1.8160971403121948,-0.5596935153007507,1.7860665321350098,-0.6058395504951477,1.7994157075881958,-0.6558094024658203,1.838015079498291,-0.7255551218986511,1.8819464445114136,-0.7864048480987549,1.9086852073669434,-0.8302412033081055,1.9342681169509888,-0.8709783554077148,1.9459753036499023,-0.8678816556930542,1.918331265449524,-0.8496421575546265,1.858819603919983,-0.8611220121383667,1.814254641532898,-0.9636567831039429,1.8585474491119385,-1.013282060623169,1.965560793876648,-1.0080324411392212,2.0112557411193848,-0.9948506951332092,2.0507023334503174,-1.0333268642425537,2.0915870666503906,-1.0774624347686768,2.10835337638855,-1.084106683731079,2.1336216926574707,-1.0818194150924683,2.1487395763397217,-1.0616286993026733,2.117356777191162,-1.0470279455184937,2.087634325027466,-1.0579010248184204,2.067507743835449,-1.0928558111190796,2.044832706451416,-1.1183723211288452,2.0349292755126953,-1.115486741065979,2.0351338386535645,-1.1040208339691162,2.063771963119507,-1.109473466873169,2.075573682785034,-1.126336932182312,2.074552297592163,-1.1287552118301392,2.0769834518432617,-1.140289306640625,2.071984052658081,-1.1603069305419922,2.0643739700317383,-1.1802033185958862,2.0735232830047607,-1.187151312828064,2.0965824127197266,-1.1564137935638428,2.0987627506256104,-1.141221523284912,2.077548027038574,-1.175557017326355,2.0278306007385254,-1.2485336065292358,2.032010316848755,-1.3338226079940796,2.116572856903076,-1.3679791688919067,2.2366418838500977,-1.436707854270935,2.2197368144989014,-1.562246322631836,2.0475831031799316,-1.6854162216186523,1.8537441492080688,-1.8045707941055298,1.6319047212600708,-1.895933985710144,1.4391248226165771,-1.986324667930603,1.253678560256958,-2.0483756065368652,1.0664523839950562,-2.193617582321167,0.8805621266365051,-2.340083599090576,0.7354258298873901,-2.4549999237060547,0.6205430626869202,-2.5745606422424316,0.5594772696495056,-2.682743787765503,0.5556413531303406,-2.770271062850952,0.5746846199035645,-2.8394510746002197,0.5868088006973267,-2.89150333404541,0.5884937644004822,-2.928420066833496,0.5672818422317505,-2.933709144592285,0.5620203614234924,-2.9142215251922607,0.5745899081230164,-2.91628360748291,0.5833349823951721,-2.904292583465576,0.5435131192207336,-2.871781587600708,0.488021582365036,-2.8220834732055664,0.44827911257743835,-2.7882721424102783,0.4140068292617798,-2.7880637645721436,0.3767040967941284,-2.810276746749878,0.3730715215206146,-2.8441312313079834,0.3944701552391052,-2.895826578140259,0.3815055191516876,-2.9224472045898438,0.349785178899765,-2.9243624210357666,0.32268211245536804,-2.9250333309173584,0.280748188495636,-2.916675567626953,0.24646256864070892,-2.8994147777557373,0.2397880256175995,-2.894113302230835,0.24559521675109863,-2.891932249069214,0.25844138860702515,-2.873307704925537,0.20727641880512238,-2.8515872955322266,0.11453954130411148,-2.7975945472717285,-0.019033385440707207,-2.7338337898254395,-0.10693749785423279,-2.6828536987304688,-0.17758432030677795,-2.5658364295959473,-0.39776983857154846,-2.4507052898406982,-0.5140618085861206,-2.344618082046509,-0.6102889776229858,-2.2687435150146484,-0.6872202157974243,-2.1962571144104004,-0.7569908499717712,-2.0989787578582764,-0.8645893335342407,-1.9959319829940796,-0.9659503698348999,-1.877462387084961,-1.072636604309082,-1.786009669303894,-1.1890056133270264,-1.687183141708374,-1.293026328086853,-1.526044487953186,-1.4576685428619385,-1.367152214050293,-1.6669764518737793,-1.2101634740829468,-1.8189585208892822,-1.0806024074554443,-1.9335871934890747,-0.9593079686164856,-2.0376808643341064,-0.8163118362426758,-2.184401750564575,-0.6374398469924927,-2.3596255779266357,-0.5331442952156067,-2.4695169925689697,-0.47061458230018616,-2.5210673809051514,-0.434223473072052,-2.5494911670684814,-0.3910386860370636,-2.598801612854004,-0.3525576889514923,-2.6218605041503906,-0.32761675119400024,-2.637741804122925,-0.30970853567123413,-2.668006420135498,-0.27045896649360657,-2.6879918575286865,-0.2268459051847458,-2.6885342597961426,-0.20150351524353027,-2.683049440383911,-0.1728077083826065,-2.686704397201538,-0.1445288509130478,-2.68748140335083,-0.12045005708932877,-2.697951078414917,-0.08405229449272156,-2.709794282913208,-0.03599676117300987,-2.73126482963562,0.005120231304317713,-2.743722915649414,0.022632449865341187,-2.7366483211517334,0.0600275993347168,-2.7314534187316895,0.1264636367559433,-2.7700939178466797,0.17721645534038544,-2.7928781509399414,0.24029812216758728,-2.8231735229492188,0.35662153363227844,-2.9069442749023438,0.4556094706058502,-2.989283800125122,0.547930121421814,-3.0541858673095703,0.6026420593261719,-3.0452537536621094,0.5872891545295715,-2.9921376705169678,0.6668779850006104,-2.953202486038208,0.7673619389533997,-2.9611716270446777,0.8508382439613342,-2.95676326751709,0.9042914509773254,-2.928729295730591,0.9419792890548706,-2.918715000152588,0.9398963451385498,-2.927280902862549,1.028969407081604,-2.938443422317505,1.1526448726654053,-2.9699151515960693,1.279667615890503,-3.0307021141052246,1.3745516538619995,-3.06477689743042,1.4408676624298096,-3.0807600021362305,1.4970102310180664,-3.089752674102783,1.5402684211730957,-3.1138756275177,1.5932453870773315,-3.130697727203369,1.6657363176345825,-3.139975070953369,1.7100061178207397,-3.1462581157684326,1.7103800773620605,-3.147426128387451,1.6848691701889038,-3.114135980606079,1.6344627141952515,-3.0744221210479736,1.5456228256225586,-3.027087450027466,1.4602888822555542,-3.002488374710083,1.392482876777649,-2.9770090579986572,1.3588424921035767,-2.944779872894287,1.3241257667541504,-2.924595594406128,1.2425496578216553,-2.88498592376709,1.1600043773651123,-2.805468797683716,1.106850266456604,-2.744469165802002,1.0902024507522583,-2.7305984497070312,0.9764329791069031,-2.669207811355591,0.7956234812736511,-2.5747182369232178,