{"bimodal":false,"column_names":[""],"dimension":2,"dimension_input":0,"label":"forme3-4","data":[-1.05625581741333,0.7298879027366638,-1.1039187908172607,0.7649446725845337,-1.0218745470046997,0.6454557180404663,-0.8787575960159302,0.5070800185203552,-0.7623834013938904,0.4328407049179077,-0.6892316937446594,0.44848740100860596,-0.7793203592300415,0.504710853099823,-0.7847849726676941,0.5559788942337036,-0.7801017165184021,0.5927163362503052,-0.7449533939361572,0.6050298810005188,-0.6539681553840637,0.5797756910324097,-0.5692769885063171,0.5228257179260254,-0.5225463509559631,0.48071253299713135,-0.5360502600669861,0.5312541127204895,-0.593788206577301,0.6500076055526733,-0.6911583542823792,0.7138746976852417,-0.7689833045005798,0.7645841836929321,-0.7149941325187683,0.7429935336112976,-0.6824308633804321,0.6961267590522766,-0.5639126300811768,0.7398194074630737,-0.47416454553604126,0.8597551584243774,-0.6577426195144653,0.7731459736824036,-0.706076979637146,0.7352600693702698,-0.7087543606758118,0.7180240750312805,-0.729517936706543,0.7139495611190796,-0.7295112609863281,0.7397692203521729,-0.7269173264503479,0.7838633060455322,-0.683570384979248,0.88960862159729,-0.659170925617218,0.9323558807373047,-0.6283270716667175,0.9254414439201355,-0.5654934048652649,0.8850923180580139,-0.4965313673019409,0.8601546883583069,-0.4427127540111542,0.8296337723731995,-0.374087393283844,0.8244604468345642,-0.2990557849407196,0.8559219837188721,-0.230418860912323,0.910229504108429,-0.1593886911869049,0.9567735195159912,-0.09831152856349945,0.9799850583076477,-0.029830625280737877,0.9591676592826843,0.02502625063061714,0.9176054000854492,0.04580599069595337,0.8917441368103027,-0.004135384224355221,0.9411464929580688,-0.0813688263297081,1.045263648033142,-0.15137599408626556,1.1055231094360352,-0.19362273812294006,1.0616265535354614,-0.20645830035209656,1.1021490097045898,-0.22638903558254242,1.066001534461975,-0.2897838354110718,1.0800963640213013,-0.3531314432621002,1.0949872732162476,-0.4184646010398865,1.070772409439087,-0.46423277258872986,1.0599796772003174,-0.4817322790622711,1.0652093887329102,-0.4567079246044159,1.0842950344085693,-0.4371633231639862,1.1192127466201782,-0.4568202495574951,1.1622260808944702,-0.53701251745224,1.2368593215942383,-0.6196364164352417,1.3083744049072266,-0.7287541627883911,1.3834559917449951,-0.8382881283760071,1.4323424100875854,-0.9221886992454529,1.4593549966812134,-1.0206979513168335,1.5091791152954102,-1.1312118768692017,1.5567020177841187,-1.290797233581543,1.5932526588439941,-1.3996832370758057,1.6009033918380737,-1.4587796926498413,1.604860782623291,-1.4311516284942627,1.6094504594802856,-1.3768060207366943,1.5983742475509644,-1.3333112001419067,1.5700784921646118,-1.3324922323226929,1.569602370262146,-1.3466050624847412,1.5886304378509521,-1.3882482051849365,1.6128023862838745,-1.400307536125183,1.611862301826477,-1.384764313697815,1.5927727222442627,-1.343912959098816,1.5536574125289917,-1.2864539623260498,1.5272808074951172,-1.229567289352417,1.5149480104446411,-1.1960132122039795,1.5491056442260742,-1.1664185523986816,1.6068103313446045,-1.1821755170822144,1.696081519126892,-1.1711421012878418,1.7288851737976074,-1.136794924736023,1.7205239534378052,-1.099838137626648,1.7107750177383423,-0.9945220351219177,1.7071278095245361,-0.863163411617279,1.693228006362915,-0.6733250021934509,1.6294224262237549,-0.5290103554725647,1.626241683959961,-0.43222129344940186,1.6568257808685303,-0.32896295189857483,1.692040205001831,-0.23893485963344574,1.701032042503357,-0.14793634414672852,1.6662547588348389,-0.05341936647891998,1.5957895517349243,0.04541974887251854,1.5367510318756104,0.18190594017505646,1.5855008363723755,0.2788238227367401,1.6213481426239014,0.3373682498931885,1.6165498495101929,0.3760948181152344,1.5981833934783936,0.39395973086357117,1.5730161666870117,0.3622450828552246,1.5695358514785767,0.31259259581565857,1.588971495628357,0.2708611488342285,1.6158632040023804,0.20665830373764038,1.6482311487197876,0.1219201534986496,1.6955914497375488,-0.015572335571050644,1.7752113342285156,-0.15720915794372559,1.81490957736969,-0.28525951504707336,1.8241389989852905,-0.3307757079601288,1.7914793491363525,-0.36097776889801025,1.7859615087509155,-0.3989788293838501,1.8164541721343994,-0.4958200454711914,1.8955678939819336,-0.572152316570282,1.951499342918396,-0.6273524761199951,1.9919365644454956,-0.6289774775505066,2.02231764793396,-0.6010823845863342,2.0039234161376953,-0.6314436793327332,1.9570326805114746,-0.8182909488677979,1.9577525854110718,-0.9867272973060608,1.961390495300293,-1.0913383960723877,1.9627101421356201,-1.1743097305297852,1.9635549783706665,-1.163810133934021,1.9782253503799438,-1.137753963470459,1.9653009176254272,-1.1082067489624023,1.9540640115737915,-1.0566898584365845,1.9592758417129517,-0.968597412109375,1.9608732461929321,-0.8874003291130066,1.951428771018982,-0.845971405506134,1.9316357374191284,-0.8211769461631775,1.9104734659194946,-0.8527736663818359,1.900443196296692,-0.9125178456306458,1.9089542627334595,-0.9644240736961365,1.902690052986145,-1.0043874979019165,1.8780876398086548,-1.0251364707946777,1.8761060237884521,-1.0451931953430176,1.8837305307388306,-1.089223027229309,1.8912264108657837,-1.125398874282837,1.909571647644043,-1.153958797454834,2.000539779663086,-1.1795963048934937,2.114133358001709,-1.1783486604690552,2.153474807739258,-1.2189666032791138,2.1022956371307373,-1.280835747718811,1.9883514642715454,-1.3463369607925415,1.893955111503601,-1.438989520072937,1.795597791671753,-1.641797423362732,1.6761093139648438,-1.7098630666732788,1.5800364017486572,-1.775571346282959,1.5236945152282715,-1.8357996940612793,1.4797296524047852,-1.9033203125,1.4283653497695923,-1.983975887298584,1.330036997795105,-2.0513644218444824,1.237379789352417,-2.1266634464263916,1.1746246814727783,-2.1943936347961426,1.1681491136550903,-2.259453296661377,1.1666032075881958,-2.29936146736145,1.165162444114685,-2.3378398418426514,1.14375901222229,-2.3466813564300537,1.0675700902938843,-2.3533506393432617,0.9915034174919128,-2.397749900817871,0.9270064234733582,-2.46148943901062,0.9207482933998108,-2.513270616531372,0.9267623424530029,-2.567652940750122,0.9126396775245667,-2.598787307739258,0.9007055759429932,-2.610405921936035,0.8820927143096924,-2.569382905960083,0.8489039540290833,-2.5032904148101807,0.8037140965461731,-2.4151744842529297,0.6734824180603027,-2.3295483589172363,0.5505703687667847,-2.259392023086548,0.43457281589508057,-2.199810028076172,0.3136824667453766,-2.1263537406921387,0.17842191457748413,-2.0731425285339355,0.028003934770822525,-2.0604279041290283,-0.13642185926437378,-2.0576815605163574,-0.23129871487617493,-2.0246245861053467,-0.3048408031463623,-2.0005712509155273,-0.3724842369556427,-2.0188512802124023,-0.46792498230934143,-2.0443358421325684,-0.5754316449165344,-2.0436289310455322,-0.6653576493263245,-2.0116143226623535,-0.7654615044593811,-1.9814265966415405,-0.872194230556488,-1.9506908655166626,-0.9661261439323425,-1.9261863231658936,-1.0413237810134888,-1.8664861917495728,-1.0857709646224976,-1.8092774152755737,-1.1460371017456055,-1.7626780271530151,-1.2314687967300415,-1.7349979877471924,-1.3156253099441528,-1.7290501594543457,-1.4017635583877563,-1.7149766683578491,-1.4607374668121338,-1.7035481929779053,-1.504709243774414,-1.6384618282318115,-1.547287106513977,-1.5743964910507202,-1.5867551565170288,-1.5164754390716553,-1.6311184167861938,-1.4854761362075806,-1.650317668914795,-1.4933899641036987,-1.62236487865448,-1.5013303756713867,-1.6082371473312378,-1.4795879125595093,-1.6065858602523804,-1.3938953876495361,-1.6542502641677856,-1.3103487491607666,-1.7182962894439697,-1.2674258947372437,-1.7568162679672241,-1.2799537181854248,-1.7491503953933716,-1.3022079467773438,-1.7388465404510498,-1.2645834684371948,-1.7536836862564087,-1.1160879135131836,-1.8265700340270996,-0.9482535123825073,-1.8942914009094238,-0.7456591725349426,-1.9702885150909424,-0.5424689650535583,