{"bimodal":false,"column_names":[""],"dimension":2,"dimension_input":0,"label":"forme1-2","data":[2.237273693084717,-10.312727928161621,-6.124886512756348,-10.577312469482422,-2.182265043258667,-10.292389869689941,-1.3610999584197998,-10.101061820983887,-0.18471482396125793,-10.592769622802734,1.9257715940475464,-10.832554817199707,2.9525105953216553,-10.146717071533203,3.08296275138855,-10.404651641845703,2.2832095623016357,-10.5423583984375,-0.7716935276985168,-11.004707336425781,-7.01995325088501,-10.482046127319336,-11.245672225952148,-3.3961822986602783,-11.36413860321045,-2.031114101409912,-11.081787109375,-0.6845237016677856,-11.726400375366211,-0.30359211564064026,-11.931201934814453,-0.13076822459697723,-10.04090690612793,0.016445446759462357,-11.91129207611084,0.10912702232599258,-10.38508415222168,-2.22786808013916,-11.246541023254395,-3.7759199142456055,-11.280572891235352,-3.5109119415283203,-11.218819618225098,-3.79487681388855,-11.647470474243164,-3.175016164779663,-10.609970092773438,-1.9047268629074097,-11.458316802978516,-1.1377946138381958,-12.047320365905762,-0.8375891447067261,-10.797964096069336,-0.027439210563898087,-10.945182800292969,0.3667614161968231,-10.974947929382324,0.922515869140625,-10.964593887329102,1.7967171669006348,-11.122191429138184,2.763756513595581,-10.393372535705566,3.2075045108795166,-10.403698921203613,4.353346824645996,-11.354618072509766,6.045371055603027,-9.536603927612305,10.926506042480469,-0.7591777443885803,10.888904571533203,2.7559196949005127,10.462204933166504,3.4575412273406982,11.102607727050781,4.504669666290283,11.02875804901123,8.181272506713867,10.647140502929688,10.34139633178711,7.35255765914917,8.760453224182129,10.226981163024902,6.086716651916504,10.198593139648438,5.752157688140869,10.205269813537598,8.776278495788574,10.75875473022461,10.1818265914917,10.648904800415039,10.50782299041748,8.8212251663208,10.339838027954102,4.407189846038818,10.380887031555176,-3.0332272052764893,10.579011917114258,-6.914401054382324,9.243440628051758,-10.630660057067871,-1.054640293121338,-10.214860916137695,-6.33565616607666,-10.144275665283203,-5.0161566734313965,-10.801950454711914,-2.7081785202026367,-10.511353492736816,-1.2795090675354004,-10.631428718566895,-1.45588219165802,-10.674211502075195,5.707877159118652,-10.01414966583252,10.249520301818848,2.5219008922576904,10.209543228149414,3.8724591732025146,11.134354591369629,2.98585844039917,10.603861808776855,0.6437435746192932,11.036304473876953,0.7209901809692383,10.022889137268066,0.9344194531440735,11.196425437927246,1.4100701808929443,11.012372970581055,2.0648226737976074,11.068778991699219,3.370103597640991,10.253247261047363,4.798576831817627,9.238856315612793,10.963419914245605,6.165623664855957,10.58695125579834,4.488792419433594,10.042115211486816,-6.103576183319092,10.66328239440918,-10.107239723205566,7.719335079193115,-10.682125091552734,2.92049241065979,-10.271014213562012,-0.043749406933784485,-10.186949729919434,-4.051254749298096,-7.976220607757568,-10.437681198120117,-5.8884806632995605,-10.029642105102539,-6.60954475402832,-10.852372169494629,8.541888236999512,10.825439453125,1.3810851573944092,10.74793529510498,3.957507371902466,10.46738052368164,10.429072380065918,7.529044151306152,10.212248802185059,6.088437080383301,10.104268074035645,7.719001770019531,10.088093757629395,6.173322677612305,11.189023971557617,-1.8264843225479126,11.300461769104004,-4.565579891204834,11.323212623596191,-4.330713272094727,11.41604232788086,-4.216946601867676,10.044344902038574,-3.82513427734375],"data_input":[],"data_output":[],"length":91}