{"bimodal":false,"column_names":[""],"dimension":2,"dimension_input":0,"label":"forme1-10","data":[3.3423049449920654,-1.6848506927490234,3.167269229888916,-1.3351452350616455,3.375657796859741,-1.2243033647537231,3.573316812515259,-0.8853064775466919,4.007213115692139,-1.2720304727554321,3.213271141052246,-1.0231711864471436,3.280672550201416,-0.9611490964889526,3.2472097873687744,-0.7143570184707642,3.163290023803711,-0.30145829916000366,3.141225814819336,0.2421814650297165,3.257880926132202,0.31302568316459656,3.343012571334839,0.38977211713790894,3.454219341278076,0.3376582860946655,3.6778767108917236,0.2706727087497711,3.7483389377593994,0.5589548349380493,3.533212661743164,1.3870396614074707,3.567656993865967,1.3674418926239014,3.657191038131714,1.3047993183135986,3.7661988735198975,1.131209373474121,3.7433054447174072,1.08890700340271,3.6918392181396484,1.1522506475448608,3.6638145446777344,1.1960408687591553,3.6711742877960205,1.1784045696258545,3.7172107696533203,1.124505639076233,3.584049701690674,1.3410404920578003,3.3250417709350586,1.6662395000457764,3.8099775314331055,2.6508164405822754,3.1240737438201904,2.724255323410034,3.4008803367614746,3.401386260986328,2.614825963973999,3.5755858421325684,2.549705743789673,3.013319969177246,3.279583692550659,3.30078125,2.8636162281036377,3.5501139163970947,2.876906633377075,3.5533573627471924,2.871992588043213,3.410796880722046,2.554382801055908,3.4930012226104736,1.70858633518219,3.329296827316284,0.6331273317337036,3.025954246520996,0.1457599401473999,3.172309637069702,-0.06114378944039345,3.2653467655181885,-0.12913358211517334,3.2001335620880127,-0.3491816520690918,3.28538179397583,-0.5435970425605774,3.2042734622955322,-0.8736127018928528,3.6332647800445557,-2.2794177532196045,3.5819954872131348,-3.283379554748535,2.965096950531006,-3.45312237739563,1.671697974205017,-3.016240119934082,0.618865430355072,-3.1230428218841553,0.3026933968067169,-3.267523765563965,-0.03329845890402794,-3.2320096492767334,-1.5756182670593262,-1.658782720565796,-3.4286129474639893,-1.0933624505996704,-3.205836772918701,-1.281977653503418,-3.1383345127105713,-1.6147181987762451,-3.049190044403076,-2.267186164855957,-3.585001230239868,-2.5286800861358643,-3.336156129837036,-2.811236619949341,-3.2367146015167236,-2.802690029144287,-3.4283745288848877,-2.714531421661377,-3.3228542804718018,-2.8783786296844482,-3.269780158996582,-2.0813686847686768,-3.0759730339050293,-3.1349620819091797,-2.7844018936157227,-1.353759527206421,3.226408004760742,-1.0997023582458496,3.0151219367980957,-1.166914701461792,3.0273313522338867,-0.9569531083106995,3.723536252975464,-0.5507237315177917,3.316455364227295,-0.5440665483474731,3.618938446044922,-0.2830509841442108,3.6171047687530518,-0.09895576536655426,3.5086991786956787,0.026614848524332047,3.699852228164673,0.4085691273212433,3.715327024459839,1.0735862255096436,3.15871000289917,2.4687750339508057,3.3240649700164795,3.513913631439209,2.4560601711273193,3.6585307121276855,2.4998345375061035,3.555860996246338,2.559455156326294,3.368194103240967,2.4387152194976807,3.2019295692443848,2.234017848968506,3.592546224594116,1.7537014484405518,3.652498960494995,1.6164594888687134,3.6802332401275635,1.5206894874572754,3.53759765625,1.5144610404968262,3.395843744277954,1.7045215368270874,3.401585340499878,1.6888773441314697,3.410506248474121,1.5951287746429443,3.378000020980835,1.298545479774475,3.5768332481384277,0.9973627924919128,3.619325876235962,0.527178168296814,3.236402750015259,-0.0008923421846702695,3.4706168174743652,-0.2439228594303131,3.4650516510009766,-0.36973193287849426,3.4790635108947754,-0.3294299840927124,3.367039442062378,-0.5625772476196289,3.417349338531494,-1.1980681419372559,3.5158886909484863,-1.5081754922866821,3.3220224380493164,-1.5625381469726562,3.2576777935028076,-1.7207996845245361,3.297161102294922,-1.784554362297058,3.251540422439575,-1.8709864616394043,3.2343742847442627,-1.9324647188186646,3.293623924255371,-2.0988380908966064,3.2242844104766846,-2.2360169887542725,3.2067818641662598,-2.9561519622802734,1.6374942064285278,-3.277435779571533,0.018687358126044273,-3.4161763191223145,-0.9942092299461365,-3.1552271842956543,-2.1124279499053955,-3.1675479412078857,-3.0874407291412354,-2.960148572921753,-3.1342380046844482,-2.5789268016815186,-3.0279178619384766,-2.706062078475952,-1.6719183921813965,-3.0642549991607666,-0.2850772440433502,-3.541886568069458,0.7270798087120056,-3.139439344406128,0.8724945187568665,-3.3020055294036865,0.791336178779602,-3.3716602325439453,0.6945738196372986,-3.135415554046631,0.04672277346253395,-3.5230562686920166,-0.7667984366416931,-3.289107084274292,-0.6523011326789856,-3.43605637550354,-0.5826330780982971,-3.594655752182007,-0.24451583623886108,-3.064192295074463,0.007894999347627163,-3.256134510040283,0.24387097358703613,-3.384614944458008,0.7310923933982849,-3.653907537460327,1.1267067193984985,-3.929865837097168,1.05509352684021,-3.1029117107391357,1.0185989141464233,-3.1769142150878906,0.991012692451477,-3.1922757625579834,0.937752902507782,-3.1113908290863037,0.769463300704956,-3.22149658203125,0.61972576379776,-3.1915833950042725,0.48072540760040283,-3.176478147506714,0.37324702739715576,-3.184830904006958,0.18241848051548004,-3.2274062633514404,-0.33428946137428284,-3.921962022781372,-0.4464121460914612,-3.0052459239959717,-0.34416061639785767,-3.172940254211426,-0.4907892048358917,-3.0924386978149414,-0.6451867818832397,-3.043605089187622,-0.6668619513511658,-3.0305163860321045,-0.7232401371002197,-3.037148952484131,-0.818625807762146,-3.1354830265045166,-1.1304340362548828,-3.7056455612182617,-3.2455673217773438,-3.32415771484375,-3.391047239303589,-0.7730184197425842,-3.94751238822937,-0.4808748960494995,-3.203885555267334,-0.3651060461997986,-3.345067262649536,-0.357920378446579,-3.498793125152588,-0.2210727483034134,-3.613234043121338,-0.28069061040878296,-3.651387929916382,-0.31895872950553894,-3.672720432281494,-0.3695952892303467,-3.666513681411743,-0.43806084990501404,-3.7035555839538574,-0.4537835121154785,-3.6859841346740723,-0.5008755326271057,-3.6199252605438232,-0.5928341746330261,-3.626016855239868,-0.6097509264945984,-3.6544907093048096,-0.6571570634841919,-3.660203695297241,-0.5827229619026184,-3.6901743412017822,-0.5097151398658752,-3.628965377807617,-0.45639568567276,-3.5926506519317627,-0.5533962249755859,-3.599574327468872,-0.5311583280563354,-3.622354745864868,-0.4214766025543213,-3.6947386264801025,-0.4162594676017761,-3.7020957469940186,-0.46310722827911377,-3.6190273761749268,-0.46726635098457336,-3.6823458671569824,-0.3353201746940613,-3.9626433849334717,0.27339187264442444,-4.216845989227295,0.7869269847869873,-4.2736310958862305,0.7948241829872131,-4.223609924316406,0.5168172121047974,-4.132184028625488,0.1814807504415512,-4.125307559967041,0.16267816722393036,-4.197926998138428,0.1743880808353424,-4.254953861236572,0.07797937095165253,-4.317785739898682,0.07269541174173355,-4.268932342529297,0.06429371237754822,-4.187407493591309,0.21544037759304047,-4.232714653015137,0.2264356017112732,-4.263247966766357,0.26754289865493774,-4.2321319580078125,0.2705110013484955,-4.167999744415283,0.09677467495203018,-4.078113555908203,0.23394660651683807,-3.9824182987213135,0.21419791877269745,-3.9627950191497803,0.24510157108306885,-3.9273154735565186,0.23910443484783173,-3.9328768253326416,0.19935342669487,-3.9274470806121826,0.06121218577027321,-3.7013652324676514,0.03192966431379318,-3.517656087875366,-0.13770721852779388,-3.390096664428711,-0.32939019799232483,-3.3224575519561768,-0.38312458992004395,-3.2804465293884277,-0.47424179315567017,-3.2075812816619873,-0.5035482048988342,-3.2401256561279297,-0.48308902978897095,-3.3487372398376465,-0.4833076000213623,-3.316016912460327,-0.47287601232528687,-3.2618024349212646,-0.5037636756896973,-3.177830457687378,-0.5501465797424316,-3.1717538833618164,-0.40853771567344666,-3.405874013900757,0.38174378871917725,-3.4884839057922363,0.7507050633430481,