{"bimodal":false,"column_names":[""],"dimension":2,"dimension_input":0,"label":"forme2-12","data":[1.4829202890396118,3.2378413677215576,1.8246140480041504,3.351682424545288,3.503523826599121,3.512141704559326,3.0511679649353027,2.1959822177886963,3.1441993713378906,2.3480348587036133,3.125225067138672,2.3891143798828125,3.2181339263916016,2.5300533771514893,3.3467767238616943,2.4219698905944824,3.576101541519165,2.177432060241699,3.7369284629821777,2.063967704772949,3.662888526916504,2.0980384349823,3.6353800296783447,2.2208564281463623,3.7280311584472656,2.0843262672424316,3.7265517711639404,2.0647640228271484,3.7826590538024902,1.9591089487075806,3.8965351581573486,1.8460129499435425,3.9872641563415527,1.7645474672317505,3.0575551986694336,1.2395671606063843,3.044980525970459,1.2148468494415283,3.1384241580963135,1.0161023139953613,3.1844940185546875,0.8752556443214417,3.3483238220214844,0.7310788631439209,3.5572540760040283,0.40311628580093384,3.4630043506622314,0.36697670817375183,3.3770084381103516,0.48606956005096436,3.2951300144195557,0.5425057411193848,3.2468810081481934,0.5087136626243591,3.265768051147461,0.24916985630989075,3.0025827884674072,-0.05881525203585625,3.8366925716400146,-1.1010589599609375,3.6054463386535645,-1.6968458890914917,-0.16964364051818848,-3.0442988872528076,-1.200516939163208,-3.3746232986450195,-3.027808427810669,-2.8987319469451904,-3.565613031387329,-2.087406635284424,-3.079051971435547,-1.5396870374679565,-3.1978743076324463,-1.6673133373260498,-3.338773727416992,-1.4463250637054443,-3.2661335468292236,-1.3969053030014038,-3.2435574531555176,-1.4562472105026245,-3.26930832862854,-1.466316819190979,-3.164130449295044,-1.6362296342849731,-3.16383957862854,-1.4984781742095947,-3.3145105838775635,-1.3070029020309448,-3.2334132194519043,-1.1836203336715698,-3.171276330947876,-1.1470342874526978,-3.0061657428741455,-1.1495360136032104,-3.5892581939697266,-1.6854753494262695,-3.388414144515991,-1.8285350799560547,-1.438446283340454,-3.5651447772979736,0.14090919494628906,-3.144685745239258,0.17809532582759857,-3.1547060012817383,0.544426679611206,-3.219167947769165,1.2857552766799927,-3.6890687942504883,1.9003427028656006,-3.2115111351013184,3.0890884399414062,-3.6723320484161377,3.605059862136841,-3.2795615196228027,3.677367687225342,-2.696592330932617,3.752305507659912,-2.4825565814971924,3.564023971557617,-2.178898572921753,3.271829843521118,-1.5958207845687866,3.0655248165130615,0.10493563860654831,1.5976054668426514,3.5659825801849365,0.15638990700244904,3.1400070190429688,-0.04932191222906113,3.1476104259490967,-0.12265884876251221,3.5834474563598633,0.004409060347825289,3.5186166763305664,0.01999126374721527,3.572587490081787,0.07359184324741364,3.5040130615234375,0.16818059980869293,3.445543050765991,0.4023039937019348,3.3293001651763916,0.6251745223999023,3.191213607788086,0.7482653260231018,3.2299787998199463,0.9979647994041443,3.77349853515625,3.034825325012207,2.6736133098602295,3.3333053588867188,-0.9340483546257019,2.3576900959014893,-3.3435869216918945,1.4204508066177368,-3.60007905960083,0.5386407971382141,-3.087023973464966,0.6543574333190918,-3.7659671306610107,0.665195643901825,-3.140256404876709,0.5295991897583008,-3.041140079498291,0.47881823778152466,-3.060267448425293,0.7732812166213989,-3.3361072540283203,1.1190414428710938,-3.5988714694976807,1.2067209482192993,-3.726097822189331,1.4139726161956787,-3.9314088821411133,1.5507532358169556,-4.050067901611328,1.3833612203598022,-3.923563003540039,1.2774345874786377,-3.831982135772705,1.3404654264450073,-3.8617587089538574,1.2516136169433594,-3.886780261993408,1.104801893234253,-3.6552975177764893,1.2015094757080078,-3.661301851272583,1.4945738315582275,-3.8963828086853027,1.528527855873108,-3.9535160064697266,1.4012240171432495,-3.890080451965332,1.5449217557907104,-3.8919644355773926,1.6618095636367798,-3.876807928085327,1.5557911396026611,-3.88303804397583,1.3957103490829468,-3.7855255603790283,1.4280647039413452,-3.8243682384490967,1.5778825283050537,-3.911508798599243,1.4096345901489258,-4.000039100646973,1.3813073635101318,-4.034314155578613,1.4949983358383179,-4.120502471923828,1.2602876424789429,-4.002013683319092,1.1100088357925415,-3.965780019760132,1.1176308393478394,-4.011157035827637,0.984768807888031,-3.8964622020721436,0.7701218128204346,-3.7837975025177,0.9170289635658264,-4.009790897369385,0.9041523337364197,-3.907207489013672,0.5646156668663025,-3.7192063331604004,0.4544394910335541,-3.7533767223358154,0.6714584231376648,-3.9288249015808105,0.18287262320518494,-3.249661922454834,-1.4007987976074219,-3.025988817214966,-3.0607264041900635,0.5752230286598206,-3.081608772277832,1.2775633335113525,-3.5912256240844727,3.3590779304504395,-3.0397286415100098,3.691643714904785,-2.1897189617156982,4.0839762687683105,-1.5471131801605225,3.3510661125183105,-1.6076228618621826,3.4079456329345703,-1.549575686454773,3.523919105529785,-1.5670454502105713,3.5786755084991455,-1.7612111568450928,3.463989734649658,-1.8837831020355225,3.414057493209839,-1.9090683460235596,3.3715429306030273,-1.9373581409454346,3.3212263584136963,-2.1903624534606934,3.363797903060913,-2.230006694793701,3.2823078632354736,-2.1415810585021973,3.2619497776031494,-2.155930280685425,3.2851014137268066,-2.209940195083618,3.325623035430908,-2.090057134628296,3.1759860515594482,-1.916848063468933,3.067732572555542,-2.6724860668182373,3.9758505821228027,-2.7081568241119385,3.5648982524871826,-2.7450594902038574,3.222437858581543,-3.0014023780822754,3.1672909259796143,-2.815788507461548,3.040691375732422,-2.8373420238494873,3.1867587566375732,-2.8414266109466553,3.1114180088043213,-2.7070865631103516,3.0922186374664307,-2.77416729927063,3.215628147125244,-2.857778549194336,3.1110873222351074,-2.8082282543182373,3.1183347702026367,-2.7356386184692383,3.1052980422973633,-2.942756414413452,3.028312921524048,-3.0942938327789307,2.968968152999878,-3.0415749549865723,2.7182836532592773,-3.7637345790863037,2.8805367946624756,-3.3023431301116943,2.0354011058807373,-3.5416526794433594,1.7770767211914062,-3.504603385925293,1.4707849025726318,-3.788994073867798,1.6086549758911133,-3.6430318355560303,1.3875339031219482,-3.4314892292022705,1.0615170001983643,-3.6297035217285156,1.0568695068359375,-3.459528684616089,1.048032283782959,-3.096496820449829,-2.2223715782165527,-0.8024834990501404,-3.033590316772461,-0.4819892346858978,-3.2095236778259277,1.0383632183074951,-3.236968755722046,1.8532342910766602,-3.7088844776153564,2.6458919048309326,-3.6034460067749023,2.9362778663635254,-3.7415759563446045,2.241617202758789,-3.1040263175964355,2.2833142280578613,-3.4159255027770996,1.7215142250061035,-3.347724676132202,1.5080512762069702,-3.123757839202881,1.4790607690811157,-3.0864720344543457,1.3379478454589844,-3.0217626094818115,1.656943440437317,-3.5860040187835693,1.200868844985962,-3.0552802085876465,1.6037219762802124,-3.534548759460449,1.1603929996490479,-3.4988951683044434,0.8904016017913818,-3.0227465629577637,0.4470682144165039,-3.1329331398010254,0.4341772794723511,-3.530994176864624,-0.3078043460845947,-3.236557722091675,-0.880207896232605,-3.409658432006836,-1.164608359336853,-3.3473317623138428,-3.1451146602630615,-2.147317886352539,-3.310927629470825,-0.9803595542907715,-3.021556854248047,-0.2730928361415863,-3.242943286895752,-0.22859704494476318,-3.1368820667266846,1.6824920177459717,-2.056018114089966,3.25577974319458,-1.7918158769607544,3.606192111968994,-1.8057361841201782,3.7377302646636963,-1.3055877685546875,3.174776077270508,-1.357216477394104,3.0362865924835205,-1.5207360982894897,3.6421520709991455,-1.504258632659912,3.6000332832336426,-1.036293387413025,3.3442256450653076,-0.40818512439727783,3.4067575931549072,-0.4408566653728485,3.2041068077087402,-0.33787354826927185,3.3794302940368652,-0.6703750491142273,3.437427043914795,-0.6013869643211365,3.448742151260376,-0.9132717251777649,3.4897329807281494,-0.6817951798439026,3.3740158081054688,-0.6593436598777771,