{"bimodal":false,"column_names":[""],"dimension":2,"dimension_input":0,"label":"forme3-8","data":[-2.0297465324401855,3.2204413414001465,-2.464836359024048,3.142505168914795,-2.3989968299865723,3.3739676475524902,-2.374723434448242,3.169628620147705,-3.467913866043091,3.0432839393615723,-3.1556665897369385,2.4072463512420654,-3.6611149311065674,2.6679775714874268,-3.2432103157043457,2.306230068206787,-3.5031213760375977,2.3076589107513428,-3.6825127601623535,2.299849271774292,-3.7892978191375732,2.2718071937561035,-3.8820557594299316,2.340416431427002,-3.813033103942871,2.501504898071289,-3.0191855430603027,2.0950257778167725,-3.036001205444336,2.132327079772949,-3.93208384513855,3.0568320751190186,-3.8597168922424316,3.0537071228027344,-3.8273370265960693,3.182011365890503,-3.8973536491394043,3.0869810581207275,-3.8488636016845703,2.952547788619995,-3.767533779144287,3.0161547660827637,-3.7454833984375,3.034543752670288,-3.6404409408569336,2.950991630554199,-3.3963677883148193,3.050194501876831,-2.912564516067505,3.4229025840759277,-2.6639456748962402,3.4864706993103027,-2.6821835041046143,3.376845598220825,-2.7767767906188965,3.199827194213867,-2.910240888595581,3.0286824703216553,-3.6462857723236084,3.24462890625,-3.5623254776000977,3.0148329734802246,-3.1641645431518555,2.7935452461242676,-3.1926462650299072,1.492148518562317,-3.0841879844665527,-0.7230045795440674,-1.0846569538116455,-3.2654407024383545,1.2758063077926636,-3.1497743129730225,1.5056228637695312,-3.5206146240234375,2.0647313594818115,-3.174064874649048,3.0091042518615723,-3.5870742797851562,3.2841343879699707,-3.6971757411956787,3.148399829864502,-3.736826181411743,3.2483255863189697,-3.7777652740478516,3.2103707790374756,-3.8698439598083496,3.0056312084198,-3.8493733406066895,2.9760212898254395,-3.8007619380950928,2.900137424468994,-3.7846944332122803,2.8696019649505615,-3.761039972305298,2.8106253147125244,-3.760531187057495,2.77846360206604,-3.901292324066162,2.791353225708008,-3.830270528793335,2.6689445972442627,-3.623962879180908,2.883604049682617,-3.5627079010009766,2.923530340194702,-3.4553611278533936,2.980400323867798,-3.706751585006714,3.0307276248931885,-3.804187059402466,2.6793265342712402,-3.72448468208313,2.3987770080566406,-3.7046518325805664,2.3063859939575195,-3.5062904357910156,2.939570188522339,-3.8250887393951416,3.3638267517089844,-3.880772590637207,2.720984697341919,-3.591597318649292,2.715637445449829,-3.3025710582733154,2.8680572509765625,-3.2279155254364014,3.1018433570861816,-3.232661008834839,3.1762773990631104,-3.4969422817230225,3.4179091453552246,-3.376121759414673,2.7897768020629883,-3.0180606842041016,3.0768182277679443,-3.73663592338562,2.819859266281128,-3.101088762283325,2.666167736053467,-3.1022870540618896,3.102447271347046,-3.2235116958618164,3.330683946609497,-3.161097288131714,3.477592945098877,-3.7773773670196533,3.405055522918701,-3.7722084522247314,3.5803446769714355,-3.6376304626464844,3.2614312171936035,-3.682490110397339,3.397259473800659,-3.6972715854644775,3.531933069229126,-3.588808059692383,3.4789483547210693,-3.6548471450805664,3.3576769828796387,-3.6448376178741455,3.15590500831604,-3.671616554260254,3.1140105724334717,-3.786806583404541,3.121429681777954,-3.7324159145355225,3.0148508548736572,-3.992380380630493,2.310140371322632,-3.035984754562378,3.0106093883514404,-3.947488307952881,1.8574857711791992,-3.050605535507202,1.7457929849624634,-3.2650067806243896,1.5515146255493164,-3.3529131412506104,1.096800684928894,-3.401515483856201,-1.4774662256240845,-3.052980422973633,-3.7059619426727295,-0.1633804887533188,-3.2709882259368896,0.20430020987987518,-3.5912697315216064,0.3196897804737091,-3.7253365516662598,0.32751360535621643,-3.859548330307007,0.4147112965583801,-4.022703647613525,0.45009565353393555,-3.997678279876709,0.5229285955429077,-4.058900356292725,0.642274022102356,-4.060450077056885,0.633510172367096,-4.0720696449279785,0.6752378344535828,-4.071432113647461,0.7085146307945251,-4.071544170379639,0.649321973323822,-4.042447090148926,0.9679900407791138,-3.8465497493743896,1.3226611614227295,-3.7028496265411377,1.3445810079574585,-3.5915818214416504,1.1687690019607544,-3.483339548110962,0.9907070398330688,-3.4854938983917236,0.9864673614501953,-3.462087869644165,0.8304359912872314,-3.330976963043213,0.8178843855857849,-3.263233184814453,0.7871423959732056,-3.199308395385742,0.7800448536872864,-3.0327138900756836,0.7943496704101562,-3.6793785095214844,0.7921462059020996,-3.0431928634643555,-0.4881862699985504,-3.407848596572876,-1.5075637102127075,-3.4587788581848145,-1.4922220706939697,-3.5077438354492188,-1.306648850440979,-3.2786500453948975,-1.5493615865707397,-3.4174578189849854,-1.614111304283142,-3.4186065196990967,-1.65585196018219,-3.1323723793029785,-1.746930480003357,-3.003048896789551,-1.9510562419891357,-3.134552240371704,-2.4388620853424072,-3.2584636211395264,0.7459813952445984,-3.2943015098571777,3.76003360748291,-1.918352723121643,3.667553186416626,-1.2681833505630493,3.0895519256591797,-0.5006858110427856,3.6461334228515625,0.2928357720375061,4.025936603546143,0.6422173380851746,4.08948278427124,0.7825818657875061,4.053335189819336,0.4842762053012848,3.980550765991211,0.7389781475067139,4.008753299713135,1.526408314704895,3.7224106788635254,1.800244688987732,3.6449122428894043,1.7937017679214478,3.521101236343384,1.557043194770813,3.503366470336914,1.3125638961791992,3.395766496658325,1.247295618057251,3.3556976318359375,1.2958241701126099,3.417584180831909,1.3259456157684326,3.3577823638916016,1.3182519674301147,3.5101747512817383,1.3957440853118896,3.2163937091827393,1.993073582649231,3.9473354816436768,1.8653000593185425,3.8758888244628906,1.0522924661636353,3.01786732673645,0.6885190010070801,3.229485511779785,0.6330747008323669,3.219318389892578,0.46291929483413696,3.3505606651306152,0.3141166865825653,3.4204275608062744,0.1933707296848297,3.4864790439605713,0.027681708335876465,3.635125160217285,0.028428727760910988,3.6116650104522705,0.14895489811897278,3.6206741333007812,0.10984516143798828,3.627028226852417,0.2345372885465622,3.6575307846069336,0.31956538558006287,3.6458756923675537,0.43643859028816223,3.6307320594787598,0.4637225568294525,3.7039878368377686,0.3929447829723358,3.68574857711792,0.3975910246372223,3.66979718208313,0.26442328095436096,3.7221384048461914,0.241679385304451,3.629232883453369,0.43120378255844116,3.6692728996276855,0.4847436845302582,3.674304962158203,0.9571967720985413,3.4218862056732178,2.2754433155059814,4.013167381286621,1.7109757661819458,3.14383602142334,1.6264033317565918,3.137394666671753,1.5949819087982178,3.126136302947998,1.600834846496582,3.120347261428833,1.605403184890747,3.025175094604492,1.4884870052337646,3.136833429336548,1.3871266841888428,3.15549898147583,1.2553550004959106,3.180025339126587,1.104567050933838,3.2060840129852295,1.1280322074890137,3.2292253971099854,1.146012783050537,3.2379987239837646,1.2062054872512817,3.270824909210205,1.1317135095596313,3.2879791259765625,1.0632719993591309,3.352843999862671,1.1241199970245361,3.2380099296569824,1.0440068244934082,3.127250909805298,1.0865782499313354,3.168987274169922,1.1882119178771973,3.126189947128296,1.281450629234314,3.0859479904174805,1.4320149421691895,3.1031153202056885,1.3417142629623413,3.0760908126831055,1.2477633953094482,3.104020118713379,1.2775392532348633,3.0363855361938477,1.2972508668899536,3.026179790496826,1.4348058700561523,3.031482458114624,1.4415335655212402,3.02592134475708,1.355229377746582,3.06056809425354,1.3667412996292114,3.066879987716675,1.3943156003952026,3.0525152683258057,1.8937116861343384,4.0037007331848145,1.9793627262115479,3.9611868858337402,2.6115965843200684,3.9092745780944824,2.601245164871216,3.910583257675171,1.82244873046875,3.0250115394592285,2.4910285472869873,3.9910688400268555,2.654545307159424,3.8430371284484863,2.9083871841430664,3.7038114070892334,2.985508680343628,3.598646402359009,3.008476734161377,3.5455331802368164,3.023282766342163,