{"bimodal":false,"column_names":[""],"dimension":2,"dimension_input":0,"label":"forme4-2","data":[0.7018946409225464,3.0024235248565674,1.7659436464309692,3.047774314880371,1.6258456707000732,3.2180168628692627,1.3026090860366821,3.305342674255371,0.029410345479846,3.5337016582489014,-1.0534939765930176,3.1296627521514893,-0.7234557271003723,3.3393051624298096,-0.7763736248016357,3.5666592121124268,-0.7522515058517456,3.039029121398926,-0.7030305862426758,3.667736291885376,-0.17748598754405975,3.715846300125122,-0.08508342504501343,3.221318244934082,0.131986603140831,3.6356801986694336,0.5939173698425293,3.831064224243164,0.7258173823356628,3.8776612281799316,0.5801867246627808,3.9249050617218018,0.5917271971702576,3.837623357772827,0.6186741590499878,3.6669538021087646,0.5169165730476379,3.5642621517181396,0.03407030925154686,3.473196268081665,-0.3193064033985138,3.258962869644165,-0.42379677295684814,3.1190500259399414,-0.5076427459716797,3.0578079223632812,-0.6961144208908081,3.018795967102051,-0.8059660196304321,3.0306904315948486,-0.8019022345542908,3.0146656036376953,-0.9697436094284058,3.7314257621765137,-0.8870341777801514,3.7230072021484375,-1.2071692943572998,3.689390182495117,-1.3748716115951538,3.4851229190826416,-1.898322582244873,3.4646835327148438,-3.0991718769073486,2.8300724029541016,-3.099722385406494,1.8448566198349,-3.4957776069641113,1.530175805091858,-3.826671600341797,1.3144828081130981,-3.905531406402588,1.3089280128479004,-3.969127893447876,1.512925624847412,-3.532235860824585,0.7953289747238159,-3.4540247917175293,-0.35634127259254456,-3.317664623260498,-0.6357396841049194,-3.608781099319458,-0.6397616863250732,-3.778073787689209,-0.6681375503540039,-3.4531328678131104,-0.48564088344573975,-3.607384204864502,-0.4283091425895691,-3.544187545776367,-0.4646998643875122,-3.52009916305542,-0.5313265919685364,-3.6172053813934326,-0.5885522365570068,-3.6810452938079834,-0.9279232025146484,-3.8521313667297363,-1.1962248086929321,-3.900707244873047,-1.2569351196289062,-3.973220109939575,-1.305698037147522,-3.9462218284606934,-1.3681188821792603,-3.4729888439178467,-1.7250558137893677,-3.2782721519470215,-2.5199668407440186,-3.3836376667022705,-2.6521389484405518,-3.131899833679199,-3.2938337326049805,-1.1369725465774536,-3.242262840270996,-1.0623804330825806,-3.439380645751953,-1.356654405593872,-3.521153211593628,-1.0308482646942139,-3.6314926147460938,-0.30459141731262207,-3.124915599822998,-0.5060024261474609,-3.503896474838257,-0.8805660605430603,-3.458829402923584,-0.8384456038475037,-3.419109344482422,-0.7908754944801331,-3.2671761512756348,-0.7850362062454224,-3.309521198272705,-0.5924709439277649,-3.3649680614471436,-0.22364120185375214,-3.4056060314178467,0.8945046067237854,-3.171344041824341,1.1809746026992798,-3.3730175495147705,1.5411077737808228,-3.457606792449951,1.6959205865859985,-3.511326551437378,1.7365700006484985,-3.4321908950805664,1.9564179182052612,-3.430654287338257,2.059422731399536,-3.550527811050415,2.623608112335205,-3.5168778896331787,3.176088809967041,-2.9180595874786377,3.265144109725952,-2.6479244232177734,3.378038167953491,-2.4505116939544678,3.511381149291992,-2.2314836978912354,3.3651561737060547,-1.721771240234375,3.592301845550537,-1.4392973184585571,3.080502986907959,-1.0278939008712769,3.0409018993377686,0.6976450681686401,2.2631289958953857,3.1614933013916016,-0.04300305247306824,3.195465326309204,-0.440788209438324,3.012747287750244,-0.9432663917541504,3.3549699783325195,-0.8983384370803833,3.2931950092315674,-0.6054692268371582,3.0642292499542236,0.5452211499214172,3.0390610694885254,0.3396964371204376,3.361701726913452,0.9062470197677612,3.0632083415985107,0.5002536773681641,3.169807195663452,0.372266948223114,3.1630804538726807,0.43635788559913635,3.1711082458496094,0.38317087292671204,3.0967748165130615,0.49977046251296997,3.0103092193603516,0.5052136778831482,3.0607967376708984,0.5760788321495056,3.4125237464904785,0.7934204339981079,3.041384220123291,1.075444221496582,3.417142629623413,3.1272988319396973,1.0920062065124512,3.387315273284912,-2.278813600540161,3.4693491458892822,-2.855178117752075,3.115936040878296,-3.0491387844085693,2.2684504985809326,-3.0476772785186768,1.4710114002227783,-3.4773690700531006,1.13638174533844,-3.309220314025879,1.0595660209655762,-3.2472808361053467,0.9681596159934998,-3.2286336421966553,0.7197518944740295,-3.305861234664917,0.3343999981880188,-3.2535593509674072,0.014166276901960373,-3.462897300720215,0.15038667619228363,-3.036724328994751,-0.047891292721033096,-3.0431580543518066,-0.6624772548675537,-3.7187087535858154,-0.6801954507827759,-3.6022181510925293,-0.5949960350990295,-3.4229533672332764,0.07816341519355774,-3.192959785461426,0.32019540667533875,-3.346717357635498,-0.029605470597743988,-3.134742498397827,-0.06584610790014267,-3.128872871398926,0.28444769978523254,-3.0994460582733154,2.8926093578338623,-3.488931179046631,3.246694564819336,-3.1994776725769043,3.1927995681762695,-2.1111557483673096,3.1516377925872803,-0.7463690638542175,3.128265142440796,0.12587407231330872,3.0304393768310547,1.615454912185669,3.087728500366211,2.9073283672332764,2.9573347568511963,3.3455605506896973,3.0255727767944336,3.3946950435638428,3.259383201599121,3.193931818008423,3.0068647861480713,1.9883896112442017],"data_input":[],"data_output":[],"length":135}