{"bimodal":false,"column_names":[""],"dimension":2,"dimension_input":0,"label":"forme4-2","data":[0.3930054306983948,3.02301287651062,2.3797309398651123,3.3845794200897217,2.248218059539795,3.178847551345825,2.0017824172973633,3.2612361907958984,2.0000216960906982,3.1767330169677734,3.0846431255340576,3.333242654800415,2.737239122390747,3.1019985675811768,1.4472858905792236,3.1559929847717285,0.8284794092178345,3.720268726348877,0.4027632772922516,3.0689523220062256,0.23348674178123474,3.152772903442383,0.2076020985841751,3.212263345718384,0.1731385886669159,3.2722208499908447,0.0656014010310173,3.3632709980010986,-0.08441976457834244,3.354994297027588,-0.09770631045103073,3.2356812953948975,-0.08417926728725433,3.659152030944824,-0.17860104143619537,3.396362543106079,1.0650269985198975,-3.3038368225097656,1.1926848888397217,-3.4736826419830322,0.967920184135437,-3.1261179447174072,1.1351499557495117,-3.2918477058410645,1.1527960300445557,-3.5988245010375977,1.0737673044204712,-3.560600519180298,0.9578631520271301,-3.867290496826172,0.6867814064025879,-3.948712110519409,0.6320840120315552,-3.8253347873687744,0.6841446161270142,-3.8349506855010986,0.6648301482200623,-3.7956740856170654,0.6759500503540039,-3.73986554145813,0.7693620920181274,-3.699716567993164,0.8232337236404419,-3.661681890487671,0.9051662683486938,-3.682539463043213,0.94835364818573,-3.6833348274230957,0.9614536762237549,-3.722484827041626,0.8613780736923218,-3.710845470428467,0.8343278169631958,-3.705925703048706,0.6845027804374695,-3.712064743041992,0.7694261074066162,-3.4718222618103027,3.174499750137329,-2.0142598152160645,3.110172986984253,2.273423194885254,2.9902825355529785,3.477191686630249,3.0759098529815674,3.3916313648223877,3.175210952758789,2.591254234313965,3.28711199760437,1.5357105731964111,3.494253396987915,0.5089036226272583,3.1192314624786377,0.5346283912658691,3.2550220489501953,1.016442894935608,2.5852746963500977,3.4748950004577637,0.6186202764511108,3.6195459365844727,0.3676888048648834,3.7068662643432617,0.1771053671836853,3.095757246017456,0.1165221780538559,3.250767469406128,0.16658584773540497,3.445420980453491,0.11659779399633408,3.6413822174072266,-0.032245390117168427,3.7498412132263184,-0.1234457865357399,3.9086294174194336,-0.1838492453098297,4.015517234802246,-0.17962166666984558,4.035562992095947,-0.17970402538776398,4.082314491271973,-0.1881241500377655,4.06468391418457,-0.19340921938419342,4.065775394439697,-0.2775269150733948,4.041098594665527,-0.27911025285720825,3.9303529262542725,-0.21186484396457672,3.828141927719116,-0.2079078108072281,3.8308913707733154,-0.20597843825817108,3.7505476474761963,-0.2293338179588318,3.717346668243408,-0.28929781913757324,3.639875888824463,-0.2727710008621216,3.4439189434051514,-0.4473005533218384,3.221331834793091,-0.6105258464813232,3.112436056137085,-0.9665728211402893,3.686753511428833,-2.157670259475708,3.1263427734375,-3.1981964111328125,0.3049285113811493,-3.2582645416259766,-0.4806734323501587,-3.6511924266815186,-1.064368724822998,-3.7722434997558594,-1.287501335144043,-3.8430466651916504,-1.248595952987671,-3.884446859359741,-1.315460443496704,-3.8840808868408203,-1.1026122570037842,-3.894665479660034,-0.9765480756759644,-3.8492043018341064,-0.7988364696502686,-3.7794418334960938,-0.5880236029624939,-3.6697604656219482,0.45891377329826355,-3.6411004066467285,0.5530913472175598,-3.5606300830841064,0.7871334552764893,-3.7201621532440186,0.8343780040740967,-3.6976141929626465,0.8335897922515869,-3.544081449508667,0.7470961809158325,-3.573578119277954,0.618098258972168,-3.563436985015869,0.3669084906578064,-3.5792346000671387,0.16295918822288513,-3.524948835372925,-0.07917647808790207,-3.4549331665039062,-0.5174856781959534,-3.13516902923584,-1.3975738286972046,-3.5222747325897217,-2.5326125621795654,-2.6268715858459473,-3.1802523136138916,-1.8977289199829102,-3.04186749458313,-2.036637783050537,-3.2534091472625732,-2.0692014694213867,-3.343130588531494,-2.048231601715088,-3.415217638015747,-2.1115951538085938,-3.330831527709961,-1.8614829778671265,-3.3636744022369385,-1.0556268692016602,-3.8248188495635986,-0.7088304162025452,-3.893332004547119,-0.5586563348770142,-3.831864356994629,-0.568196713924408,-3.8293936252593994,-0.48306703567504883,-3.755680799484253,0.14534957706928253,-3.551928997039795,1.5947333574295044,-3.407935857772827,2.8897922039031982,-3.6759936809539795,3.335448980331421,-3.2475852966308594,3.602005958557129,-3.075148344039917,3.558648109436035,-2.986393451690674,3.5048861503601074,-2.9085803031921387,3.3630528450012207,-2.948439836502075,3.336277484893799,-3.1055831909179688,3.128281354904175,-2.7886481285095215,3.518645763397217,-2.944526433944702,3.129514455795288,-2.07845401763916,3.5411791801452637,-1.5104236602783203],"data_input":[],"data_output":[],"length":122}