{"bimodal":false,"column_names":[""],"dimension":2,"dimension_input":0,"label":"forme4-4","data":[3.017944812774658,0.8725417256355286,3.689866542816162,-1.246009111404419,3.2018661499023438,-1.2968113422393799,3.5592124462127686,-2.182659387588501,3.055316686630249,-2.6993165016174316,3.1848225593566895,-2.6285400390625,3.188917636871338,-2.604656219482422,2.981884241104126,-3.113205671310425,2.738774061203003,-3.114948272705078,2.686246395111084,-3.0883588790893555,2.8671891689300537,-3.233402967453003,3.0586025714874268,1.0788037776947021,1.824501633644104,3.4649088382720947,1.431183934211731,3.6995856761932373,1.100611925125122,3.081712007522583,1.2592599391937256,3.2518765926361084,1.2442594766616821,3.4116148948669434,0.7443468570709229,3.401069402694702,0.26478832960128784,3.4890170097351074,0.21049714088439941,3.4746081829071045,-0.04083377867937088,3.426661968231201,-0.1735851913690567,3.3858578205108643,0.07986291497945786,3.5050926208496094,0.39921697974205017,3.0849032402038574,0.49116870760917664,3.156160354614258,1.1868168115615845,-3.7405216693878174,-0.10155165195465088,-3.8281209468841553,-0.3999108672142029,-3.015820264816284,-0.5405277609825134,-3.3638110160827637,-0.44004470109939575,-3.7778618335723877,-0.11872496455907822,-3.902218818664551,0.398648202419281,-3.9551143646240234,0.751749575138092,-3.77134108543396,1.343320369720459,-3.600146770477295,1.7395589351654053,-3.5350699424743652,1.7488089799880981,-3.623553514480591,1.5815249681472778,-3.568174123764038,1.6765810251235962,-3.362395763397217,1.994978904724121,-3.224487543106079,2.0411441326141357,-3.2803173065185547,1.7256109714508057,-3.398655414581299,1.604933500289917,-3.422119379043579,1.8264424800872803,-3.362480640411377,1.9388129711151123,-3.3340158462524414,1.777281403541565,-3.5045599937438965,1.572020411491394,-3.5188894271850586,1.6804852485656738,-3.220583915710449,2.3890011310577393,-3.189970016479492,3.3120906352996826,-1.821347951889038,3.6290533542633057,1.505656361579895,3.1054744720458984,2.7488346099853516,2.8407950401306152,3.077368974685669,3.2492711544036865,3.2626967430114746,3.3587355613708496,3.2282283306121826,3.29018497467041,2.8296420574188232,3.7945406436920166,2.6506993770599365,3.68009352684021,2.419018030166626,2.0917530059814453,3.4750149250030518,-0.22817789018154144,3.666245222091675,-0.6348062753677368,3.954761266708374,-1.043843388557434,3.981424331665039,-0.7810927033424377,3.0496881008148193,-0.6390947699546814,3.170269012451172,-0.70673668384552,3.1127233505249023,-0.8837432861328125,3.0503861904144287,-0.918829083442688,3.0112853050231934,-0.6029551029205322,3.2223823070526123,-0.17515654861927032,3.2204396724700928,-0.09976939111948013,3.1015896797180176,-0.17629002034664154,3.0407445430755615,0.11980720609426498,3.993805408477783,0.14772456884384155,3.0469374656677246,-0.1439061015844345,3.988166332244873,-0.2617407441139221,3.9189038276672363,-0.04596446827054024,3.9505927562713623,-0.1296168714761734,3.8423328399658203,-0.3213656544685364,3.6544127464294434,-0.15570327639579773,3.6195106506347656,-0.2920754551887512,3.6053197383880615,-0.5333858132362366,3.519531488418579,-0.8004143238067627,3.321552038192749,-0.9527186751365662,3.402928590774536,-1.29213285446167,3.250086545944214,-3.077157497406006,1.8097606897354126,-3.5569536685943604,0.03856108710169792,-3.6217458248138428,-0.1631515622138977,-3.4972565174102783,-0.9020612239837646,-3.36776065826416,-0.8599687218666077,-3.0856499671936035,-0.7108024954795837,-3.5093867778778076,-0.6258435845375061,-3.093961477279663,-0.44600382447242737,-3.3973536491394043,-0.354658305644989,-3.545822858810425,0.7154571413993835,-3.354172945022583,2.11698317527771,-3.724541187286377,1.774966835975647,-3.0513877868652344,1.2627642154693604,-3.3350372314453125,1.146925449371338,-3.4213244915008545,0.6253700256347656,-3.1290125846862793,0.33032241463661194,-3.109252452850342,0.08249322324991226,-3.3172590732574463,0.2758970558643341,-3.569389581680298,0.3802627623081207,-3.1769959926605225,0.2034345120191574,-3.143512487411499,0.49664032459259033,-3.326880931854248,-0.3280581831932068,-3.144981861114502,-2.3045685291290283,-3.30533766746521,-3.257091999053955,-2.991941213607788,-3.417531967163086,-1.6422678232192993,-3.5244014263153076,-1.2938576936721802,-3.950734853744507,-1.2659825086593628,-3.1439208984375,-1.0633087158203125,-3.0510053634643555,-1.316222071647644,-3.9742746353149414,-1.4225300550460815,-3.0079715251922607,-2.2197232246398926,-3.9946236610412598,-1.182407259941101,-3.042520761489868,-1.318468451499939,-3.914375066757202,-1.5637379884719849,-3.8090744018554688,-1.1597650051116943,-3.839611053466797,-0.04002166539430618,-3.0509583950042725,0.251295804977417,-3.103684425354004,0.6525478959083557,-3.6751251220703125,1.8015371561050415,-3.272564172744751,3.709242105484009,-3.4954655170440674,3.006950616836548,-2.1999170780181885,3.9110066890716553,-1.9996471405029297,3.505006790161133,-2.083604335784912],"data_input":[],"data_output":[],"length":127}