{"bimodal":false,"column_names":[""],"dimension":2,"dimension_input":0,"label":"forme1-8","data":[-0.36476048827171326,-3.3678996562957764,-3.327864408493042,-3.0487887859344482,-3.399216413497925,-0.4477284252643585,-3.3461945056915283,0.04889495670795441,-3.4294326305389404,0.12705808877944946,-3.4737071990966797,0.1391185075044632,-3.2319936752319336,-0.26649099588394165,-3.153790235519409,-1.1318455934524536,-3.4511311054229736,-1.6281169652938843,-3.123922109603882,-1.93582022190094,-3.3573524951934814,-2.219360589981079,-3.125214099884033,-2.2080514430999756,-3.1764323711395264,-2.990480661392212,-2.335369110107422,-3.056633472442627,-3.0004751682281494,1.2100425958633423,-0.8664957880973816,3.326974868774414,0.16943129897117615,3.2862696647644043,1.2846606969833374,3.1238901615142822,1.9567514657974243,3.212688446044922,2.2927041053771973,3.4502294063568115,2.5784404277801514,3.4889447689056396,2.628561019897461,3.563274383544922,2.560147762298584,3.6417503356933594,2.737837553024292,3.4905459880828857,2.6045801639556885,3.475595712661743,2.46232533454895,3.2587978839874268,2.5435643196105957,3.0755655765533447,2.466099977493286,3.0046498775482178,2.994163990020752,3.568878173828125,3.490006685256958,2.956425905227661,3.072523832321167,2.125595808029175,3.4294896125793457,1.8294951915740967,3.773374319076538,1.3123050928115845,3.2367255687713623,0.6763972640037537,3.4033918380737305,0.4926140308380127,3.3305726051330566,0.6067466139793396,3.296950101852417,0.4062711298465729,3.409428358078003,-0.3110133111476898,3.4660468101501465,-0.496665358543396,3.5123064517974854,-0.6010863184928894,3.5954184532165527,-0.7495375275611877,3.622159481048584,-0.6106998324394226,3.6046700477600098,-0.5799779891967773,3.684112787246704,-0.679960310459137,3.6494030952453613,-0.6732073426246643,3.6918768882751465,-0.7481608986854553,3.408360719680786,-0.8516103625297546,3.0876128673553467,-1.4025700092315674,3.694378137588501,-2.4125282764434814,3.6396586894989014,-2.6593894958496094,3.4857723712921143,-2.7190780639648438,3.674253463745117,-2.7253780364990234,3.074007511138916,-2.9198496341705322,-3.2158288955688477,-1.3054416179656982,-3.009744644165039,-2.023653745651245,-3.176591634750366,-2.5097055435180664,-2.3066186904907227,-3.412238597869873,-1.793278694152832,-3.0508577823638916,-1.990089774131775,-3.283991575241089,-1.892216444015503,-3.426504373550415,-1.2579232454299927,-3.350267171859741,-0.7501631379127502,-3.438063859939575,-0.2770046889781952,-3.025014638900757,0.1826922744512558,-3.239910364151001,0.5146231651306152,-3.35064697265625,0.8194571137428284,-3.538752317428589,0.907544732093811,-3.6290645599365234,0.9351916909217834,-3.7271201610565186,0.8516911864280701,-3.5721259117126465,0.6252378821372986,-3.5720436573028564,0.5166829228401184,-3.364637613296509,0.34886398911476135,-3.2607288360595703,0.31507620215415955,-3.32419490814209,0.25203219056129456,-3.290881633758545,0.42042437195777893,-3.406586170196533,0.3837713599205017,-3.326932430267334,0.29519546031951904,-3.323936700820923,0.28316110372543335,-3.3161113262176514,0.3844556510448456,-3.2871804237365723,0.37872448563575745,-3.2176499366760254,0.40352150797843933,-3.1672909259796143,0.3466540575027466,-3.193730115890503,0.3666628897190094,-3.082843542098999,0.262285977602005,-3.159513473510742,0.23769721388816833,-3.1379261016845703,0.26972562074661255,-3.2525551319122314,0.03231852129101753,-3.0143163204193115,-0.5258849859237671,-3.4126622676849365,-0.4984298050403595,-3.293675661087036,-1.0365976095199585,-3.185563087463379,-2.2249860763549805,-3.2909438610076904,-3.3282010555267334,-3.31681752204895,-3.0218374729156494,-2.7496564388275146,-3.2784671783447266,-1.9555743932724,-3.0088107585906982,-1.3906612396240234,-3.2095329761505127,-1.2946549654006958,-3.3318028450012207,-1.1861157417297363,-3.5358710289001465,-1.08470618724823,-3.8512282371520996,-0.7093069553375244,-3.1709563732147217,-0.39238065481185913,-3.0848002433776855,-0.44425854086875916,-3.050199270248413,-0.4542686641216278,-3.05177903175354,-0.5075779557228088,-3.0496411323547363,-0.4952998161315918,-3.0755341053009033,-0.5361262559890747,-3.947943687438965,-0.7737743258476257,-3.843940496444702,-0.897598385810852,-3.606250762939453,-1.166247844696045,-3.413663625717163,-1.3006856441497803,-3.2455341815948486,-1.4044923782348633,-3.3165457248687744,-1.329927682876587,-3.5196216106414795,-1.0570186376571655,-3.6763932704925537,-0.895918071269989,-4.031642913818359,-0.4448496997356415,-3.2517592906951904,-0.24827374517917633,-3.3757288455963135,-0.21319429576396942,-3.507124185562134,-0.13210950791835785,-3.5928449630737305,-0.061762016266584396,-3.6695384979248047,0.04783065989613533,-3.700725555419922,-0.03720475733280182,-3.619048833847046,0.021575016900897026,-3.6408703327178955,-0.006888432428240776,-3.745997190475464,0.03596045821905136,-3.791109800338745,0.17783193290233612,-3.7833616733551025,0.30340078473091125,-3.7315049171447754,0.3931652903556824,-3.6715710163116455,0.39265936613082886,-3.6860313415527344,0.3382059931755066,-3.754446506500244,0.38758328557014465,-3.7561442852020264,0.40172332525253296,-3.685300588607788,0.42516621947288513,-3.471871852874756,0.1955072432756424,-3.0372190475463867,-0.15863581001758575,-3.822495937347412,-0.29526686668395996,-3.799708127975464,-0.3671085834503174,-3.4956603050231934,-0.33147549629211426,-3.4100284576416016,0.5189054012298584,-3.5097973346710205,0.7258122563362122,-3.4384050369262695,0.6761484742164612,-3.3604838848114014,0.6958170533180237,-3.4972963333129883,0.7583428025245667,-3.742753744125366,0.5654468536376953,-3.562540292739868,0.07510070502758026,-3.643704414367676,0.26059773564338684,-3.579867362976074,0.043638914823532104,-3.57961368560791,-0.010794758796691895,-3.5127227306365967,-0.07547274231910706,-3.434220314025879,0.08640894293785095,-3.4221508502960205,0.0926612988114357,-3.397010087966919,0.14436031877994537,-3.3063414096832275,0.09243299812078476,-3.2587716579437256,0.22971211373806,-3.2946536540985107,0.4145519435405731,-3.376882553100586,0.7623149752616882,-3.37581467628479,0.753327488899231,-3.275315999984741,0.948674201965332,-3.2315292358398438,1.0838719606399536,-3.090202808380127,1.3380086421966553,-3.6915323734283447,1.759680151939392,-3.452440023422241,1.6203330755233765,-3.147411823272705,2.7970216274261475,-2.4444668292999268,3.3490920066833496,-1.8817530870437622,3.251119613647461,-1.6054104566574097,3.2539327144622803,-1.1590312719345093,3.5154755115509033,-0.4163077473640442,3.1626176834106445,0.034958306699991226,3.3717405796051025,0.232439786195755,3.4551870822906494,0.3050207793712616,3.4542458057403564,0.3415863811969757,3.3858063220977783,0.48059985041618347,3.465885877609253,0.7101024985313416,3.501204490661621,0.7032753825187683,3.620060443878174,0.5557901859283447,3.7503867149353027,0.5948626399040222,3.595442533493042,0.6295106410980225,3.6175148487091064,0.5491982698440552,3.5542821884155273,0.3498605191707611,3.555149793624878,0.34124934673309326,3.5011141300201416,0.30909061431884766,3.4594783782958984,0.3382374346256256,3.4239072799682617,0.4456234574317932,3.4436545372009277,0.7048243284225464,3.248810052871704,1.0419126749038696,3.1283457279205322,1.214327335357666,3.0245370864868164,1.7880278825759888,3.8384833335876465,1.9199764728546143,3.7176706790924072,2.326486110687256,3.2314677238464355,2.502671003341675,3.077364921569824,2.879931926727295,3.7483136653900146,2.148325204849243,3.10111403465271,1.8341761827468872,3.1191153526306152,1.6804428100585938,3.1103782653808594,1.605852723121643,3.0530428886413574,2.0417559146881104,3.5978808403015137,1.9923533201217651,3.5440189838409424,2.4105610847473145,3.0853259563446045,3.0409059524536133,3.345735788345337,2.9950361251831055,3.3248250484466553,2.858943223953247,3.2927439212799072,3.609138011932373,2.104423999786377,3.1897149085998535,1.3585819005966187,3.2680904865264893,1.1672382354736328,3.360081195831299,1.0620192289352417,3.5739870071411133,