{"bimodal":false,"column_names":[""],"dimension":2,"dimension_input":0,"label":"forme1-8","data":[1.3217476606369019,0.06960441172122955,1.013321876525879,0.20983555912971497,0.886085569858551,0.29624292254447937,0.9286053776741028,0.3073275089263916,1.0053917169570923,0.2940591275691986,1.1094558238983154,0.2752402722835541,1.1411019563674927,0.28092023730278015,1.1343553066253662,0.30289965867996216,1.1067324876785278,0.3445945978164673,1.11009681224823,0.27794602513313293,1.1919515132904053,0.29337114095687866,1.3124467134475708,0.27765175700187683,1.3903499841690063,0.26760220527648926,1.4103728532791138,0.30294525623321533,1.4270350933074951,0.31254544854164124,1.464158535003662,0.29878684878349304,1.5115749835968018,0.24612998962402344,1.5453426837921143,0.19008666276931763,1.5866906642913818,0.15583834052085876,1.6800105571746826,0.1513884961605072,1.7646821737289429,0.1507483571767807,1.8011826276779175,0.1430043876171112,1.784767508506775,0.1434885859489441,1.754030466079712,0.1500997096300125,1.7661995887756348,0.15572558343410492,1.8562309741973877,0.1501188725233078,1.9624346494674683,0.13681498169898987,2.063680410385132,0.14906592667102814,2.099841594696045,0.16397564113140106,2.077423334121704,0.18273207545280457,2.0695629119873047,0.1999799758195877,2.0914604663848877,0.22798162698745728,2.153428792953491,0.25353920459747314,2.209801435470581,0.26035502552986145,2.23911190032959,0.27753692865371704,2.2409496307373047,0.32112035155296326,2.1902780532836914,0.41834527254104614,2.1491687297821045,0.49678075313568115,2.0371546745300293,0.5700838565826416,1.9685883522033691,0.6162990927696228,1.9560500383377075,0.6571804285049438,1.9935784339904785,0.6936855316162109,1.9233514070510864,0.7036008238792419,1.8149492740631104,0.7192255258560181,1.774316668510437,0.7594662308692932,1.8599915504455566,0.7939279675483704,1.97835373878479,0.8090027570724487,2.0236308574676514,0.7229443788528442,2.024346351623535,0.6711814999580383,2.049637794494629,0.6218997240066528,2.1129443645477295,0.5920581817626953,2.202836275100708,0.5887511968612671,2.295846700668335,0.6036131381988525,2.3807313442230225,0.6309741139411926,2.4046716690063477,0.6944462060928345,2.3205461502075195,0.7359087467193604,2.2021124362945557,0.7439262866973877,2.180999279022217,0.7376933097839355,2.247201681137085,0.7429646849632263,2.2247891426086426,0.7195284366607666,2.16971492767334,0.6867284178733826,2.0956649780273438,0.6596925258636475,2.0583081245422363,0.6888348460197449,2.050152063369751,0.7359861135482788,2.0660274028778076,0.7893369197845459,2.079573154449463,0.8228777050971985,2.082472562789917,0.8397097587585449,2.047224998474121,0.8251497745513916,2.05314564704895,0.8291094303131104,2.0928030014038086,0.8315777778625488,2.0985279083251953,0.8231220841407776,2.085860013961792,0.8421022891998291,2.05434250831604,0.8623496294021606,2.0230345726013184,0.8585329055786133,2.023076295852661,0.8366846442222595,2.010727643966675,0.8213611245155334,1.956106424331665,0.8234272003173828,1.927394986152649,0.8355187177658081,1.924358606338501,0.8562707901000977,1.948160171508789,0.8840010762214661,1.9465739727020264,0.9056423902511597,1.9262852668762207,0.9150554537773132,1.9568934440612793,0.8999218940734863,2.0124588012695312,0.8747504353523254,2.0551257133483887,0.8591798543930054,2.0495896339416504,0.8622285723686218,2.0024139881134033,0.8854581117630005,2.001497507095337,0.8998313546180725,2.039377450942993,0.9121190309524536,2.082371234893799,0.9054107666015625,2.0737216472625732,0.8975625038146973,2.05545973777771,0.8855116367340088,2.041558265686035,0.8683115243911743,2.0264575481414795,0.8558923006057739,2.041548728942871,0.8568919897079468,2.0837230682373047,0.8269848823547363,2.1231155395507812,0.7954269647598267,2.0990593433380127,0.7890464663505554,2.043090581893921,0.8209636211395264,2.079359769821167,0.8533952832221985,2.114786148071289,0.8646002411842346,2.101067543029785,0.8596445918083191,2.0429322719573975,0.8306030631065369,2.0011017322540283,0.8099958896636963,1.988996982574463,0.8393087983131409,1.989565372467041,0.9139273762702942,1.988193154335022,0.9816299676895142,1.9326518774032593,1.0265886783599854,1.8276057243347168,1.0311824083328247,1.7371047735214233,1.0218104124069214,1.7153651714324951,1.0304666757583618,1.7266757488250732,1.0474879741668701,1.745825171470642,1.0668675899505615,1.753728985786438,1.0896378755569458,1.759480595588684,1.1041966676712036,1.799407958984375,1.0646268129348755,1.8776594400405884,0.9838420152664185,1.8829716444015503,0.9405271410942078,1.8633781671524048,0.9022359848022461,1.8368937969207764,0.8913037180900574,1.7733590602874756,1.007973074913025,1.6942280530929565,1.1772704124450684,1.5176671743392944,1.4100136756896973,1.2658134698867798,1.616799235343933,1.0336252450942993,1.7963452339172363,0.8086386322975159,1.9418175220489502,0.5957997441291809,2.0739126205444336,0.3655684292316437,2.2337241172790527,0.16696804761886597,2.39322566986084,-0.013099601492285728,2.5322043895721436,-0.20806773006916046,2.6250157356262207,-0.3659646511077881,2.6734015941619873,-0.4422053098678589,2.6656928062438965,-0.45663323998451233,2.6542439460754395,-0.4651450514793396,2.645787239074707,-0.4616597592830658,2.627403736114502,-0.4317629337310791,2.5838706493377686,-0.377273827791214,2.544349431991577,-0.278641939163208,2.5034115314483643,-0.1958616077899933,2.469836473464966,-0.17630122601985931,2.4473466873168945,-0.18736213445663452,2.4508841037750244,-0.17393571138381958,2.460054636001587,-0.12329842895269394,2.4460740089416504,-0.07745365798473358,2.3977901935577393,-0.04805804044008255,2.341597557067871,-0.11628525704145432,2.3485302925109863,-0.2711564898490906,2.433675527572632,-0.4341314136981964,2.514408826828003,-0.5807571411132812,2.611154556274414,-0.6984306573867798,2.6900651454925537,-0.79449862241745,2.7488818168640137,-0.8929295539855957,2.779003381729126,-0.9755680561065674,2.7864737510681152,-1.0406169891357422,2.7839860916137695,-1.0625321865081787,2.786303997039795,-1.068522334098816,2.817768096923828,-1.0526400804519653,2.8673102855682373,-1.0397802591323853,2.907275438308716,-0.9152950644493103,2.810635566711426,-0.7229611277580261,2.6738760471343994,-0.5829683542251587,2.5749144554138184,-0.4482106864452362,2.4666898250579834,-0.333877295255661,2.363060235977173,-0.19212892651557922,2.270212411880493,-0.037131354212760925,2.179978609085083,0.08843904733657837,2.096285343170166,0.20662716031074524,2.0235490798950195,0.31469613313674927,1.9691824913024902,0.4039473235607147,1.9115465879440308,0.516291081905365,1.8390816450119019,0.6338170766830444,1.7789887189865112,0.7659806609153748,1.7347102165222168,0.852392852306366,1.7013999223709106,0.9206313490867615,1.6950769424438477,0.9675781726837158,1.7371708154678345,0.9990231990814209,1.7609782218933105,1.0701656341552734,1.7060304880142212,1.1610767841339111,1.6487531661987305,1.26917564868927,1.5718406438827515,1.4117465019226074,1.459391713142395,1.544059157371521,1.3583056926727295,1.7451838254928589,1.2186672687530518,1.922340989112854,1.0978363752365112,2.1273601055145264,0.9840773940086365,2.3067643642425537,0.8936798572540283,2.4274308681488037,0.8263271450996399,2.4642488956451416,0.8133680820465088,2.487872362136841,0.821695864200592,2.5280847549438477,0.8330357074737549,2.5658960342407227,0.8472293615341187,2.591710329055786,0.873586893081665,2.5955348014831543,0.9251898527145386,2.588453769683838,0.9807961583137512,2.5559613704681396,1.0206400156021118,2.4521169662475586,1.029888391494751,2.378171443939209,1.014876127243042,2.419063091278076,1.0049420595169067,2.447207450866699,0.991402268409729,2.4169702529907227,1.0009344816207886,2.390922784805298,1.0365626811981201,2.419285774230957,1.0567631721496582,2.4758801460266113,1.0705068111419678,2.5285964012145996,1.0733329057693481,2.53511905670166,1.0497026443481445,2.513939142227173,1.0237104892730713,2.47615385055542,1.016988754272461,2.4712071418762207,1.0587760210037231,2.4620118141174316,