{"bimodal":false,"column_names":[""],"dimension":2,"dimension_input":0,"label":"forme1-3","data":[-0.29796990752220154,-0.14247746765613556,-0.2731364071369171,-0.22617031633853912,-0.4034081995487213,-0.2787898778915405,-0.5268046855926514,-0.31098756194114685,-0.64825040102005,-0.367875337600708,-0.7458812594413757,-0.4173407554626465,-0.827316403388977,-0.46306362748146057,-0.8693640828132629,-0.5489400029182434,-0.8876983523368835,-0.6437581181526184,-0.8828135132789612,-0.7724528908729553,-0.8090484142303467,-1.0034644603729248,-0.7312138080596924,-1.2732776403427124,-0.6748752593994141,-1.5502103567123413,-0.7070271968841553,-1.8031294345855713,-0.7758802771568298,-2.0032880306243896,-0.8843864798545837,-2.138028383255005,-0.9916041493415833,-2.225212812423706,-1.0435067415237427,-2.2584640979766846,-1.086454153060913,-2.293041467666626,-1.1454486846923828,-2.3553268909454346,-1.1975758075714111,-2.4497487545013428,-1.224361538887024,-2.5679028034210205,-1.2108616828918457,-2.745007038116455,-1.1704944372177124,-2.909008502960205,-1.1059210300445557,-3.0209100246429443,-1.128293514251709,-3.115023374557495,-1.0749213695526123,-3.132955312728882,-1.0160185098648071,-3.1042091846466064,-0.9903179407119751,-3.1185977458953857,-0.9732882380485535,-3.1476471424102783,-0.9660325050354004,-3.1642706394195557,-0.9738072156906128,-3.1746246814727783,-0.9796324968338013,-3.1939289569854736,-0.990398645401001,-3.2023661136627197,-0.9897050261497498,-3.2064008712768555,-0.977340042591095,-3.2355122566223145,-0.946624755859375,-3.273226499557495,-0.9271044731140137,-3.2823829650878906,-0.9358185529708862,-3.251559019088745,-0.9470229744911194,-3.2476162910461426,-0.9569656848907471,-3.2470321655273438,-0.9664307832717896,-3.2377192974090576,-0.9731612801551819,-3.2045981884002686,-0.9735983610153198,-3.158923387527466,-0.9841993451118469,-3.1092257499694824,-1.0202720165252686,-3.0634305477142334,-1.0547029972076416,-3.0335545539855957,-1.0907742977142334,-3.023571252822876,-1.1183210611343384,-3.010493516921997,-1.1756925582885742,-2.9914722442626953,-1.2373912334442139,-2.972874641418457,-1.2867121696472168,-2.949936866760254,-1.3710417747497559,-2.887277126312256,-1.4666128158569336,-2.7954392433166504,-1.5650818347930908,-2.651763439178467,-1.6413359642028809,-2.567906379699707,-1.7095980644226074,-2.4996185302734375,-1.8033138513565063,-2.426496982574463,-1.915748119354248,-2.346684694290161,-2.101771116256714,-2.2870872020721436,-2.246617078781128,-2.2012574672698975,-2.3754210472106934,-2.128340482711792,-2.494727373123169,-2.094754457473755,-2.6040115356445312,-2.0693469047546387,-2.7348599433898926,-1.9896206855773926,-2.8926570415496826,-1.8346936702728271,-3.034111261367798,-1.6262483596801758,-3.1447067260742188,-1.5028883218765259,-3.2157559394836426,-1.4236700534820557,-3.2694926261901855,-1.3694989681243896,-3.3094496726989746,-1.3752721548080444,-3.345104694366455,-1.412304162979126,-3.3703343868255615,-1.4233185052871704,-3.377856731414795,-1.3575732707977295,-3.3570761680603027,-1.287814974784851,-3.3535420894622803,-1.2519501447677612,-3.3680481910705566,-1.2544223070144653,-3.4007208347320557,-1.307417869567871,-3.425949811935425,-1.3251464366912842,-3.427764892578125,-1.3059369325637817,-3.4080493450164795,-1.2777771949768066,-3.3739359378814697,-1.2394459247589111,-3.323204755783081,-1.157669186592102,-3.2842137813568115,-1.0799540281295776,-3.2617061138153076,-1.042301893234253,-3.2403078079223633,-0.9570820331573486,-3.2268431186676025,-0.8191973567008972,-3.2495017051696777,-0.6470515727996826,-3.2772927284240723,-0.4869995713233948,-3.2958624362945557,-0.2875286042690277,-3.327361822128296,0.08417126536369324,-3.2608325481414795,0.3991202116012573,-3.3011159896850586,0.584343433380127,-3.2726848125457764,0.6538782119750977,-3.2492218017578125,0.7144888639450073,-3.256852626800537,0.8065695762634277,-3.2962474822998047,0.95900958776474,-3.3321406841278076,1.0530598163604736,-3.3019418716430664,1.0012162923812866,-3.2222297191619873,0.9543728828430176,-3.147739887237549,0.9367715120315552,-3.058626413345337,0.9307138323783875,-2.9873552322387695,0.9038307070732117,-2.9606728553771973,0.880632221698761,-2.968903064727783,0.9408113360404968,-2.981926918029785,1.003702163696289,-2.942246437072754,0.9482096433639526,-2.916179656982422,0.9090886116027832,-2.906674861907959,0.9095648527145386,-2.9066555500030518,0.9057093262672424,-2.923327684402466,0.9144786596298218,-2.9495790004730225,0.9412257075309753,-2.974177598953247,0.9921924471855164,-2.968902587890625,1.0530550479888916,-2.9388480186462402,1.0181703567504883,-2.914851188659668,0.9433714747428894,-2.8985657691955566,0.8893904089927673,-2.9096455574035645,0.912984311580658,-2.932551145553589,0.9542552828788757,-2.959052562713623,1.024394154548645,-2.9680891036987305,1.045436143875122,-2.973128318786621,1.037876009941101,-2.9678397178649902,0.9865820407867432,-2.9710259437561035,0.9419295787811279,-2.999352216720581,0.9146931171417236,-3.009507656097412,0.9439001083374023,-3.024733066558838,0.9935364723205566,-3.0158655643463135,0.986567497253418,-3.0088043212890625,0.9810147285461426,-3.009827136993408,0.9238837361335754,-3.0193185806274414,0.8895043134689331,-3.025667190551758,0.8873652815818787,-3.022554874420166,0.9122276306152344,-3.0258443355560303,0.9313552379608154,-3.043431043624878,0.9326477646827698,-3.0611679553985596,0.9316431879997253,-3.06734561920166,0.9035375714302063,-3.0494046211242676,0.9079453945159912,-3.032210111618042,0.9108818769454956,-3.0289292335510254,0.9067667126655579,-3.038616895675659,0.9062516689300537,-3.069957971572876,0.9274503588676453,-3.0906848907470703,0.9174774289131165,-3.091864824295044,0.9076650142669678,-3.070117712020874,0.8859834671020508,-3.0637881755828857,0.8709691166877747,-3.0637757778167725,0.8694563508033752,-3.0660276412963867,0.8556792736053467,-3.0705387592315674,0.8341994881629944,-3.0794832706451416,0.8274330496788025,-3.091186046600342,0.8545874357223511,-3.098234176635742,0.8773394823074341,-3.1153957843780518,0.8901208639144897,-3.134735107421875,0.8772608637809753,-3.1469130516052246,0.8644364476203918,-3.1358025074005127,0.8621609807014465,-3.1223669052124023,0.8619577288627625,-3.1164567470550537,0.8617120385169983,-3.1276869773864746,0.8447478413581848,-3.1206650733947754,0.8730342984199524,-3.0962488651275635,0.8846498727798462,-3.0557241439819336,0.8707849383354187,-3.0055837631225586,0.8316934704780579,-2.992063045501709,0.8088003396987915,-2.9770257472991943,0.7819331884384155,-2.9276647567749023,0.7632394433021545,-2.756650686264038,0.8251370191574097,-2.523228883743286,0.9223294854164124,-2.21435809135437,1.0606780052185059,-1.9341840744018555,1.202170968055725,-1.657727837562561,1.3462527990341187,-1.365925908088684,1.4796137809753418,-1.109554409980774,1.6345564126968384,-0.9177471399307251,1.9230704307556152,-0.7206409573554993,2.2446632385253906,-0.5326138138771057,2.4570770263671875,-0.3891824185848236,2.487525224685669,-0.2520189583301544,2.454937696456909,-0.05833440646529198,2.4195339679718018,0.16135333478450775,2.354853630065918,0.3047713339328766,2.2903926372528076,0.43312469124794006,2.2610368728637695,0.5776482224464417,2.2121639251708984,0.7230908274650574,2.1311843395233154,0.9020968675613403,2.0144057273864746,1.099082589149475,1.8300977945327759,1.258004069328308,1.6815675497055054,1.36650550365448,1.597834825515747,1.5146281719207764,1.4539520740509033,1.6162441968917847,1.3724623918533325,1.69725501537323,1.3069952726364136,1.7593542337417603,1.2572139501571655,1.8096235990524292,1.1908409595489502,1.832280158996582,1.1555010080337524,1.8353562355041504,1.1752697229385376,1.8590010404586792,1.1231046915054321,1.8960840702056885,0.9945816397666931,1.9427376985549927,0.7927915453910828,1.9949207305908203,0.6389110684394836,2.0878257751464844,0.5192867517471313,2.1771602630615234,0.30477580428123474,2.253797769546509,0.06685014814138412,2.345071792602539,-0.1541394740343094,2.431218385696411,