{"bimodal":false,"column_names":[""],"dimension":2,"dimension_input":0,"label":"forme1-3","data":[0.19653412699699402,-0.6375190615653992,0.11788562685251236,-0.602064311504364,-0.1016497015953064,-0.6310368180274963,-0.30704548954963684,-0.7167930603027344,-0.41751939058303833,-0.7983313202857971,-0.5147765278816223,-0.8272906541824341,-0.6594580411911011,-0.9007053971290588,-0.7695568799972534,-0.9979838728904724,-0.8343261480331421,-1.1106501817703247,-0.8900085091590881,-1.2170791625976562,-0.9461788535118103,-1.3245213031768799,-1.0166089534759521,-1.404630184173584,-1.0908610820770264,-1.467454433441162,-1.1711461544036865,-1.5486372709274292,-1.2528501749038696,-1.63606595993042,-1.3255599737167358,-1.6989693641662598,-1.3750555515289307,-1.742403507232666,-1.4162427186965942,-1.7722325325012207,-1.457448124885559,-1.782356858253479,-1.5195361375808716,-1.7693848609924316,-1.5701721906661987,-1.8124146461486816,-1.5698169469833374,-1.9076204299926758,-1.5714740753173828,-1.9847679138183594,-1.5794099569320679,-2.0483124256134033,-1.5914552211761475,-2.0950706005096436,-1.594090461730957,-2.132340908050537,-1.589897632598877,-2.1891140937805176,-1.585153341293335,-2.2371621131896973,-1.5747450590133667,-2.2805376052856445,-1.549285650253296,-2.331179141998291,-1.5109575986862183,-2.367917060852051,-1.4621893167495728,-2.394815444946289,-1.4102978706359863,-2.424025297164917,-1.3660136461257935,-2.4543850421905518,-1.3152154684066772,-2.5118865966796875,-1.2715004682540894,-2.568603754043579,-1.2276145219802856,-2.6050527095794678,-1.1670552492141724,-2.653792142868042,-1.1227004528045654,-2.6622705459594727,-1.08778977394104,-2.6754395961761475,-1.0690910816192627,-2.6582460403442383,-1.0536718368530273,-2.645951747894287,-1.0470412969589233,-2.6456539630889893,-1.039855718612671,-2.6429977416992188,-1.0278651714324951,-2.627417802810669,-1.0351604223251343,-2.618666648864746,-1.0350725650787354,-2.61358642578125,-1.0171064138412476,-2.623410701751709,-0.9980888366699219,-2.626314401626587,-0.9973983764648438,-2.6126203536987305,-1.035515308380127,-2.632378101348877,-1.079180359840393,-2.660182476043701,-1.113466739654541,-2.6497271060943604,-1.1340564489364624,-2.629075527191162,-1.161152720451355,-2.611135959625244,-1.2065153121948242,-2.597809076309204,-1.2874476909637451,-2.578960418701172,-1.3839869499206543,-2.5670573711395264,-1.4916669130325317,-2.5363476276397705,-1.5730388164520264,-2.507784366607666,-1.644720196723938,-2.452613592147827,-1.727669596672058,-2.367201089859009,-1.8222678899765015,-2.289517879486084,-1.9160007238388062,-2.225385904312134,-1.9727530479431152,-2.170931100845337,-2.0094501972198486,-2.136258363723755,-2.0594141483306885,-2.137453317642212,-2.10892915725708,-2.140627384185791,-2.1745333671569824,-2.1153881549835205,-2.2345402240753174,-2.0396928787231445,-2.2902026176452637,-1.9781018495559692,-2.3281137943267822,-1.9479085206985474,-2.367225408554077,-1.9436436891555786,-2.391695022583008,-1.9492366313934326,-2.3836348056793213,-1.931337594985962,-2.3877079486846924,-1.9171804189682007,-2.449951171875,-1.8837229013442993,-2.5241520404815674,-1.8555247783660889,-2.5515851974487305,-1.784497857093811,-2.567380905151367,-1.6374499797821045,-2.6139726638793945,-1.446286916732788,-2.765583038330078,-1.1844297647476196,-2.961979627609253,-0.9552525877952576,-3.1471378803253174,-0.7706753611564636,-3.272797107696533,-0.6315556764602661,-3.347412347793579,-0.5305026173591614,-3.4001846313476562,-0.5003510117530823,-3.4316067695617676,-0.5129719376564026,-3.4718945026397705,-0.5018219947814941,-3.4939279556274414,-0.42341139912605286,-3.462048053741455,-0.31634265184402466,-3.4288430213928223,-0.2299650013446808,-3.3912971019744873,-0.20325540006160736,-3.3512609004974365,-0.24983447790145874,-3.3007657527923584,-0.2753540575504303,-3.2591006755828857,-0.1915508359670639,-3.2868568897247314,-0.09603137522935867,-3.330223321914673,-0.004741566255688667,-3.367074489593506,0.06855824589729309,-3.393709182739258,0.10998857021331787,-3.3817315101623535,0.13127022981643677,-3.3778343200683594,0.1424931436777115,-3.403892993927002,0.15286993980407715,-3.4270565509796143,0.14964450895786285,-3.4237842559814453,0.17259053885936737,-3.3655781745910645,0.24530072510242462,-3.3062703609466553,0.29600027203559875,-3.276679277420044,0.28148093819618225,-3.2655065059661865,0.26856502890586853,-3.2467103004455566,0.30541151762008667,-3.208888053894043,0.44537320733070374,-3.1715192794799805,0.5201284885406494,-3.1541528701782227,0.5530658960342407,-3.1768808364868164,0.553062915802002,-3.2004241943359375,0.5491511821746826,-3.2260522842407227,0.5791257619857788,-3.2378017902374268,0.5864254236221313,-3.227780818939209,0.6005691885948181,-3.1868412494659424,0.6607303619384766,-3.117727518081665,0.7052969932556152,-3.0594615936279297,0.6685272455215454,-3.016847848892212,0.6810465455055237,-2.987206220626831,0.718508243560791,-2.972756862640381,0.8206083178520203,-2.9785001277923584,0.9150095582008362,-2.973062038421631,0.9408553838729858,-2.9384968280792236,0.958930253982544,-2.909175157546997,1.0061633586883545,-2.9065284729003906,1.0967144966125488,-2.9224326610565186,1.1097673177719116,-2.910792112350464,1.1047297716140747,-2.853545904159546,1.1237890720367432,-2.812206506729126,1.2237592935562134,-2.7881875038146973,1.3209327459335327,-2.777775764465332,1.361254096031189,-2.7641310691833496,1.3847583532333374,-2.7511167526245117,1.4267476797103882,-2.7588741779327393,1.4268720149993896,-2.7683029174804688,1.400873064994812,-2.770077705383301,1.4002923965454102,-2.759481430053711,1.386759877204895,-2.747633457183838,1.3701448440551758,-2.737649440765381,1.3446712493896484,-2.7297980785369873,1.326982021331787,-2.740244150161743,1.3263965845108032,-2.7527554035186768,1.3341339826583862,-2.762768507003784,1.3403208255767822,-2.7698137760162354,1.3506324291229248,-2.766319513320923,1.3645716905593872,-2.774789571762085,1.3725812435150146,-2.779914140701294,1.363355040550232,-2.800628900527954,1.3468672037124634,-2.816406488418579,1.3296711444854736,-2.8084661960601807,1.3258848190307617,-2.772019147872925,1.3537784814834595,-2.7499001026153564,1.379570722579956,-2.757608413696289,1.3770966529846191,-2.7924001216888428,1.3402419090270996,-2.800266981124878,1.3236976861953735,-2.7892251014709473,1.3278312683105469,-2.7668778896331787,1.3613886833190918,-2.743986129760742,1.393807053565979,-2.7460734844207764,1.424506664276123,-2.6425554752349854,1.4580436944961548,-2.521310806274414,1.4954252243041992,-2.422520399093628,1.5694820880889893,-2.361192226409912,1.6861451864242554,-2.3278250694274902,1.7786176204681396,-2.2603671550750732,1.77663254737854,-2.0733284950256348,1.7114226818084717,-1.7474232912063599,1.7040095329284668,-1.4776326417922974,1.73769211769104,-1.1936490535736084,1.8397932052612305,-0.9236722588539124,1.8956799507141113,-0.7010623812675476,1.9520776271820068,-0.511515736579895,2.088440179824829,-0.32341012358665466,2.2830944061279297,-0.17242074012756348,2.4465060234069824,-0.0833914577960968,2.517601728439331,-0.01501090731471777,2.537309408187866,0.0545518733561039,2.585574150085449,0.16485510766506195,2.7456061840057373,0.29829132556915283,2.8213679790496826,0.47339996695518494,2.8541693687438965,0.64447021484375,2.9004874229431152,0.8109488487243652,2.9440181255340576,0.9629020094871521,2.945631265640259,1.119422197341919,2.903636932373047,1.3178904056549072,2.7100768089294434,1.4889801740646362,2.4693820476531982,1.611380696296692,2.286517381668091,1.7070646286010742,2.185575246810913,1.8985241651535034,2.173771858215332,2.084368944168091,2.181243658065796,2.2292959690093994,2.153903007507324,2.3207783699035645,2.0251026153564453,2.437429428100586,1.893052339553833,2.557021141052246,1.7630680799484253,2.6568896770477295,1.52704918384552,2.741929292678833,1.2743555307388306,2.862180709838867,1.0652927160263062,3.0019240379333496,0.9438232779502869,3.1195499897003174,0.840319037437439,3.194744110107422,