{"bimodal":false,"column_names":[""],"dimension":2,"dimension_input":0,"label":"forme1-3","data":[-3.1040468215942383,2.4881043434143066,-0.8307567834854126,-3.069983959197998,-0.77718186378479,-3.177534818649292,-2.0354721546173096,-3.0191996097564697,-2.9005002975463867,-3.3067708015441895,-1.8632419109344482,-3.1762053966522217,-1.491464614868164,-3.0459775924682617,-1.4998446702957153,-3.393496036529541,-1.6676292419433594,-3.4261257648468018,-1.5857819318771362,-3.115267276763916,-1.5500025749206543,-3.0301005840301514,-2.3138844966888428,-3.322295904159546,-2.578273057937622,-3.035336494445801,-2.5281832218170166,-3.123657703399658,-2.3976972103118896,-3.234957456588745,-1.6389715671539307,-3.014080762863159,-1.2752138376235962,-3.233776569366455,-0.9449029564857483,-3.28767728805542,-0.04517403617501259,-3.4308369159698486,0.3038930594921112,-3.027050495147705,0.12037393450737,-3.2284505367279053,-0.14013929665088654,-3.0542080402374268,-3.1224658489227295,0.5941846966743469,-1.2498219013214111,3.298262596130371,-0.2711195647716522,3.167592763900757,3.0605053901672363,2.362832546234131,3.0242176055908203,0.9761009216308594,3.045999050140381,0.8699996471405029,3.042133331298828,0.5235410332679749,3.412179470062256,0.5544768571853638,3.2904555797576904,1.2314097881317139,3.1981189250946045,1.4577828645706177,3.1645548343658447,1.352670669555664,3.0690577030181885,0.7448955774307251,3.317455291748047,0.40409576892852783,3.0940592288970947,0.46063974499702454,3.055572271347046,1.6935845613479614,2.401765823364258,3.0631606578826904,3.2175514698028564,2.402350664138794,3.189516544342041,-0.4009282886981964,3.115901231765747,-1.5109729766845703,3.2674190998077393,-2.056877851486206,1.9126774072647095,-3.1790637969970703,0.057814497500658035,-3.1995952129364014,-1.2643158435821533,-3.48593807220459,-2.6085269451141357,-3.371619462966919,-2.335513114929199,-3.197736978530884,-2.0909643173217773,-3.2381744384765625,-1.8269258737564087,-3.455543041229248,-1.8308141231536865,-3.475393772125244,-2.004225492477417,-3.318807363510132,-2.252609968185425,-3.1681408882141113,-3.5559654235839844,-3.350102424621582,-3.5246500968933105,-2.4964540004730225,-3.0261917114257812,-1.8302881717681885,-3.0227901935577393,-1.8485156297683716,-3.551821231842041,-2.4098494052886963,-3.136241912841797,-2.5411691665649414,-3.226792812347412,-3.403130531311035,-2.9621222019195557,-3.5019137859344482,-3.2914085388183594,-3.3334105014801025,-3.453324317932129,-2.389983654022217,-3.710653066635132,-2.136396646499634,-3.127530574798584,-1.3763986825942993,-3.5385258197784424,-1.2037582397460938,-3.7012758255004883,-1.087937355041504,-3.7061927318573,-1.1468859910964966,-3.660987615585327,-1.1580402851104736,-3.7438976764678955,-1.2337288856506348,-3.5948891639709473,-1.2682472467422485,-3.414125442504883,-1.3774610757827759,-3.215304136276245,-1.304774284362793,-3.066555976867676,-0.8087855577468872,-3.6374611854553223,0.27972087264060974,-3.399944543838501,0.5051142573356628,-3.3464014530181885,1.0421496629714966,-3.352358102798462,0.9704727530479431,-3.394089698791504,0.8407243490219116,-3.4289228916168213,0.8428623676300049,-3.4216508865356445,0.535330593585968,-2.189678192138672,3.054921865463257,0.7088856101036072,3.1985344886779785,0.945557177066803,3.718522548675537,0.9323240518569946,3.7641963958740234,0.40852630138397217,3.0364902019500732,-0.17938147485256195,3.132506847381592,-0.7923372387886047,3.4046967029571533,-0.9315340518951416,3.307086944580078,-0.9538225531578064,3.237046480178833,-0.7755110859870911,3.2835121154785156,0.03831248730421066,3.186284303665161,0.089774951338768,3.2601828575134277,0.7991724014282227,3.0349690914154053,1.6387988328933716,3.5795533657073975,1.779280424118042,3.2573440074920654,1.7788212299346924,3.03633975982666,1.5741138458251953,3.1333673000335693,1.6392349004745483,3.3380866050720215,2.5027883052825928,3.079425811767578,3.3694541454315186,2.7706613540649414,2.242302656173706,3.3129289150238037,0.13295340538024902,3.0167057514190674,-0.3082282841205597,3.2444841861724854,-0.6154047846794128,3.335705041885376,-1.793967843055725,3.221162796020508,-1.5181653499603271,3.5749473571777344,-1.7588831186294556,3.036182165145874,-3.2086377143859863,2.396700382232666,-3.393742799758911,2.037562608718872,-3.3081905841827393,1.6283866167068481,-3.6439218521118164,1.1921546459197998,-3.2466673851013184,0.6746619343757629,-3.1420178413391113,0.5979019999504089,-3.4692788124084473,0.5736775398254395,-3.3040661811828613,0.5552880764007568,-3.1260273456573486,0.4755590558052063,-3.258822202682495,0.7042794227600098,-3.5548338890075684,-0.16260133683681488,-3.4387693405151367,-1.1179560422897339,-3.134829044342041,-1.3757673501968384,-3.007262945175171,-3.2950046062469482,-2.911007881164551,-3.1859991550445557,-3.208803415298462,-2.832259178161621,-3.0985922813415527,-2.9251046180725098,-2.5018599033355713,-3.5079870223999023,-1.4041790962219238,-3.0130200386047363,-1.2877697944641113,-3.1570918560028076,-1.327698826789856,-3.1547415256500244,-1.3865470886230469,-3.053708791732788,-1.5108593702316284,-3.126958131790161,-1.5528556108474731,-3.0383341312408447,-1.6037088632583618,-3.07981014251709,-1.7272523641586304,-3.145150661468506,-1.6404531002044678,-3.074957847595215,-1.5633925199508667,-3.133028030395508,-1.6209189891815186,-3.149632215499878,-1.5825157165527344,-3.102543354034424,-1.6558421850204468,-3.101269006729126,-1.7130047082901,-3.1286182403564453,-1.7415062189102173,-3.0404155254364014,-1.7202439308166504,-3.0085506439208984,-1.7463513612747192,-3.1587860584259033,-1.7221089601516724,-3.0209546089172363,-2.1446661949157715,-3.576416254043579,-1.5605415105819702,-3.0890026092529297,-1.1048452854156494,-3.5177788734436035,-1.167065143585205,-3.4490549564361572,-1.015537977218628,-3.5255379676818848,-1.1650067567825317,-3.244824171066284,-1.2166023254394531,-3.159912347793579,-1.322433352470398,-3.1451416015625,-1.127152442932129,-3.360471725463867,-1.1245002746582031,-3.235922336578369,-0.38025593757629395,-3.5747461318969727,0.9245948195457458,-3.5762617588043213,0.9699012637138367,-3.672412633895874,0.546291708946228,-3.712252140045166,0.6751326322555542,-3.65529727935791,0.7044511437416077,-3.626851797103882,0.7330772876739502,-3.65429949760437,0.9158738851547241,-3.4113616943359375,1.526037573814392,-3.0211031436920166,3.126927375793457,-3.3112833499908447,3.104583501815796,-2.8876428604125977,3.3650906085968018,-2.836042642593384,3.3307695388793945,-2.6414847373962402,3.2018542289733887,-1.6163643598556519,3.0715103149414062,-0.5311822891235352,3.33164381980896,0.8130881786346436,3.1366193294525146,1.3925176858901978,3.4101314544677734,0.6407142281532288,3.0281763076782227,0.11654569953680038,3.593996047973633,-0.24689190089702606,3.3840749263763428,-0.22465825080871582,3.1712241172790527,0.002905986038967967,3.24967885017395,0.1537655144929886,3.1890835762023926,0.334907203912735,3.388627290725708,0.41564950346946716,3.3907272815704346,0.3500727713108063,3.15714955329895,0.4885037839412689,3.08065128326416,0.3828619122505188,3.4634997844696045,-0.46549567580223083,3.3684794902801514,-0.723333477973938,3.1734697818756104,-0.5890169739723206,3.295396089553833,-0.5513770580291748,3.265348196029663,-0.45971372723579407,3.2076892852783203,-0.45948928594589233,3.2622854709625244,-0.433789998292923,3.268958568572998,-0.450376957654953,3.2254233360290527,-0.4774359464645386,3.304652690887451,-0.44757840037345886,3.3041815757751465,-0.36514750123023987,3.21398663520813,-0.33288446068763733,3.254595994949341,-0.38549017906188965,3.385619878768921,-0.4043242633342743,3.4187536239624023,-0.42608848214149475,3.4909231662750244,-0.531829833984375,3.4777989387512207,-0.5939350128173828,3.5090606212615967,-0.6484242677688599,3.3147101402282715,-0.5974684357643127,3.5262296199798584,-0.658835232257843,3.5689613819122314,-0.6191350221633911,3.3860180377960205,-0.5718934535980225,3.3469924926757812,-0.4733949601650238,3.2786145210266113,