{"bimodal":false,"column_names":[""],"dimension":2,"dimension_input":0,"label":"forme4-12","data":[-1.078406810760498,-3.1421101093292236,-1.7499346733093262,-3.0109775066375732,-1.693469762802124,-3.001871347427368,-0.6502865552902222,-3.040656089782715,-0.3714336156845093,-3.2631449699401855,-0.6806203722953796,-3.2390952110290527,-0.4012452960014343,-3.1706080436706543,-0.3317123353481293,-3.0937719345092773,-0.3051527440547943,-3.0310328006744385,-0.9000842571258545,-3.04980731010437,-2.4550139904022217,-3.2439234256744385,-3.357574462890625,-2.072770595550537,-3.0088045597076416,-1.2061777114868164,-3.0924715995788574,0.8515449166297913,-3.193145513534546,2.2258875370025635,-3.4160120487213135,3.2505502700805664,-3.032705307006836,2.2455601692199707,-3.480922222137451,2.8732659816741943,-3.528003692626953,2.6408767700195312,-3.177919864654541,2.816254138946533,-3.4368135929107666,2.485956907272339,-3.0016558170318604,2.667097568511963,-3.0166726112365723,3.150815010070801,0.9875843524932861,3.2034709453582764,2.6775505542755127,3.1613738536834717,3.2784605026245117,3.1846697330474854,1.3344026803970337,3.525696039199829,0.4397660493850708,3.075744152069092,-0.39105767011642456,3.362988233566284,-0.1183609887957573,3.2364752292633057,-0.01823052205145359,3.096238613128662,0.3885619640350342,3.3964555263519287,1.8569682836532593,3.2455992698669434,1.9496479034423828,3.38857364654541,2.555814266204834,3.41190242767334,3.16436505317688,3.114778995513916,3.4668843746185303,2.518754005432129,3.001453399658203,1.8894381523132324,3.2173190116882324,1.5584895610809326,3.2653589248657227,1.0534056425094604,3.617680311203003,1.0305187702178955,3.312945604324341,0.9283444285392761,3.286440372467041,0.13632671535015106,3.591324806213379,-0.2432953268289566,3.380784749984741,-0.018845820799469948,3.2149603366851807,-0.24122831225395203,3.530132293701172,-0.034866731613874435,3.567775011062622,0.01649470068514347,3.172283172607422,-0.1012461706995964,3.2735936641693115,0.1060367077589035,3.1611971855163574,-0.17294704914093018,3.4689133167266846,0.19869086146354675,3.2810468673706055,-0.2938455641269684,3.751870632171631,-0.4322696626186371,3.4518868923187256,-0.4788987338542938,3.243924140930176,-0.705784261226654,3.106626510620117,-0.28938043117523193,3.094078540802002,-1.0998539924621582,0.17632578313350677,-3.166407346725464,-0.927391529083252,-3.1129558086395264,-0.7958794832229614,-3.3918135166168213,0.46325892210006714,-3.067187786102295,0.6634411215782166,-3.347785472869873,1.0250071287155151,-3.274115562438965,1.4566282033920288,-3.048718214035034,1.0933400392532349,-3.1879963874816895,1.2888704538345337,-3.498107433319092,0.5447087287902832,-3.3387691974639893,0.7055981755256653,-3.5860238075256348,0.799643874168396,-3.1827456951141357,0.2842157185077667,-3.6658382415771484,0.3323315978050232,-3.394371747970581,0.3570079207420349,-3.8155078887939453,0.03876027092337608,-3.8124358654022217,0.3908805549144745,-3.938880205154419,0.4309779405593872,-3.633204698562622,0.17129531502723694,-3.97845458984375,0.11741315573453903,-3.010815382003784,0.2772786319255829,-3.61053204536438,-0.0028650921303778887,-3.621382236480713,-0.10539020597934723,-3.0045626163482666,-0.17539839446544647,-3.8364078998565674,-0.4427829086780548,-3.494428873062134,-0.664761483669281,-3.802708864212036,-1.396085262298584,-3.3504867553710938,-3.129978656768799,-2.910315752029419,-3.179828405380249,-1.6629964113235474,-3.476043701171875,-1.1635984182357788,-3.465474843978882,-1.075217604637146,-3.437995433807373,-1.2142282724380493,-3.5119361877441406,-1.154706358909607,-3.400554895401001,-1.0261669158935547,-3.352245330810547,-0.9905451536178589,-3.0535945892333984,-0.654703676700592,-3.261462688446045,0.6759861707687378,-3.006406545639038,2.0179319381713867,-2.8987510204315186,3.0568573474884033,-2.1895713806152344,3.595529794692993,-1.5179799795150757,3.159229040145874,-1.153847336769104,3.4327712059020996,-0.6937663555145264,3.3042874336242676,-0.4204082190990448,3.236368179321289,-0.3890455663204193,3.369948625564575,-0.39147451519966125,3.223001480102539,-0.43151623010635376,3.0960707664489746,-0.3900882303714752,3.0806775093078613,-0.27933189272880554,3.0700619220733643,-0.057898443192243576,3.208935260772705,0.3799629211425781,3.4589133262634277,0.6515761613845825,3.571056365966797,0.4356420934200287,3.624340057373047,0.17864693701267242,3.5353305339813232,-0.07271075248718262,3.504721164703369,-0.2510727047920227,3.482266426086426,-0.4103130102157593,3.440296173095703,-0.5228191614151001,3.396595001220703,-1.6198251247406006,3.122415065765381],"data_input":[],"data_output":[],"length":117}