{"bimodal":false,"column_names":[""],"dimension":2,"dimension_input":0,"label":"forme2-1","data":[-0.35867324471473694,3.27126407623291,-0.2364286333322525,3.3619682788848877,0.01290208101272583,3.1322507858276367,0.22379320859909058,3.3247170448303223,0.27351659536361694,3.0948095321655273,0.4493560492992401,3.605389356613159,0.2831299304962158,3.2120065689086914,0.43765988945961,3.4849021434783936,0.15767797827720642,3.100642681121826,-0.04579617828130722,3.0327465534210205,-0.014234671369194984,3.2482402324676514,-0.028209228068590164,3.0737533569335938,-0.5514599084854126,3.5458037853240967,-0.4833889603614807,3.5414557456970215,-0.4008435010910034,3.5333707332611084,-0.3057001233100891,3.5769236087799072,-0.4608519971370697,3.6203203201293945,-0.4630677402019501,3.7088499069213867,-0.49900344014167786,3.3528881072998047,-0.869905948638916,3.4840660095214844,-1.3905495405197144,3.4822335243225098,-1.8259629011154175,3.442194700241089,-1.5601723194122314,3.137263059616089,-1.540869116783142,3.1796157360076904,-1.5951563119888306,3.135374069213867,-1.3354915380477905,3.6514580249786377,-1.1396706104278564,3.641228199005127,-0.9533039331436157,3.063361644744873,-1.2819322347640991,3.679776191711426,-1.294763445854187,3.5111711025238037,-1.3818650245666504,3.6683380603790283,-1.397752046585083,3.7296106815338135,-1.119192123413086,3.663950204849243,-0.7751800417900085,3.069385528564453,-0.7429648041725159,3.016237258911133,-0.9279298782348633,3.616731643676758,-1.092321753501892,3.5544285774230957,-1.308286190032959,3.6327013969421387,-1.2652617692947388,3.5879271030426025,-1.391904354095459,3.5137174129486084,-1.4409699440002441,3.5002715587615967,-1.4515095949172974,3.661248207092285,-1.5656077861785889,3.055948257446289,-3.4166007041931152,0.0892704427242279,-3.128774642944336,-1.7291990518569946,-3.5706825256347656,-2.064448833465576,-2.469741106033325,-3.4754254817962646,0.9484250545501709,-3.228830099105835,0.539747416973114,-3.248972177505493,0.8565207719802856,-3.1444056034088135,0.46547746658325195,-3.3956196308135986,-0.3266494870185852,-3.108924627304077,-0.46264031529426575,-3.1230194568634033,-0.4076869785785675,-3.370720624923706,-0.12323711067438126,-3.1291544437408447,-0.7098426818847656,-3.1848416328430176,-3.141993522644043,0.8001028299331665,-3.7416832447052,1.4015848636627197,-3.211892604827881,1.268389105796814,-3.1364471912384033,1.458835482597351,-3.147832155227661,1.5760729312896729,-3.105614185333252,1.5080819129943848,-3.120067596435547,1.536620855331421,-3.5372185707092285,1.7903106212615967,-3.277924060821533,1.6570155620574951,-3.0913147926330566,1.5556997060775757,-3.4078848361968994,2.031162738800049,-3.3190267086029053,2.2915616035461426,-2.4574782848358154,3.325258493423462,-0.521037220954895,3.1997640132904053,1.2624998092651367,3.5039002895355225,3.112844705581665,2.5296003818511963,3.6535909175872803,2.34586238861084,3.0267422199249268,1.9602090120315552,3.0853559970855713,1.9441688060760498,3.264784574508667,1.7970874309539795,3.430251121520996,1.6344647407531738,3.421776056289673,1.5811666250228882,3.4255988597869873,1.425698161125183,3.553579330444336,0.9614188075065613,3.5430779457092285,0.829923152923584,3.5170271396636963,0.7775284647941589,3.4998815059661865,0.8122191429138184,3.4334237575531006,0.7432922124862671,3.4034149646759033,0.664902925491333,3.294991970062256,0.728360116481781,3.31215238571167,0.7160709500312805,3.274811267852783,0.7007076144218445,3.2654011249542236,0.6728112697601318,3.1588549613952637,0.6320066452026367,3.6456432342529297,0.8168255090713501,3.2872352600097656,1.5823332071304321,1.5306710004806519,3.159684658050537,-1.6538023948669434,3.017820119857788,-3.35300350189209,2.0769128799438477,-3.0360636711120605,0.6965305805206299,-3.4432058334350586,0.6231788992881775,-3.530292510986328,0.4286521375179291,-3.52821683883667,0.19666191935539246,-3.52950382232666,0.16122156381607056,-3.5389177799224854,0.1214510127902031,-3.5117685794830322,0.03309598192572594,-3.480213165283203,-0.06962789595127106,-3.290827512741089,-0.3078218102455139,-3.399197578430176,-2.071399688720703,-3.714815855026245,-3.278919219970703,-3.0378036499023438,-2.7985637187957764,-3.0574233531951904,-2.8319027423858643,-3.039278984069824,-2.416171073913574,-3.0063323974609375,-2.176795721054077,-3.1215124130249023,-2.0443990230560303,-3.22035551071167,-1.7329902648925781,-3.279470682144165,-1.7638955116271973,-3.308436155319214,-1.8598003387451172,-3.2341926097869873,-1.764827847480774,-3.149799346923828,-1.933815836906433,-3.1308627128601074,-2.068371295928955,-3.1798110008239746,-2.230476140975952,-3.108799934387207,-2.180408000946045,-3.138162612915039,-2.2154760360717773,-3.124001979827881,-2.1532158851623535,-3.1277260780334473,-2.2071473598480225,-3.078376531600952,-2.3746724128723145,-3.0877959728240967,-2.355346918106079,-3.5075387954711914,-3.330458641052246,-3.0882365703582764,-3.336923122406006,-1.8070954084396362,-3.232229709625244,-1.2182964086532593,-3.6352651119232178,-0.9741450548171997,-3.2939631938934326,-0.9628850817680359,-3.369392156600952,-0.9112410545349121,-3.368980884552002,-0.8763077855110168,-3.2937211990356445,-0.010762644000351429,-3.337723731994629,0.34766530990600586,-3.4386167526245117,0.23524966835975647,-3.416940212249756,0.18626154959201813,-3.3505072593688965,0.6023568511009216,-3.266629457473755,1.192183494567871,-3.3343515396118164,1.367905855178833,-3.3680996894836426,1.3060569763183594,-3.3398969173431396,1.230254054069519,-3.370114326477051,1.2104792594909668,-3.4098448753356934,1.2289148569107056,-3.4523634910583496,1.1973974704742432,-3.4159607887268066,1.1883153915405273,-3.4554359912872314,1.1734793186187744,-3.4169795513153076,1.2944117784500122,-3.5014021396636963,1.3256957530975342,-3.1713173389434814,2.233881950378418,-3.3578622341156006,3.1307482719421387,-3.243176221847534,3.300729513168335,-2.9287309646606445,3.3335723876953125,-2.8437554836273193,3.2506346702575684,-2.7549941539764404,3.001617193222046,-1.9429103136062622,3.4559175968170166,-1.307116150856018,3.230135202407837,0.08721159398555756,2.093517780303955,3.052703857421875,0.5877169966697693,3.287043809890747,0.08657345175743103,3.7467596530914307,-0.29957473278045654,3.2668521404266357,-0.5383878350257874,3.2524983882904053,-0.9563297033309937,3.2214748859405518,-1.0744256973266602,3.2295992374420166,-1.139092206954956,3.2864222526550293,-1.1671682596206665,3.261226177215576,-1.2722914218902588,3.1967074871063232,-1.3732085227966309,3.5214951038360596,-1.3410067558288574,3.4282469749450684,-1.4148517847061157,3.348294496536255,-1.3874186277389526,3.421724796295166,-1.1594593524932861,3.0511372089385986,-1.351974368095398,3.0370805263519287,-1.4355438947677612,3.0581119060516357,-1.4939799308776855,3.0215368270874023,-1.8036777973175049,3.547466278076172,-1.7132669687271118,3.4086568355560303,-1.6400485038757324,3.2952160835266113,-1.3628110885620117,3.4748411178588867,-0.5637623071670532,3.4061777591705322,0.9131245017051697,3.000375747680664,3.1735641956329346,0.6360993385314941,3.103494167327881,0.6745322942733765,3.1350624561309814,0.7955085039138794,3.00697660446167,0.9481739401817322,3.2204501628875732,-0.7561193704605103,3.2734720706939697,-2.0730130672454834,3.1993050575256348,-2.5199639797210693,3.1522581577301025,-3.0238606929779053,3.080467700958252,-2.8715171813964844,3.232006788253784,-2.655937910079956,3.2504782676696777,-1.7096909284591675,3.0280206203460693,-2.1131744384765625,3.15509033203125,-3.2341179847717285,2.6281068325042725,-3.1883044242858887,2.547698736190796,-3.3636341094970703,1.831023097038269,-3.153519630432129,1.8455320596694946,-3.474090814590454,1.8442944288253784,-3.2447519302368164,1.7921957969665527,-3.1667940616607666,1.7524834871292114,-3.049067735671997,2.363720178604126,-3.4266083240509033,2.536100149154663,-3.4438774585723877,2.731480360031128,-3.1052000522613525,2.832754135131836,-3.1030070781707764,2.935178756713867,-3.034883499145508,3.364159345626831,