{"bimodal":false,"column_names":[""],"dimension":2,"dimension_input":0,"label":"forme1-18","data":[-3.070688486099243,1.3565775156021118,-3.0943069458007812,-0.8344151973724365,-3.356982946395874,-0.9423829317092896,-3.3641772270202637,-1.4897010326385498,-3.6833605766296387,-1.6055397987365723,-3.059161424636841,-1.3008579015731812,-3.1403887271881104,-1.102247953414917,-3.229065179824829,-1.069663405418396,-3.1996734142303467,-1.0090184211730957,-3.13655161857605,-0.9640295505523682,-3.2673678398132324,-0.7385269999504089,-3.4919843673706055,-0.5628985166549683,-3.816579580307007,-0.25707492232322693,-3.8017938137054443,-0.34907951951026917,-3.46663498878479,-0.7020302414894104,-3.572585344314575,-0.6335599422454834,-3.753896474838257,-0.1893003135919571,-3.469651460647583,-0.3379373252391815,-3.6110291481018066,-0.30961334705352783,-3.5715067386627197,-0.4655569791793823,-3.239955425262451,-0.6826885342597961,-3.344606876373291,-0.6179383397102356,-3.5804529190063477,-0.5040977001190186,-3.521470546722412,-0.4700593650341034,-3.426377296447754,-0.7897900938987732,-3.873049020767212,-0.4621117413043976,-3.77409291267395,-0.27555450797080994,-3.8453402519226074,-0.012976666912436485,-3.8411636352539062,-0.21595148742198944,-3.0447514057159424,0.017383528873324394,-3.3636510372161865,0.44103825092315674,-3.391226291656494,0.44356751441955566,-3.3047611713409424,0.367960661649704,-3.230618476867676,0.4500924348831177,-3.346890449523926,0.5637302398681641,-3.3869848251342773,0.6159785985946655,-3.405393123626709,0.5314382314682007,-3.4020519256591797,0.6327655911445618,-3.3938698768615723,0.6825400590896606,-3.4096310138702393,0.5525264143943787,-3.5321884155273438,0.5057573914527893,-3.45595383644104,0.5219915509223938,-3.3470935821533203,0.557639479637146,-3.3831470012664795,0.5639979243278503,-3.4801852703094482,0.6205348968505859,-3.46964955329895,0.5959401726722717,-3.3931937217712402,0.5232464671134949,-3.3564534187316895,0.45204687118530273,-3.3433940410614014,0.2737496793270111,-3.305434465408325,0.24774619936943054,-3.4477932453155518,0.49196112155914307,-3.604909896850586,0.4960502088069916,-3.5360398292541504,0.16263946890830994,-3.615124225616455,0.1270609200000763,-3.5985164642333984,-0.04511358216404915,-3.578299045562744,-0.0685558095574379,-3.593527317047119,-0.04414863511919975,-3.593881607055664,0.11781779676675797,-3.4371931552886963,0.3036002218723297,-3.1733181476593018,0.2416563332080841,-3.0081818103790283,0.35734379291534424,-3.829967975616455,0.4655435383319855,-3.783935070037842,0.44222259521484375,-3.7437968254089355,0.5456156134605408,-3.763793706893921,0.4126397669315338,-3.6856396198272705,0.3749454915523529,-3.5920522212982178,0.49758997559547424,-3.6457998752593994,0.5964125990867615,-3.419032096862793,0.7419412136077881,-3.107880115509033,2.2674131393432617,-1.9808236360549927,3.2877018451690674,-1.2457140684127808,3.0192601680755615,-1.1075266599655151,3.3723208904266357,-0.9730514287948608,3.3865857124328613,-0.9054273962974548,3.4087789058685303,-0.7074583172798157,3.3673648834228516,-0.5382286310195923,3.340869188308716,-0.4989264905452728,3.539682388305664,-0.5878620743751526,3.775322914123535,-0.7200096845626831,3.85274338722229,-0.7932731509208679,3.8347034454345703,-0.7297385931015015,3.7456445693969727,-0.587221086025238,3.7264277935028076,-0.15116457641124725,3.489819049835205,0.4016468822956085,3.1060781478881836,1.102006196975708,3.8749239444732666,1.6159499883651733,3.8285911083221436,1.8555831909179688,3.8240714073181152,2.3409690856933594,3.542039155960083,2.585134744644165,3.37489652633667,2.5739314556121826,3.346161127090454,2.0475754737854004,3.5185725688934326,1.8755110502243042,3.607269763946533,1.8196502923965454,3.672919273376465,1.8122743368148804,3.657825469970703,1.7958968877792358,3.6070401668548584,1.7139583826065063,3.565347194671631,1.6916007995605469,3.5069003105163574,1.8382036685943604,3.516606330871582,1.899237036705017,3.4760630130767822,2.022392988204956,3.399968147277832,2.2993507385253906,3.2963454723358154,2.622849702835083,3.0329339504241943,3.3235087394714355,3.6433305740356445,3.4022951126098633,3.4837822914123535,3.46299409866333,3.3918395042419434,3.5828874111175537,3.1025948524475098,3.6965272426605225,2.8596079349517822,3.1905858516693115,2.15203595161438,3.372015953063965,2.0702898502349854,3.082258939743042,1.3499597311019897,3.479199171066284,0.6581551432609558,3.5333971977233887,-0.29008176922798157,3.5197713375091553,-0.7226377725601196,3.4574544429779053,-0.7918218970298767,3.599090814590454,-0.7533192038536072,3.5607964992523193,-0.9633823037147522,3.7131876945495605,-1.3537218570709229,3.701554536819458,-1.390945553779602,3.61087965965271,-1.4554023742675781,3.4633827209472656,-1.7805354595184326,3.1252965927124023,-1.8627521991729736,2.697117328643799,-3.331829309463501,0.966378390789032,-3.5142030715942383,0.15366029739379883,-3.670206069946289,-0.44226300716400146,-3.1955058574676514,-1.061070442199707,-3.025545835494995,-0.967383861541748,-3.146869421005249,-0.7642925381660461,-3.3008077144622803,-0.6668413877487183,-3.3813557624816895,-0.8046888709068298,-3.2486789226531982,-0.8392162919044495,-3.175157070159912,-0.9846842885017395,-3.0951573848724365,-0.65726238489151,-3.2189574241638184,-0.8318177461624146,-3.269934892654419,-1.6014204025268555,-3.6985700130462646,-1.1927896738052368,-3.134601354598999,-1.5039087533950806,-3.082613468170166,-1.6292704343795776,-3.1062369346618652,-1.2787466049194336,-3.362928628921509,-1.433628797531128,-3.2084171772003174,-1.4442799091339111,-3.2599380016326904,-1.0380644798278809,-3.4642484188079834,-1.054347038269043,-3.6935434341430664,-0.20565831661224365,-3.420538902282715,0.5935350060462952,-3.796426773071289,1.0169368982315063,-3.7488741874694824,3.393850564956665,-2.755173444747925,3.011781930923462,-2.5457704067230225,3.519257068634033,-2.948014259338379,3.0661418437957764,-2.413821220397949,3.0601398944854736,-2.1691765785217285,3.5378098487854004,-2.1108953952789307,3.5638303756713867,-1.982997179031372,3.226973295211792,0.1447746306657791,3.5683674812316895,0.4240126609802246,3.4883646965026855,0.5463986396789551,3.4644088745117188,0.6758273243904114,3.807523250579834,0.5917173624038696,3.692293405532837,0.6167680025100708,3.8543272018432617,0.6451061367988586,3.794752359390259,0.6918798685073853,3.8172147274017334,0.6691075563430786,3.8073410987854004,0.7704927921295166,3.3672494888305664,1.138084053993225,3.0309255123138428,1.7313941717147827,3.730087995529175,2.382068634033203,3.553088903427124,2.5562961101531982,3.0363805294036865,1.9442001581192017,3.0790517330169678,1.8785715103149414,3.090205430984497,1.7758817672729492,3.0412044525146484,1.8594565391540527,3.024557113647461,1.8536975383758545,3.626659631729126,2.443584442138672,3.3981242179870605,2.585484504699707,3.3254265785217285,2.63550066947937,3.1478092670440674,2.8007960319519043,3.099717617034912,2.8853867053985596,3.0675594806671143,2.88321852684021,3.173098564147949,2.825364112854004,3.2058732509613037,2.6992759704589844,3.1699836254119873,2.6807076930999756,3.0980637073516846,2.6678600311279297,2.760162591934204,3.4687063694000244,0.8976331949234009,3.310478448867798,-0.02283385582268238,3.6135311126708984,-0.12238097935914993,3.6035122871398926,-0.17653971910476685,3.497732639312744,-0.22391748428344727,3.541632890701294,-0.05027475208044052,3.4703640937805176,-0.2641844153404236,3.2162985801696777,-2.885042428970337,3.0356712341308594,-3.2031748294830322,1.0138611793518066,-3.0105531215667725,0.9892668724060059,-3.4336745738983154,1.0985301733016968,-3.15437912940979,0.8149431943893433,-3.2826972007751465,-0.3053927421569824,-3.091127872467041,-1.092570424079895,-3.0634100437164307,-0.9949358105659485,-3.211636781692505,-2.041128635406494,-3.355858087539673,-2.3511483669281006,-3.322402238845825,-1.9285187721252441,-3.2108023166656494,-1.9389500617980957,-3.4467029571533203,-2.3690474033355713,-3.070798873901367,-2.0368521213531494,