{"bimodal":false,"column_names":[""],"dimension":2,"dimension_input":0,"label":"forme4-5","data":[3.2269906997680664,1.0965341329574585,3.295715570449829,0.5579178333282471,3.3266875743865967,0.18945328891277313,3.189119815826416,0.19003453850746155,3.329108715057373,-0.521320104598999,3.154143810272217,-1.2987310886383057,3.0875823497772217,-1.3185884952545166,3.1974356174468994,-1.0471965074539185,3.0028955936431885,-0.7532810568809509,3.574859857559204,-0.9645044803619385,3.181123971939087,-0.2431122362613678,3.3037307262420654,-0.4908703565597534,3.4190969467163086,-0.4913431406021118,3.5523223876953125,-0.20135098695755005,3.2378616333007812,-0.4484196901321411,3.1627941131591797,-0.3320104479789734,3.075281858444214,-0.04213825240731239,3.0096404552459717,0.07719353586435318,3.458158493041992,0.4789600074291229,3.5125627517700195,0.38845306634902954,3.16886043548584,1.1756885051727295,3.248145818710327,1.0137803554534912,3.057512044906616,1.028442621231079,0.9196956753730774,-3.441035509109497,-0.08816882222890854,-3.2003822326660156,0.07574885338544846,-3.350233554840088,0.2768802046775818,-3.2129788398742676,-0.24272967875003815,-3.393693208694458,0.20065884292125702,-3.474235773086548,1.4476399421691895,-3.906740427017212,1.1443557739257812,-3.104281425476074,0.9383775591850281,-3.0824544429779053,1.343080997467041,-3.8508191108703613,1.2464972734451294,-3.5973095893859863,0.3575764000415802,-3.37123441696167,-0.07698522508144379,-3.189837694168091,0.34516116976737976,-3.2055346965789795,-0.09737299382686615,-3.121391773223877,-0.4985540509223938,-3.1249701976776123,0.24203485250473022,-3.131748676300049,0.5489748120307922,-3.282508611679077,0.5821796655654907,-3.242893695831299,1.6778450012207031,-3.412090301513672,2.363804817199707,-3.529726982116699,1.6550512313842773,-3.501927614212036,1.6409568786621094,-3.5816962718963623,1.9592382907867432,-3.5008559226989746,1.328609824180603,-3.299189805984497,0.8312016129493713,-3.139097213745117,1.3982547521591187,-3.447489023208618,1.2948734760284424,-3.4184792041778564,-1.8414123058319092,-3.304948091506958,-3.473543643951416,-2.769854784011841,-3.0389978885650635,-1.6137346029281616,-3.4564120769500732,-0.6700736284255981,-3.2898149490356445,-0.9163471460342407,-3.2834432125091553,-0.9018200039863586,-3.6445915699005127,-0.7706137895584106,-3.356964349746704,-1.3978667259216309,-3.300400733947754,-0.9597962498664856,-3.430694103240967,-1.619408369064331,-3.4885599613189697,-1.234500527381897,-3.0334088802337646,1.7197905778884888,-3.1973304748535156,3.449230670928955,-2.22259783744812,3.6980514526367188,-2.0586001873016357,3.928380012512207,-1.6093640327453613,3.988454580307007,-1.2599074840545654,3.2278237342834473,-1.323778510093689,3.230419158935547,-1.2883555889129639,3.0592827796936035,-1.448624610900879,3.9433650970458984,-1.0447068214416504,3.8774421215057373,-1.1673651933670044,3.760814666748047,-1.2331372499465942,3.685892105102539,-0.6065108180046082,3.6557486057281494,-0.428153932094574,3.5851855278015137,-0.647649347782135,3.4633119106292725,-0.29093196988105774,3.5038890838623047,-0.35692498087882996,3.4955782890319824,-0.8568975925445557,3.4630606174468994,-0.7050559520721436,3.4533345699310303,-0.4890475273132324,3.503061056137085,-1.0598134994506836,3.11199951171875,-2.0848324298858643,3.100029706954956,-3.2840635776519775,0.9278879761695862,-1.7686384916305542,-3.212979555130005,0.31151115894317627,-3.445150375366211,0.4075896441936493,-3.101976156234741,0.28868937492370605,-3.2656710147857666,0.7434282898902893,-3.3041374683380127,0.2534410357475281,-3.287174701690674,0.8236604332923889,-3.4110167026519775,0.031867410987615585,-3.2579808235168457,0.436557799577713,-3.308210611343384,0.7824296951293945,-3.258704423904419,-0.8209307193756104,-3.226132869720459,-0.5829704403877258,-3.230563163757324,-1.5429526567459106,-3.377350091934204,-1.5274051427841187,-3.078429698944092,-2.106630325317383,-3.0211904048919678,-3.009779214859009,0.19977059960365295,-3.420318126678467,1.0032448768615723,-3.4886326789855957,1.4344767332077026,-3.4350528717041016,1.5761672258377075,-3.1341421604156494,1.509488582611084,-3.3677451610565186,1.5150153636932373,-3.0517168045043945,1.5937896966934204,-3.3509843349456787,1.8410290479660034,-3.1869094371795654,3.2065865993499756,-3.191246509552002,3.6357502937316895,-3.250339984893799,2.8498380184173584,-3.2396373748779297,2.5149776935577393,-3.1043221950531006,2.4559030532836914,-3.1311471462249756,2.3459553718566895,-1.9015649557113647,3.3212552070617676,0.5398509502410889,3.68131160736084,1.1990444660186768,3.5615084171295166,2.362761974334717,3.2426347732543945,1.8355424404144287,3.533813953399658,2.1203267574310303,3.1364924907684326,2.186613082885742,3.2789642810821533,2.077122449874878,3.1822266578674316,3.148293972015381,3.4411449432373047,2.267084836959839,3.1092467308044434,3.1794066429138184,3.3302624225616455,1.9869072437286377,3.226088762283325,1.8315281867980957,3.204526901245117,1.8987523317337036,3.2815356254577637],"data_input":[],"data_output":[],"length":128}