{"bimodal":false,"column_names":[""],"dimension":2,"dimension_input":0,"label":"forme4-7","data":[-3.060267686843872,-1.5383787155151367,0.3270735740661621,-3.039641857147217,1.1038918495178223,-3.1888113021850586,1.7047046422958374,-3.427150249481201,1.8116071224212646,-3.372030258178711,1.8035047054290771,-3.5214991569519043,0.3978777825832367,-3.3982298374176025,0.41460946202278137,-3.3378913402557373,1.4558032751083374,-3.254889965057373,1.1072958707809448,-3.6876888275146484,0.1885911375284195,-3.006246328353882,-0.09279590100049973,-3.6726512908935547,-0.529246985912323,-3.687166929244995,-1.2666012048721313,-3.4267590045928955,-1.8889940977096558,-3.1434690952301025,-2.1898632049560547,-3.0644659996032715,-1.7564953565597534,-3.048015594482422,-1.0683972835540771,-3.1088595390319824,-0.9416725039482117,-3.255894184112549,-0.6176952123641968,-3.251215934753418,0.1881624311208725,-3.4670069217681885,0.3253144323825836,-3.6612303256988525,0.48456382751464844,-3.6747279167175293,0.7550413608551025,-3.015103816986084,0.8948493599891663,-3.027766466140747,0.9180173873901367,-3.118889570236206,0.902818500995636,-3.2763168811798096,0.8035913705825806,-3.2060983180999756,0.6558895111083984,-3.1382105350494385,0.6737229228019714,-3.1201281547546387,0.3116895258426666,-3.532179594039917,-2.1145074367523193,-3.0271899700164795,-3.0344369411468506,-2.0035252571105957,-3.565711498260498,-1.7849494218826294,-3.0378644466400146,-1.2780886888504028,-3.2526092529296875,-1.173258900642395,-3.2998781204223633,-1.2375388145446777,-3.2416574954986572,-1.2909408807754517,-3.1770944595336914,-1.3336106538772583,-3.1868557929992676,-1.417750358581543,-3.5683248043060303,-0.21240247786045074,-3.78615140914917,0.647182047367096,-3.652590036392212,1.6498926877975464,-3.465120553970337,3.432497978210449,-0.9989655017852783,3.3439157009124756,-0.48310717940330505,3.4834234714508057,-0.3093878924846649,3.430180549621582,-0.2962697148323059,3.415130138397217,-0.36219653487205505,3.3188111782073975,-0.3746873736381531,3.2930870056152344,-0.3763073682785034,3.2930212020874023,-0.4147765338420868,3.226231575012207,-0.5183075070381165,3.2638115882873535,-0.5460020899772644,3.233252763748169,-0.6413830518722534,3.1793668270111084,-0.7607950568199158,3.07930064201355,-1.1602023839950562,3.9477930068969727,-1.3144848346710205,3.943998336791992,-1.3627947568893433,3.8795456886291504,-1.2730704545974731,3.8235485553741455,-1.1646660566329956,3.7393009662628174,-1.1242249011993408,3.658133029937744,-1.2299363613128662,3.613981008529663,-1.3319597244262695,3.718636989593506,-2.0560734272003174,3.242725372314453,-3.3838586807250977,-0.3356137275695801,-2.268873691558838,-3.3884406089782715,-0.43822580575942993,-3.4075498580932617,-0.5235002040863037,-3.6702842712402344,-0.2610577940940857,-3.059464454650879,0.5376846790313721,-3.39823579788208,0.7806969285011292,-3.545119524002075,0.5555462837219238,-3.5431716442108154,0.23541373014450073,-3.429826259613037,0.05760931968688965,-3.3960249423980713,-0.17479941248893738,-3.2840464115142822,-0.2831331193447113,-3.268167018890381,-0.3945418894290924,-3.1226158142089844,-0.8204621076583862,-3.6253044605255127,-1.2657005786895752,-3.365468740463257,-3.0598394870758057,-2.789055347442627,-3.504141330718994,0.8891012072563171,-3.5272998809814453,3.308232069015503,-3.23354434967041,3.127523183822632,-2.8988215923309326,3.405158281326294,-2.2977676391601562,3.004852294921875,-2.6830668449401855,3.657740592956543,-2.4900827407836914,3.093245029449463,-3.1607658863067627,3.241852045059204,-3.0357673168182373,3.1892595291137695,-3.1493782997131348,3.2795815467834473,-3.3004207611083984,3.4005773067474365,-1.16214120388031,3.2139792442321777,1.0751909017562866,3.1884636878967285,1.0817168951034546,3.0601425170898438,1.1602731943130493,3.1934919357299805,1.0583996772766113,3.29897141456604,1.0639142990112305,3.290095567703247,0.9271657466888428,3.2959840297698975,0.7806300520896912,3.299340009689331,0.6274834871292114,3.2156083583831787,0.561205267906189,3.1053712368011475,1.0625981092453003,3.7366721630096436,0.8036572337150574,3.0126798152923584,0.7432565689086914,3.1173832416534424,3.241849899291992,2.6608123779296875,3.539738893508911,0.6749274730682373,3.4429287910461426,0.17265601456165314,3.8588902950286865,-0.03574461489915848,3.192615032196045,-0.3485708236694336,3.3850228786468506,-0.5148128867149353,3.502354383468628,-0.521342933177948,3.578868865966797,-0.5550758242607117,3.5912537574768066,-0.48147010803222656,3.635709047317505,-0.4700238108634949,3.6614181995391846,-0.4833386242389679,3.632556915283203,-0.5050669312477112,3.629688262939453,-0.5313199758529663,3.7009572982788086,-0.5134112238883972,3.6762943267822266,-0.31320908665657043,3.6845762729644775,0.08171973377466202,3.739837408065796,0.06488838791847229,3.7058162689208984,0.022750185802578926,3.7010860443115234,0.006408782675862312,3.7066993713378906,0.008897421881556511,3.552211046218872,0.11486205458641052,3.4388303756713867,0.2985004782676697,3.791046142578125,-0.22906868159770966,3.3785817623138428,1.5712755918502808],"data_input":[],"data_output":[],"length":129}