{"bimodal":false,"column_names":[""],"dimension":2,"dimension_input":0,"label":"forme4-13","data":[3.1216392517089844,0.31394243240356445,2.3928234577178955,3.271606922149658,2.582472562789917,3.033317804336548,3.113243818283081,2.982539176940918,3.7226390838623047,2.366887331008911,3.2820591926574707,1.7053112983703613,3.293236017227173,1.7032049894332886,3.327408790588379,1.6446855068206787,3.4551141262054443,1.3444987535476685,3.5288665294647217,1.141377568244934,3.447580099105835,1.2368602752685547,3.152656078338623,1.491001844406128,2.6162970066070557,3.1183598041534424,0.8817856311798096,3.5641791820526123,0.2661726176738739,3.063899517059326,0.0680483877658844,3.2769906520843506,-0.08989772945642471,3.3372957706451416,-0.31436464190483093,3.5713913440704346,-0.2838737666606903,3.617323875427246,-0.3669663965702057,3.7478549480438232,-0.4942283034324646,3.7695164680480957,-0.4266946613788605,3.759075403213501,-0.41563597321510315,3.790248155593872,-0.34367603063583374,3.7298314571380615,-0.28958582878112793,3.6751091480255127,-0.25819435715675354,3.6527018547058105,-0.23386168479919434,3.658493995666504,-0.22912561893463135,3.600680112838745,-0.1989622265100479,3.5728962421417236,-0.20057915151119232,3.545267343521118,-0.1303347796201706,3.3756420612335205,-0.08184495568275452,3.385183095932007,-0.23633550107479095,3.347313404083252,-0.3572220504283905,3.3939056396484375,-0.45052990317344666,3.4382107257843018,-0.6884182095527649,3.4657487869262695,-1.5759882926940918,3.420332908630371,-2.759061813354492,3.2958667278289795,-3.3994786739349365,3.1861870288848877,-3.260175943374634,2.7121975421905518,-3.444553852081299,2.39652943611145,-3.5738182067871094,1.6773980855941772,-3.6382791996002197,1.0073320865631104,-3.728332281112671,-0.2309606671333313,-3.786587953567505,-1.3722869157791138,-3.683917760848999,-1.4784224033355713,-3.648296356201172,-1.4249145984649658,-3.6484415531158447,-1.3774464130401611,-3.6136434078216553,-1.1926015615463257,-3.5350301265716553,-1.064574956893921,-3.5733425617218018,-0.935479462146759,-3.603055715560913,-0.8376516103744507,-3.5973665714263916,-0.7539427876472473,-3.6499722003936768,-0.6781047582626343,-3.6363534927368164,-0.6907899379730225,-3.595172643661499,-0.673981249332428,-3.5711164474487305,-0.7951838374137878,-3.5682926177978516,-0.6884263157844543,-3.452651262283325,-0.7189710736274719,-3.317187786102295,-0.7678865790367126,-3.3476099967956543,-2.7312684059143066,-2.1580960750579834,-3.5933711528778076,-1.5560851097106934,-3.335402488708496,-1.4643349647521973,-3.5411806106567383,-1.485859990119934,-3.593179702758789,-1.3416255712509155,-3.6420347690582275,-1.280953049659729,-3.7092132568359375,-0.9918734431266785,-3.075786590576172,-0.9394024014472961,-3.0539677143096924,-0.9830238223075867,-3.046128749847412,-1.003683090209961,-3.063681125640869,-1.0714643001556396,-3.117285966873169,-0.9172128438949585,-3.1325631141662598,-0.9520443081855774,-3.1364245414733887,-1.3121099472045898,-3.6491951942443848,-0.7587153315544128,-3.5057640075683594,1.0257384777069092,-3.639618158340454,2.6301302909851074,-3.5535695552825928,3.7427244186401367,-2.7596495151519775,3.6270837783813477,-2.0796756744384766,3.017162561416626,-1.4693503379821777,3.001514434814453,-1.4821635484695435,3.9338150024414062,-1.9760240316390991,3.0631961822509766,-1.6311084032058716,3.0268514156341553,-1.6076343059539795,3.660674571990967,-1.7696832418441772,3.1952874660491943,-0.3674046993255615,2.7855889797210693,3.2859864234924316,1.0576273202896118,3.144141912460327,1.0825035572052002,3.3266329765319824,1.4852877855300903,3.3420627117156982,1.6551728248596191,3.3307509422302246,1.0279325246810913,3.3583173751831055,0.9982684850692749,3.5570261478424072,0.8084353804588318,3.666844129562378,0.4646958112716675,3.0715408325195312,0.5273517966270447,3.1090617179870605,0.5560739040374756,3.0700879096984863,0.6053085923194885,3.017510414123535,0.5804243683815002,3.05342698097229,0.6212691068649292,3.2381250858306885,3.1609771251678467,-1.9126386642456055,1.5172882080078125,-3.1020867824554443,1.1130040884017944,-3.2223734855651855,1.0991151332855225,-3.53812313079834,1.1011135578155518,-3.6011290550231934,0.9282515645027161,-3.1562697887420654,0.9991287589073181,-3.2884912490844727,1.19931960105896,-3.4460504055023193,1.1505142450332642,-3.518214702606201,1.055206537246704,-3.0756123065948486,1.2115435600280762,-3.2501468658447266,1.1196942329406738,-3.219853162765503,0.9980911016464233,-3.2463643550872803,0.8636841177940369,-3.3193938732147217,0.4501025080680847,-3.19931697845459,0.18513813614845276,-3.1551992893218994,-0.12546385824680328,-3.1312646865844727,-0.07924008369445801,-3.113656520843506,0.1813489943742752,-3.3080413341522217,-0.19309677183628082,-3.511843681335449],"data_input":[],"data_output":[],"length":121}