{"bimodal":false,"column_names":[""],"dimension":2,"dimension_input":0,"label":"forme4-14","data":[1.2650096416473389,3.607557773590088,1.0689656734466553,3.3551807403564453,0.24983099102973938,3.109391212463379,-0.1850203424692154,3.2469944953918457,-0.6868388652801514,3.4619784355163574,-1.1013139486312866,3.501551866531372,-1.5153310298919678,3.5218505859375,-1.7382607460021973,3.463299036026001,-2.0095133781433105,3.554605484008789,-2.0101318359375,3.5218091011047363,-1.8497648239135742,3.4198861122131348,-1.5277953147888184,3.315711259841919,-1.1156023740768433,3.2315642833709717,-0.6888138651847839,3.1052496433258057,-0.35900676250457764,3.0068671703338623,-0.16810151934623718,3.0528719425201416,-0.18429560959339142,3.155229330062866,-0.2794109880924225,3.1753365993499756,-0.3973764181137085,3.2282631397247314,-0.44364529848098755,3.1901328563690186,-0.520639955997467,3.2115302085876465,-0.602325975894928,3.1159162521362305,-0.6272303462028503,3.447756767272949,-3.056305408477783,-0.28847527503967285,-1.4340794086456299,-3.286041736602783,-1.3821401596069336,-3.0656540393829346,-1.4189784526824951,-3.4782586097717285,-1.249297857284546,-3.780395269393921,-1.1575424671173096,-3.8177521228790283,-1.1763416528701782,-3.8983168601989746,-1.0158252716064453,-3.754793167114258,-0.9461725354194641,-3.628291130065918,-0.9253941178321838,-3.599055051803589,-1.0745333433151245,-3.4170401096343994,-1.1693172454833984,-3.3758156299591064,-1.0887128114700317,-3.3904788494110107,-1.2613656520843506,-3.4800240993499756,-1.5663634538650513,-3.189544200897217,-3.423617362976074,-2.009114980697632,-3.415817975997925,1.3570770025253296,-3.026378870010376,1.6570574045181274,-3.19618821144104,2.566807270050049,-2.5353963375091553,3.027759552001953,-2.5776679515838623,3.3846654891967773,-2.5173585414886475,3.504572629928589,-2.4659135341644287,3.447911500930786,-2.5275328159332275,3.3499906063079834,-2.5103816986083984,3.303708791732788,-2.4827561378479004,3.28269362449646,-2.3556411266326904,3.2827260494232178,-1.8450154066085815,3.1068851947784424,-1.4394580125808716,3.6581623554229736,-0.6591533422470093,3.0934841632843018,0.18256153166294098,3.210425853729248,2.161360025405884,3.3889358043670654,3.2782819271087646,3.413235664367676,2.6365082263946533,3.0361526012420654,2.5508642196655273,3.2360095977783203,2.250063419342041,3.321824550628662,2.125413179397583,3.387242078781128,2.2415106296539307,3.2848925590515137,2.3159847259521484,3.162959337234497,3.0627963542938232,3.706555128097534,3.151482105255127,3.3853447437286377,3.3829236030578613,2.86923885345459,3.727072238922119,1.042633295059204,3.3561081886291504,0.2383732795715332,3.5201287269592285,0.20017339289188385,3.4101359844207764,0.23370669782161713,3.213918447494507,0.1859581023454666,3.1407554149627686,0.0643358901143074,3.063725709915161,0.11926022917032242,3.062772750854492,0.025687720626592636,3.013199806213379,0.09152886271476746,3.9470510482788086,-0.1423376351594925,3.9461588859558105,-0.29115626215934753,3.8971292972564697,-0.36236509680747986,3.921947956085205,-0.39616262912750244,3.9704668521881104,-0.49697035551071167,3.946995258331299,-0.7266919016838074,3.8349099159240723,-0.8474716544151306,3.709552526473999,-0.8203253746032715,3.803591728210449,-0.8301742672920227,3.332951068878174,-1.3254109621047974,2.1119349002838135,-3.3369646072387695,0.9058122634887695,-3.321580648422241,0.28445783257484436,-3.1966848373413086,0.5393667221069336,-3.353314161300659,0.5824993848800659,-3.5493948459625244,0.6383097171783447,-3.704965591430664,0.846180260181427,-3.8176045417785645,0.5215563774108887,-3.1932101249694824,0.5144959092140198,-3.287604331970215,0.6229946613311768,-3.326202869415283,0.5522513389587402,-3.2462351322174072,0.5365678071975708,-3.3149032592773438,0.3010946810245514,-3.8018441200256348,-0.002360631711781025,-3.9665703773498535,0.027334261685609818,-4.017243385314941,0.15011753141880035,-4.122282028198242,0.23265184462070465,-4.2212677001953125,0.2577248513698578,-4.126289367675781,0.22742629051208496,-4.071253299713135,0.22541029751300812,-4.071349143981934,0.22565457224845886,-4.00247049331665,0.18002738058567047,-3.9918131828308105,0.0603470504283905,-3.9441933631896973,-0.42254897952079773,-3.6169445514678955,-1.5536999702453613,-3.8666787147521973,-2.718479871749878,-3.1116251945495605,-3.4288806915283203,-2.7322380542755127,-3.1007769107818604,-1.615334391593933,-3.376565456390381,-1.3645137548446655,-3.587339162826538,-1.03544282913208,-3.636141777038574,-0.9351019859313965,-3.668652296066284,-0.9480136632919312,-3.7022593021392822,-0.7429243922233582,-3.705507516860962,-0.5614445805549622,-4.024661540985107,-0.822760820388794,-3.3550117015838623,1.0953679084777832],"data_input":[],"data_output":[],"length":120}