{"bimodal":false,"column_names":[""],"dimension":2,"dimension_input":0,"label":"forme3-4","data":[-3.2662458419799805,-0.603740394115448,-3.177772283554077,-0.08728023618459702,-3.51886248588562,-0.056448910385370255,-3.01400089263916,-0.3851197361946106,-3.2493820190429688,-0.375579833984375,-3.4291625022888184,-0.33432528376579285,-3.5778379440307617,-0.267943799495697,-3.446192502975464,0.13739168643951416,-3.3036046028137207,0.5409412384033203,-3.1340291500091553,0.8104454874992371,-3.0994269847869873,0.981675386428833,-3.7195029258728027,1.4323952198028564,-3.63454532623291,1.5955253839492798,-3.668367862701416,1.6835399866104126,-3.0645785331726074,1.317994236946106,-3.6995370388031006,1.6628166437149048,-3.610316514968872,1.6818004846572876,-3.1324076652526855,1.6998764276504517,-3.4361400604248047,2.193671703338623,-3.5173585414886475,2.218545436859131,-3.0528643131256104,1.7532809972763062,-3.01814866065979,1.5473883152008057,-3.125232458114624,0.8499042391777039,-3.6151652336120605,0.24861212074756622,-3.090322494506836,0.06710829585790634,-3.1913983821868896,-0.04104238748550415,-3.1369144916534424,-0.10711730271577835,-3.0709047317504883,-0.4188455641269684,-3.664443254470825,-0.8067960739135742,-3.186286687850952,-1.190138816833496,-3.549793243408203,-1.8192795515060425,-3.3992600440979004,-1.7292405366897583,-3.012779712677002,-1.954148292541504,-3.300537109375,-2.759476661682129,-1.0997596979141235,3.479649543762207,1.109934687614441,3.0757970809936523,1.833727478981018,3.109065532684326,2.0306782722473145,3.2910773754119873,1.48831307888031,3.1543846130371094,0.8332914113998413,3.111151695251465,0.5429544448852539,3.093773365020752,0.062256935983896255,3.3693530559539795,-0.4799846410751343,3.7044999599456787,-0.7016057968139648,3.9069509506225586,-0.6163389086723328,3.9801852703094482,-0.5640847086906433,3.149156332015991,-0.5111608505249023,3.150904893875122,-0.4972614049911499,3.2286343574523926,-0.3858325183391571,3.343027353286743,-0.0037871890235692263,3.362851619720459,0.10450921207666397,3.467411994934082,0.10581604391336441,3.523800849914551,0.033489298075437546,3.5307178497314453,-0.12280166894197464,3.5472488403320312,-0.3128300607204437,3.567427396774292,-0.35466593503952026,3.5849666595458984,-0.358369916677475,3.638557195663452,-0.2650841176509857,3.537217617034912,0.11749234050512314,3.578522205352783,0.676534116268158,3.704937219619751,1.1785284280776978,3.9000556468963623,1.3091468811035156,3.9756619930267334,1.3155674934387207,4.063079357147217,1.3426365852355957,4.071847915649414,1.3841058015823364,4.112438678741455,1.3877662420272827,4.1271891593933105,1.3943017721176147,4.168561935424805,1.2637683153152466,4.201408386230469,1.2451672554016113,4.235897541046143,1.2409920692443848,4.297458648681641,1.18278169631958,4.299755096435547,1.147022008895874,4.280788898468018,1.2425459623336792,4.236660003662109,1.3354449272155762,4.169785499572754,1.4160658121109009,4.195933818817139,1.6471505165100098,4.249804496765137,1.4133516550064087,4.198987007141113,1.232992172241211,4.265008926391602,1.3847836256027222,4.184080123901367,1.461089849472046,4.089804172515869,1.2779358625411987,4.025958061218262,1.1925384998321533,4.072518825531006,1.2170193195343018,4.052239894866943,1.1534225940704346,4.018662929534912,1.06529700756073,3.971750497817993,1.0798155069351196,3.9497005939483643,1.3888037204742432,3.967329502105713,1.3962889909744263,3.8952267169952393,1.2085533142089844,3.882577657699585,1.3126314878463745,3.890721321105957,1.4829521179199219,3.819784164428711,1.7002770900726318,3.7268590927124023,1.8164557218551636,3.781222343444824,1.778010368347168,3.8438632488250732,1.9030942916870117,3.7590529918670654,2.0328476428985596,3.6614491939544678,2.036839723587036,3.5689187049865723,2.1282973289489746,3.6229872703552246,2.114915370941162,3.6536977291107178,2.07873272895813,3.6607766151428223,2.173816442489624,3.6426329612731934,2.174046754837036,3.658432960510254,2.167597532272339,3.590580701828003,2.424619436264038,3.3828530311584473,2.5993504524230957,3.3109641075134277,2.8135814666748047,3.2054383754730225,2.8943309783935547,3.1566665172576904,2.916093111038208,3.168562173843384,2.937716484069824,3.1373069286346436,2.8645174503326416,3.101977825164795,2.958667039871216,3.106997489929199,2.934422492980957,3.1624836921691895,2.6979076862335205,3.171912670135498,2.936861276626587,3.8123621940612793,2.5198800563812256,3.225446939468384,3.788710117340088,2.5963242053985596,3.152263641357422,1.0716263055801392,3.5068624019622803,-0.5272513031959534,3.4019930362701416,-3.0201056003570557,2.0599067211151123,-3.2684903144836426,1.3394804000854492,-3.1834628582000732,0.9758499264717102,-3.7149946689605713,0.10287487506866455,-3.0089049339294434,-0.4194924533367157,-3.2464709281921387,-0.6183081865310669,-3.407500982284546,-0.778777539730072,-3.4845943450927734,-0.7281589508056641,-3.5884811878204346,-0.9598697423934937,-3.578015089035034,-1.2252353429794312,-3.5969200134277344,-1.1547679901123047,-3.7040061950683594,-1.1255574226379395,-3.666001796722412,-1.0229939222335815,-3.643712282180786,-0.8397116661071777,-3.64697003364563,-0.8909801244735718,-3.6495838165283203,-0.9046531319618225,-3.761197328567505,-0.9032329320907593,-3.677579402923584,-0.9225403070449829,-3.6892623901367188,-0.904143214225769,-3.635990619659424,-0.9850694537162781,-3.584630012512207,-0.861428439617157,-3.616382360458374,-0.9372624754905701,-3.4828991889953613,-1.0130736827850342,-3.410834312438965,-0.9938420653343201,-3.458620309829712,-0.8702124953269958,-3.47301983833313,-0.8549461960792542,-3.4761767387390137,-0.9123322367668152,-3.3954696655273438,-0.9768398404121399,-3.3337647914886475,-1.0657492876052856,-3.3498809337615967,-1.072644591331482,-3.352677822113037,-1.019777774810791,-3.3314871788024902,-0.9206333756446838,-3.3324172496795654,-0.8640245795249939,-3.3091864585876465,-0.9258110523223877,-3.2943503856658936,-1.0011476278305054,-3.286041021347046,-1.0053285360336304,-3.1796019077301025,-0.9670374989509583,-3.211841344833374,-1.058940052986145,-3.352688789367676,-1.1664777994155884,-3.3072285652160645,-1.1923624277114868,-3.319226026535034,-1.0888170003890991,-3.3234739303588867,-1.1557397842407227,-3.325538396835327,-1.0865776538848877,-3.311680793762207,-0.7799049615859985,-3.271284341812134,-0.9483200907707214,-3.2799839973449707,-1.0159358978271484,-3.2761952877044678,-0.9275517463684082,-3.253190040588379,-0.7332651019096375,-3.3086419105529785,-0.8322864770889282,-3.330325126647949,-1.0697362422943115,-3.3324697017669678,-0.9239819645881653,-3.3007421493530273,-0.8590721487998962,-3.3158798217773438,-0.8892082571983337,-3.3425135612487793,-0.9419953227043152,-3.2884128093719482,-0.9998465180397034,-3.3017306327819824,-0.9650763869285583,-3.3052618503570557,-1.4602519273757935,-3.765824556350708,-2.2660160064697266,-3.5714688301086426,-3.0300118923187256,-2.4561593532562256,-3.425135612487793,0.28062859177589417,-3.3664462566375732,2.3896284103393555,-2.596839189529419,3.3191347122192383,-1.9487407207489014,3.1762168407440186,-1.8689064979553223,3.3297674655914307,-1.8742411136627197,3.456888437271118,-1.535279393196106,3.5481173992156982,-1.7540253400802612,3.4852004051208496,-1.8398815393447876,3.47153377532959,-2.254833459854126,3.4597320556640625,-2.631981611251831,3.4594571590423584,-2.8361408710479736,3.5848398208618164,-2.9358389377593994,3.678591251373291,-3.274599313735962,3.6792044639587402,-3.617035388946533,3.6875548362731934,-3.250598192214966,2.725748062133789,-3.53733229637146,2.7342889308929443,-3.5759618282318115,2.8675029277801514,-3.588390350341797,2.861933469772339,-3.4552979469299316,2.8419506549835205,-3.361572027206421,2.8522894382476807,-3.300201177597046,2.879865884780884,-3.3498713970184326,2.8767566680908203,-3.3297853469848633,2.8595480918884277,-3.3280160427093506,2.836738109588623,-3.3543076515197754,2.794660806655884,-3.4771432876586914,2.575798273086548,-3.5277891159057617,2.5635643005371094,