{"bimodal":false,"column_names":[""],"dimension":2,"dimension_input":0,"label":"forme1-16","data":[-1.6391249895095825,3.1010971069335938,-0.06007027626037598,3.5433712005615234,0.02820480242371559,3.0241260528564453,-0.18946269154548645,3.357093572616577,-0.36347585916519165,3.5764966011047363,-0.6458761096000671,3.7830703258514404,-0.6785780191421509,3.8650734424591064,-0.51459801197052,3.7158401012420654,-0.02273915521800518,3.429429292678833,0.18164624273777008,3.3565869331359863,0.4077761769294739,3.258798122406006,0.6637187004089355,3.1609904766082764,0.7386158108711243,3.2619173526763916,0.9087178111076355,3.394378185272217,1.1294052600860596,3.315662384033203,1.351015567779541,3.3157176971435547,1.1050941944122314,3.608698606491089,0.8779748678207397,3.7194955348968506,0.965799868106842,3.627807378768921,0.9680931568145752,3.7274577617645264,1.1715184450149536,3.631556987762451,1.3618569374084473,3.3231425285339355,1.4620589017868042,3.356027841567993,1.4663457870483398,3.432034969329834,1.6903045177459717,3.24674391746521,1.5535227060317993,3.3651058673858643,1.4293111562728882,3.453993797302246,1.655113935470581,3.342003345489502,1.4457612037658691,3.5170962810516357,1.334964394569397,3.6195473670959473,1.471215009689331,3.403627634048462,1.5492957830429077,3.484746217727661,1.838712215423584,3.412165403366089,2.2594563961029053,3.113922119140625,2.2982988357543945,3.170942783355713,2.3363521099090576,3.294572353363037,3.2222440242767334,2.8102593421936035,3.451180934906006,2.794968366622925,3.135521650314331,2.902681827545166,3.466162919998169,2.772482395172119,3.4552717208862305,2.7270004749298096,3.5309641361236572,2.616504430770874,3.62286639213562,2.548055648803711,3.6913578510284424,2.6197237968444824,3.631678581237793,2.114421844482422,3.22344970703125,0.16209524869918823,3.4863672256469727,-0.1850237250328064,3.3057520389556885,0.08622640371322632,3.1151201725006104,0.004076630342751741,3.088780641555786,-0.397152304649353,3.9031155109405518,-1.113681435585022,3.7568585872650146,-0.8451538681983948,3.4515106678009033,-0.6985828876495361,3.497673749923706,-0.6738774180412292,3.010427236557007,-1.49949312210083,3.1892447471618652,-2.3544390201568604,-0.17352570593357086,-3.233651638031006,-3.024578332901001,-1.8111451864242554,-3.11320161819458,-3.6017892360687256,-1.5721185207366943,-3.2398123741149902,-0.4320187270641327,-3.676676034927368,0.1428181380033493,-3.25858473777771,0.25939518213272095,-3.352463960647583,0.2801179885864258,-3.331467866897583,0.17970159649848938,-3.308475971221924,0.09245453029870987,-3.2576792240142822,-0.1033560112118721,-3.0973753929138184,-0.2910236716270447,-3.0175490379333496,-0.4327208995819092,-3.003506660461426,-0.7769656181335449,-3.7964625358581543,-1.2598906755447388,-3.3429460525512695,-1.500680685043335,-3.3326334953308105,-1.8341892957687378,-3.058152437210083,-1.9216748476028442,-3.1300759315490723,-2.5840466022491455,-3.6372716426849365,-1.8451881408691406,-3.456735849380493,-1.6430473327636719,-3.667404890060425,-1.377544641494751,-3.740586519241333,-0.8245322704315186,-3.752896308898926,0.162347674369812,-3.5983054637908936,1.364750862121582,-3.018578052520752,3.465517282485962,-2.4829471111297607,3.327742099761963,-1.8545888662338257,3.6941165924072266,-1.84969961643219,3.9910504817962646,-1.3275809288024902,3.0332396030426025,-0.4230879545211792,3.2117486000061035,-0.33110103011131287,3.2106423377990723,-0.11152546107769012,3.2674641609191895,-0.08501140028238297,3.429640769958496,-0.04734786972403526,3.332655191421509,0.15172137320041656,3.04712176322937,0.4289425313472748,3.8337979316711426,0.7284764051437378,3.6465394496917725,0.9060859084129333,3.5274386405944824,0.9952740669250488,3.486233949661255,0.8904445171356201,3.281554698944092,0.887653112411499,3.257725715637207,0.8037710189819336,3.372530221939087,0.7645934820175171,3.326535940170288,0.6955669522285461,3.1544981002807617,0.5711731314659119,3.0435049533843994,0.6536292433738708,3.0706279277801514,0.8305224180221558,3.49967885017395,1.2872322797775269,3.1090614795684814,1.5219208002090454,3.0727550983428955,2.693096876144409,3.4462978839874268,3.42981219291687,2.6419517993927,3.088059663772583,2.400514841079712,3.1416680812835693,2.3878207206726074,3.1614201068878174,2.071775197982788,3.2489635944366455,2.5134103298187256,3.339088201522827,3.039705514907837,3.134303331375122,3.4606940746307373,3.437180280685425,2.7005794048309326,3.0164108276367188,2.0131890773773193,3.362896680831909,1.5130841732025146,3.4840049743652344,1.1904010772705078,3.0412912368774414,1.021417498588562,3.09688401222229,1.0676766633987427,3.058002471923828,1.0742605924606323,3.1426138877868652,0.6672157049179077,3.210904598236084,-0.30070480704307556,3.5223629474639893,-2.640881299972534,3.2752814292907715,-3.3622512817382812,3.136138677597046,-3.7837557792663574,3.4436593055725098,-3.261489152908325,2.118648052215576,-3.500791549682617,0.16536948084831238,-3.1136209964752197,-1.4926466941833496,-0.09576988965272903,-3.644413709640503,0.8882931470870972,-3.649822235107422,0.6407142877578735,-3.3803553581237793,0.06743812561035156,-3.639145851135254,-0.7642116546630859,-3.154125213623047,-1.9260648488998413,-3.010575294494629,-3.2184064388275146,-2.935288429260254,-3.183624505996704,-1.5307005643844604,-3.4366114139556885,-1.361130714416504,-3.402228355407715,-1.457744836807251,-3.200568199157715,-1.583440899848938,-3.5971627235412598,-2.109252691268921,-3.4725401401519775,-1.4892061948776245,-3.0638415813446045,0.96694016456604,-3.3655474185943604,1.5998170375823975,-3.1929802894592285,2.2463760375976562,-1.8344839811325073,3.374363899230957,0.4892676770687103,3.73828125,0.492684930562973,3.510326623916626,0.8068901300430298,3.7056851387023926,1.1379321813583374,3.5135138034820557,1.485337495803833,3.512458562850952,1.534793496131897,3.577219009399414,1.4855923652648926,3.6281261444091797,1.5804470777511597,3.492140293121338,1.5306832790374756,3.5476253032684326,1.5707626342773438,3.4470162391662598,1.5719300508499146,3.4482052326202393,2.4003124237060547,3.6082751750946045,3.3187921047210693,2.9425320625305176,3.7187747955322266,2.742030143737793,3.082381248474121,2.129042387008667,3.3379478454589844,1.9564180374145508,3.0262932777404785,0.8742590546607971,3.4312994480133057,0.38126176595687866,3.3821845054626465,0.35117003321647644,3.393307685852051,0.3209950029850006,3.436110496520996,0.46709492802619934,3.5249311923980713,0.25762104988098145,3.5108160972595215,0.13313214480876923,3.4286961555480957,0.18534241616725922,3.3448643684387207,0.3059040307998657,3.2037086486816406,0.4166546165943146,3.1236798763275146,0.34525588154792786,3.172584056854248,0.3899743854999542,3.2722043991088867,0.21923914551734924,3.111823797225952,0.1356523633003235,3.916990041732788,-0.1400798261165619,3.12617564201355,-0.5927505493164062,3.203681707382202,-0.698845624923706,3.2541444301605225,-0.9051945805549622,3.7868165969848633,-1.0601048469543457,3.534681797027588,-1.3200464248657227,3.8760716915130615,-1.528154730796814,3.5743746757507324,-1.3973264694213867,3.587042808532715,-1.2755275964736938,4.005399703979492,-2.281071424484253,3.6848666667938232,-3.4411020278930664,3.1396915912628174,-3.136263370513916,2.7908308506011963,-3.2292118072509766,0.7593055963516235,-3.3916373252868652,-2.0149919986724854,-3.538742780685425,-2.5825295448303223,-3.1747794151306152,-3.054029703140259,-1.9535677433013916,-3.1817867755889893,-1.7531099319458008,-3.167854070663452,-1.767057180404663,-3.090001344680786,-2.180820941925049,-3.3016061782836914,-2.327846050262451,-2.029968023300171,-3.2851712703704834,-1.7079910039901733,-3.156953811645508,-1.717233657836914,-3.4216136932373047,-0.5375853776931763,-3.3737235069274902,0.7091972231864929,-3.459951639175415,0.5537747144699097,-3.454272508621216,0.34884074330329895,-3.2648932933807373,0.4357929229736328,-3.402113914489746,0.11188247799873352,-3.374603509902954,-0.2016666829586029,-3.219312906265259,0.08434894680976868,