{"bimodal":false,"column_names":[""],"dimension":2,"dimension_input":0,"label":"forme4-10","data":[-1.7103605270385742,3.077648162841797,-1.209077000617981,3.0457699298858643,-0.6783138513565063,3.1460111141204834,-0.9467357993125916,3.3575150966644287,-0.9680772423744202,3.331287384033203,-0.5736898183822632,3.319776773452759,-0.010262556374073029,3.3992156982421875,0.1946059912443161,3.0454366207122803,0.29618239402770996,3.117476224899292,0.24290619790554047,3.3291633129119873,0.10422660410404205,3.354417085647583,-0.3164626955986023,3.6046390533447266,-0.4682965874671936,3.0923893451690674,-0.5318149924278259,3.079829454421997,-0.6317936778068542,3.184591770172119,-0.42405128479003906,3.5906431674957275,-0.3225821256637573,3.172107696533203,-0.21304185688495636,3.4178569316864014,-0.2534865438938141,3.603548526763916,-0.3622643053531647,3.728113889694214,-0.5213882923126221,3.817483901977539,-0.4999455511569977,3.597459316253662,-0.5513637065887451,3.477332830429077,-0.6397620439529419,3.39827823638916,-0.7040706276893616,3.2589187622070312,-0.6411169171333313,3.0039587020874023,-0.5159177184104919,3.000661611557007,-0.541595995426178,3.385777235031128,-0.9418226480484009,3.312937021255493,-1.8340965509414673,3.2383646965026855,-3.0139944553375244,2.8814117908477783,-3.275969982147217,2.1454148292541504,-3.095325231552124,0.9448988437652588,-3.420602798461914,0.47550463676452637,-3.1363279819488525,-0.2281549870967865,-3.3072075843811035,-1.137019157409668,-3.588754177093506,-1.4770816564559937,-3.737147808074951,-1.5079578161239624,-3.8876490592956543,-1.3859800100326538,-3.955268383026123,-1.318719744682312,-3.910081148147583,-0.9469940662384033,-3.9881174564361572,-0.46331751346588135,-3.0105061531066895,0.21067748963832855,-4.003553867340088,0.6607881784439087,-3.972830295562744,0.7960076928138733,-3.972217321395874,1.0230610370635986,-3.0192224979400635,0.7913810610771179,-3.9030630588531494,0.9164040684700012,-3.705639123916626,0.6436379551887512,-3.16804838180542,-0.14786246418952942,-3.42244029045105,-1.0641199350357056,-3.1173343658447266,-1.7251421213150024,-2.836421012878418,-3.499756336212158,-1.430206537246704,-3.042719602584839,-1.5375115871429443,-3.240523338317871,-1.4465305805206299,-3.585439920425415,-1.5613701343536377,-3.6390023231506348,-1.606395959854126,-3.6779870986938477,-1.6387908458709717,-3.674447774887085,-1.5922237634658813,-3.7150256633758545,-1.4141695499420166,-3.7455265522003174,-0.5223689079284668,-3.917861223220825,0.4462699294090271,-3.839759588241577,0.5669609308242798,-3.8245925903320312,0.25548505783081055,-3.9434361457824707,0.2114984691143036,-3.897082805633545,0.7072663903236389,-3.897493839263916,1.1650733947753906,-3.9222686290740967,1.6468604803085327,-3.9414093494415283,2.1640865802764893,-3.556117296218872,2.9105162620544434,-3.531317710876465,3.5316162109375,-3.4316444396972656,3.9157636165618896,-3.3898468017578125,3.1009581089019775,-2.5413074493408203,3.0584332942962646,-2.2665319442749023,3.7130398750305176,-2.2468924522399902,3.266878366470337,-1.1780071258544922,3.543566942214966,-0.7659268975257874,3.0416829586029053,2.2918648719787598,1.1648499965667725,3.25321888923645,0.700835645198822,3.51259708404541,0.11809171736240387,3.5360240936279297,-0.0794680193066597,3.7328109741210938,-0.12984807789325714,3.161707878112793,-0.15429788827896118,3.1057209968566895,0.008869941346347332,3.67612624168396,0.2535575330257416,3.6695127487182617,0.6263610124588013,3.534083127975464,1.2204598188400269,3.44043231010437,1.269168496131897,3.449632167816162,1.1830061674118042,3.491731882095337,1.0968881845474243,3.5295777320861816,0.9691627025604248,3.4897706508636475,0.8203661441802979,3.238914966583252,1.0707966089248657,3.151672601699829,3.178126335144043,0.15397116541862488,1.269195556640625,-3.1228551864624023,0.6674842238426208,-3.496351957321167,0.0923832356929779,-3.3072452545166016,0.03726275637745857,-3.5092289447784424,0.06306616961956024,-3.5186376571655273,0.28565266728401184,-3.602961540222168,0.521075427532196,-3.146456003189087,0.9396600723266602,-3.336880683898926,1.3175125122070312,-3.445366144180298,1.528282642364502,-3.6890439987182617,1.316941261291504,-3.0452775955200195,1.2828186750411987,-3.01503586769104,1.2220540046691895,-3.015840530395508,1.2259103059768677,-3.0381598472595215,1.2273176908493042,-3.1237196922302246,1.1767470836639404,-3.0736401081085205,1.0897941589355469,-3.1149802207946777,1.140351414680481,-3.0270657539367676,0.984662652015686,-3.0226595401763916,0.7585335969924927,-3.061077833175659,0.9298295974731445,-3.224771738052368,1.3866205215454102,-3.0772838592529297,3.349452018737793,-0.23911651968955994,3.247384548187256,0.21868471801280975,3.3137803077697754,2.133052110671997,3.0342631340026855,1.560879111289978,3.002462863922119,1.4603959321975708,3.335362672805786,1.7311499118804932,3.379924774169922,1.2513883113861084,3.368746042251587,1.189975619316101,3.2266829013824463,0.7421661615371704,3.178070068359375,0.6227037310600281],"data_input":[],"data_output":[],"length":128}