{"bimodal":false,"column_names":[""],"dimension":2,"dimension_input":0,"label":"forme4-11","data":[3.1202011108398438,1.2931010723114014,-2.905320405960083,-3.3054442405700684,-1.6698087453842163,-3.3621554374694824,-1.7012475728988647,-3.3373334407806396,-0.9000325202941895,-3.5463452339172363,0.21569880843162537,-3.614361047744751,0.4069366753101349,-3.6765997409820557,0.7289310097694397,-3.1615805625915527,1.092140793800354,-3.331838846206665,1.2549816370010376,-3.365917682647705,1.3942313194274902,-3.354346752166748,1.397849440574646,-3.4198169708251953,1.3176683187484741,-3.2801191806793213,1.2671278715133667,-3.373981475830078,1.132400393486023,-3.5255560874938965,1.047215461730957,-3.5640218257904053,1.0583670139312744,-3.664285659790039,1.019504427909851,-3.5936598777770996,1.018997073173523,-3.544158697128296,1.0143629312515259,-3.7602760791778564,1.0645073652267456,-3.457280397415161,3.2738680839538574,-2.3087093830108643,3.5230772495269775,-1.0793520212173462,3.5741124153137207,-0.17927241325378418,3.3147568702697754,2.203155755996704,3.737224578857422,2.699769973754883,3.169705867767334,1.962723970413208,3.152937650680542,1.8821320533752441,3.1769771575927734,1.785818338394165,3.1667110919952393,1.705133080482483,3.2258193492889404,1.5857118368148804,3.1523098945617676,1.3814653158187866,3.630920886993408,1.7867095470428467,1.9662141799926758,3.756361722946167,-0.5138492584228516,3.011164426803589,-1.0074458122253418,3.4055373668670654,-1.0620051622390747,3.5427191257476807,-1.0411261320114136,3.668126106262207,-1.0529158115386963,3.699307441711426,-1.0492956638336182,3.798513174057007,-0.7750445604324341,3.5951266288757324,-0.5887274146080017,3.4474048614501953,-0.5052276253700256,3.501136064529419,-0.4782028794288635,3.4694995880126953,-0.33212968707084656,3.4046199321746826,-0.21554172039031982,3.364943027496338,-0.03714381903409958,3.3326656818389893,-0.024661090224981308,3.3914918899536133,0.10148746520280838,3.3627822399139404,0.0689292773604393,3.2894790172576904,0.04554687812924385,3.234151840209961,0.08106736093759537,3.210068941116333,0.007555502001196146,3.142627239227295,-0.13217461109161377,3.0840275287628174,-0.15622876584529877,3.025564432144165,-0.15452812612056732,3.0455148220062256,-0.03506878763437271,3.971238613128662,0.07087995111942291,3.332134962081909,-3.247976064682007,3.1761817932128906,-3.8102846145629883,1.9400553703308105,-3.17189359664917,1.3510173559188843,-3.327360153198242,1.176043152809143,-3.54206919670105,1.0169448852539062,-3.642826557159424,0.4648287296295166,-3.652074098587036,0.20881375670433044,-3.765565872192383,0.14049194753170013,-3.701490640640259,-0.17597629129886627,-3.729532480239868,-0.2060154378414154,-3.720440626144409,-0.3680354952812195,-3.6557507514953613,-0.4888886511325836,-3.7461447715759277,-0.49477827548980713,-3.8600642681121826,-0.35549303889274597,-3.7449252605438232,-0.3891298472881317,-3.6769814491271973,-0.34988367557525635,-3.6787564754486084,-0.36169713735580444,-3.6044297218322754,-0.4230782091617584,-3.5671420097351074,-0.44715747237205505,-3.6078388690948486,-0.1766849160194397,-3.7109086513519287,0.11642985045909882,-3.543779134750366,-0.08432547748088837,-3.654902219772339,-1.7733025550842285,-2.5120151042938232,-3.347383975982666,-1.6476552486419678,-3.036771535873413,-1.4896925687789917,-3.1798715591430664,-1.5584796667099,-3.2525570392608643,-1.3049496412277222,-3.617675304412842,-1.1663249731063843,-3.72062349319458,-1.0720528364181519,-3.7326138019561768,-0.9492587447166443,-3.786454677581787,-0.7721807360649109,-3.8941707611083984,-0.6644012331962585,-3.9261488914489746,-0.4744226336479187,-4.00287389755249,-0.2845470607280731,-4.072087287902832,-0.1375608593225479,-4.0732269287109375,0.25880736112594604,-4.075877666473389,0.7148823738098145,-3.962319850921631,1.2016260623931885,-3.698430299758911,1.746941089630127,-3.765486240386963,2.3045759201049805,-3.860949993133545,2.703782320022583,-3.730480194091797,2.963834285736084,-3.748417854309082,3.180858612060547,-3.7898483276367188,3.2895936965942383,-3.7799696922302246,3.2193756103515625,-3.510216236114502,3.9227042198181152,-3.059224843978882,3.5448262691497803,-1.8976943492889404,3.271949052810669,-0.8571116328239441,3.223280429840088,0.5151166915893555,2.3978753089904785,3.193418502807617,1.606799602508545,3.2301414012908936,1.4735716581344604,3.488805055618286,1.5296849012374878,3.4406027793884277,1.5708575248718262,3.4472477436065674,1.5747934579849243,3.377856731414795,1.535270094871521,3.417522430419922,1.4128550291061401,3.458853244781494,0.8698153495788574,3.709676742553711,0.2767750918865204,3.3322384357452393,0.060413770377635956,3.490365743637085,0.08178281038999557,3.494333028793335,-0.08018150180578232,3.5147082805633545,-0.1388707160949707,3.4467310905456543,-0.12078505754470825,3.634720802307129,-0.13852281868457794,3.480307102203369],"data_input":[],"data_output":[],"length":124}