{"bimodal":false,"column_names":[""],"dimension":2,"dimension_input":0,"label":"forme2-14","data":[3.103553056716919,0.7370921969413757,1.4877326488494873,3.5167486667633057,1.404412865638733,3.2595252990722656,1.8107430934906006,3.225285291671753,0.35931292176246643,3.53781795501709,-0.1610688716173172,3.131361961364746,-0.5205302238464355,3.613980293273926,-0.6940795183181763,3.447626829147339,-1.0813806056976318,3.571436643600464,-1.1071393489837646,3.514401912689209,-0.8721206784248352,3.4755232334136963,-0.927810549736023,3.6322288513183594,-0.9132365584373474,3.540344476699829,-1.0715326070785522,3.3106517791748047,-1.4843125343322754,3.367694616317749,-1.8979212045669556,3.46258282661438,-1.9849064350128174,3.449613332748413,-1.3713023662567139,3.043569564819336,1.0465344190597534,3.213308572769165,3.104374647140503,1.545739769935608,3.3341875076293945,0.8557230234146118,3.2098050117492676,0.0004645930021069944,3.3797402381896973,-0.3222983479499817,3.3205068111419678,-0.4027535319328308,3.4777371883392334,-0.5212279558181763,3.428349018096924,-0.5341246128082275,3.1052277088165283,-0.8129903078079224,3.22690486907959,-2.36409330368042,2.75057053565979,-3.085813522338867,2.6275734901428223,-3.109560489654541,2.5567257404327393,-3.4710700511932373,2.0451579093933105,-3.226418972015381,1.5096781253814697,-3.5901267528533936,1.592718482017517,-3.776268720626831,1.361301064491272,-3.0597963333129883,1.090857982635498,-3.4657559394836426,0.9094077348709106,-3.2415988445281982,1.0775099992752075,-3.480520486831665,1.434425711631775,-3.6098625659942627,2.1861770153045654,-3.731353521347046,2.8289334774017334,-3.8879661560058594,2.1496987342834473,-3.6705234050750732,2.3288931846618652,-3.6235220432281494,2.542174816131592,-3.6716971397399902,2.009323835372925,-3.384889602661133,2.4679644107818604,-3.519108533859253,2.513151168823242,-3.5293169021606445,2.225762367248535,-3.350252866744995,2.4984641075134277,-3.4483602046966553,2.4273648262023926,-3.4320595264434814,2.2279586791992188,-3.376636028289795,2.41493558883667,-3.4997143745422363,2.408033609390259,-3.3153576850891113,2.367565393447876,-3.2822093963623047,2.493056058883667,-3.4094629287719727,2.838894844055176,-3.4265689849853516,3.418978214263916,-2.341954469680786,3.457430839538574,-1.512303113937378,3.630037307739258,-0.254928320646286,3.1092450618743896,0.45004650950431824,3.0511913299560547,1.4024720191955566,1.4743702411651611,3.8162567615509033,-0.8366581797599792,3.496654748916626,-1.3216665983200073,3.7519640922546387,-1.7071576118469238,3.835007905960083,-2.0366690158843994,3.767263412475586,-1.5615700483322144,3.513172149658203,-1.3864309787750244,3.2188775539398193,-1.1713308095932007,3.1674418449401855,-0.37636902928352356,3.568977117538452,0.06329767405986786,3.1567397117614746,0.49258503317832947,3.257516860961914,0.6367533802986145,3.0705108642578125,0.3886127769947052,3.2220029830932617,0.3336372375488281,3.275749683380127,-0.6846271753311157,3.2973074913024902,-1.0832321643829346,3.5771477222442627,-1.5207328796386719,3.547996759414673,-1.0880450010299683,3.4355690479278564,-1.128977656364441,3.2970006465911865,-0.5891181826591492,3.117511510848999,-0.3358466327190399,3.079800844192505,-0.6099490523338318,3.231105327606201,-0.34417104721069336,3.195937395095825,-0.8920913934707642,3.4038445949554443,-0.6149483323097229,3.202014207839966,-1.2578985691070557,3.3623721599578857,-0.9572113156318665,3.3874149322509766,-1.155389428138733,3.2948672771453857,-1.102108359336853,3.398085117340088,-0.48977425694465637,3.055884599685669,-1.0787452459335327,3.1980998516082764,-0.6367303729057312,3.0231986045837402,-0.9159340858459473,3.0521504878997803,-1.0006047487258911,3.585731029510498,-0.9897037148475647,3.0920660495758057,-0.8957473635673523,3.024559736251831,-1.1632025241851807,3.4616739749908447,-1.3947429656982422,3.564162254333496,-1.454416036605835,3.0892090797424316,-1.507775068283081,3.1209757328033447,-1.9337841272354126,3.082449436187744,-2.1959240436553955,3.027966260910034,-2.9043731689453125,3.2657415866851807,-3.2353572845458984,2.8007583618164062,-3.096602439880371,0.8937262892723083,-1.9957164525985718,-3.0992591381073,-2.264979124069214,-3.198965549468994,-0.1256721466779709,-3.2207725048065186,0.7917670011520386,-3.2981083393096924,0.3662698566913605,-3.25075626373291,-0.10701795667409897,-3.061217784881592,-0.5807913541793823,-3.0001778602600098,0.172147735953331,-3.0764944553375244,0.9086397886276245,-3.144660711288452,0.9543560743331909,-3.1649537086486816,1.1258368492126465,-3.0271849632263184,-1.2967232465744019,-3.1205766201019287,-3.5056636333465576,-0.3995104730129242,-3.5375423431396484,1.5366257429122925,-3.0407114028930664,1.3133515119552612,-3.0069310665130615,1.3698489665985107,-3.4942877292633057,1.4998490810394287,-3.42495059967041,1.2263447046279907,-3.4891245365142822,0.9155406951904297,-3.318995237350464,1.1944308280944824,-3.460317850112915,2.131779909133911,-3.291153907775879,3.2266042232513428,-2.917315721511841,3.0848069190979004,-2.9249069690704346,3.357733964920044,3.268955945968628,2.8857879638671875,3.209986686706543,0.11857184022665024,3.3344037532806396,0.08367219567298889,3.1036534309387207,0.5784683227539062,3.428305149078369,0.8423402309417725,3.4942626953125,1.0304200649261475,3.544036865234375,0.8019228577613831,3.1470112800598145,1.2081665992736816,3.2170867919921875,1.2863689661026,3.091574192047119,1.3134853839874268,3.089453935623169,1.4577140808105469,3.1925973892211914,1.3102805614471436,3.1467936038970947,1.36638605594635,3.1121363639831543,0.9758374691009521,3.3843793869018555,1.2603753805160522,3.3043277263641357,0.8276982307434082,3.4878931045532227,1.1283951997756958,3.3545100688934326,1.4611552953720093,3.442453384399414,1.894004225730896,3.3345251083374023,2.6632113456726074,2.3814990520477295,3.482637405395508,0.4399045705795288,3.1731820106506348,-0.13609889149665833,3.5946052074432373,-0.27144065499305725,3.616379737854004,-0.9433709979057312,3.057311534881592,-0.9314956068992615,3.182997226715088,-0.6328518986701965,3.2950832843780518,-1.043750286102295,3.256734848022461,-3.0161447525024414,2.3461198806762695,-3.3710134029388428,-0.3119356632232666,-3.3650002479553223,-0.5796468257904053,-3.062183380126953,-1.0126959085464478,-3.266627550125122,-1.4632354974746704,-3.7362451553344727,-1.6598881483078003,-3.608264684677124,-1.537284016609192,-3.6105642318725586,-1.2010313272476196,-3.066466808319092,-0.9861673712730408,-3.479321002960205,-1.2030994892120361,-3.0738625526428223,-0.9101372957229614,-3.5775113105773926,-1.2993699312210083,-3.1349260807037354,-1.222792625427246,-2.769815444946289,-3.5454134941101074,-1.6816740036010742,-3.539815902709961,-2.316606044769287,-3.1579411029815674,-3.5035130977630615,-2.9942359924316406,-3.102698564529419,-1.5294288396835327,-3.5356814861297607,-1.5795433521270752,-3.029114246368408,-1.3089325428009033,-3.2335364818573,-1.7230808734893799,-3.034820795059204,-1.54084050655365,-3.462865114212036,-1.9335839748382568,-3.3326406478881836,-1.895857810974121,-3.1560652256011963,-1.3979759216308594,-3.5505850315093994,-1.8088328838348389,-3.1599645614624023,-1.5423890352249146,-3.4327809810638428,-2.1913723945617676,-3.2292888164520264,-2.1791763305664062,-3.070856809616089,-1.6183688640594482,-2.8085129261016846,-3.1043965816497803,-1.6650911569595337,-3.4888062477111816,-1.1444247961044312,-3.472630739212036,-1.1053622961044312,-3.5582985877990723,-1.2645155191421509,-3.5223264694213867,0.8124274611473083,-3.927246570587158,0.6822034120559692,-3.080918550491333,0.6503987312316895,-3.987755537033081,0.9967217445373535,-3.0334744453430176,0.9316540956497192,-3.096320152282715,0.9692548513412476,-3.849033832550049,0.885059118270874,-3.709430456161499,0.5754884481430054,-3.739744186401367,1.0387487411499023,-3.9167847633361816,1.2945109605789185,-3.8526229858398438,1.0900769233703613,-3.9799587726593018,1.030043601989746,-3.08647084236145,1.3075308799743652,-3.8543341159820557,