{"bimodal":false,"column_names":[""],"dimension":2,"dimension_input":0,"label":"forme3-7","data":[0.7643494009971619,3.011430263519287,1.250252366065979,3.208350658416748,1.2246172428131104,3.06315279006958,1.303797960281372,3.4938971996307373,1.2456408739089966,3.738884449005127,1.3369892835617065,3.9607737064361572,1.0128884315490723,3.0663034915924072,1.0039902925491333,3.136836051940918,0.952014684677124,3.1600844860076904,0.8393864035606384,3.09676194190979,0.9978048205375671,3.8082594871520996,1.0481928586959839,3.960983991622925,0.9498855471611023,3.9792416095733643,0.6367347240447998,3.0155625343322754,0.6436265110969543,3.049661874771118,0.6308543682098389,3.0775580406188965,0.6144579648971558,3.0215020179748535,0.6806440353393555,3.0747461318969727,0.6201899647712708,3.0810513496398926,0.6132511496543884,3.08707857131958,0.799139142036438,3.235354423522949,0.9571291208267212,3.32881760597229,1.093457818031311,3.2402398586273193,1.2958216667175293,3.2821879386901855,1.3240967988967896,3.314129590988159,1.3894158601760864,3.351287364959717,1.3694813251495361,3.3893964290618896,1.3793694972991943,3.351004123687744,1.1532549858093262,3.3658974170684814,0.9354524612426758,3.3835487365722656,0.8004266023635864,3.369123697280884,0.4751811921596527,3.4860804080963135,0.2811447083950043,3.5128164291381836,0.283690869808197,3.507882595062256,0.12789124250411987,3.575866222381592,-0.06217107176780701,3.634641408920288,-0.11033187061548233,3.6894383430480957,0.40409982204437256,3.4257259368896484,0.3734220862388611,3.200824022293091,0.0934830829501152,3.498898983001709,0.16399799287319183,3.3650755882263184,0.2887049615383148,3.3415329456329346,0.22382134199142456,3.3357598781585693,0.24660861492156982,3.3284614086151123,0.39744430780410767,3.3229076862335205,0.34606072306632996,3.3172619342803955,0.33174222707748413,3.342589855194092,0.23727332055568695,3.3385753631591797,0.2137717604637146,3.4030814170837402,-0.013694043271243572,3.287912368774414,-0.36012622714042664,3.063727617263794,-0.68520587682724,3.8980579376220703,-0.5005661249160767,3.0796685218811035,-0.4545436203479767,3.4760031700134277,-1.1863389015197754,3.137824296951294,-3.3295557498931885,0.19231083989143372,-3.1691856384277344,-3.6301004886627197,-2.4603593349456787,-3.177173376083374,-2.6096856594085693,-3.582608461380005,-2.690627098083496,-3.7909555435180664,-2.6881988048553467,-3.9524383544921875,-2.7436635494232178,-4.185449600219727,-2.77005934715271,-4.129404067993164,-2.792921781539917,-4.151673316955566,-2.6925559043884277,-4.036495685577393,-2.530026435852051,-4.106785297393799,-2.3189659118652344,-4.028224468231201,-2.1272308826446533,-3.864896059036255,-2.1530494689941406,-3.8947761058807373,-2.101862668991089,-3.8563292026519775,-2.1102805137634277,-3.847935438156128,-2.13340163230896,-3.8095810413360596,-2.15698504447937,-3.79341459274292,-2.125811815261841,-3.761686325073242,-2.0282418727874756,-3.7647175788879395,-2.086276054382324,-3.854780435562134,-2.156323194503784,-3.895920753479004,-2.0858941078186035,-3.8224899768829346,-2.0784668922424316,-3.8077943325042725,-2.031754732131958,-3.8255245685577393,-2.114572048187256,-3.8050267696380615,-2.0904734134674072,-3.756143808364868,-2.0649871826171875,-3.768279552459717,-2.0993990898132324,-3.7168984413146973,-1.967780351638794,-3.676806926727295,-1.8129502534866333,-3.7286264896392822,-1.6376926898956299,-3.583855628967285,-1.6206144094467163,-3.6862339973449707,-1.581916332244873,-3.623664140701294,-1.5336964130401611,-3.5802972316741943,-1.4413762092590332,-3.4569180011749268,-1.1063756942749023,-3.4150054454803467,-0.982593834400177,-3.3873908519744873,-0.9323143362998962,-3.3053505420684814,-1.0600552558898926,-3.296678304672241,-1.0139826536178589,-3.3998546600341797,-0.9723620414733887,-3.3140571117401123,-0.9109216332435608,-3.2987937927246094,-0.9355726838111877,-3.2839808464050293,-1.005300521850586,-3.2005808353424072,-0.9306890964508057,-3.279576063156128,-0.7327588796615601,-3.323772668838501,-0.5949591398239136,-3.378159761428833,-0.38374751806259155,-3.368140459060669,-0.29690873622894287,-3.265748977661133,-0.426902711391449,-3.265139579772949,-0.4727272391319275,-3.297974109649658,-0.4606916010379791,-3.3353593349456787,-0.3970709443092346,-3.181875705718994,-0.4595634341239929,-3.1901421546936035,-0.45452025532722473,-3.1791248321533203,-0.48589327931404114,-3.2193820476531982,-0.47662052512168884,-3.2397584915161133,-0.46108153462409973,-3.181119680404663,-0.4166794419288635,-3.210228681564331,-0.40783634781837463,-3.181877851486206,-0.3786945343017578,-3.2127108573913574,-0.4624685049057007,-3.354694366455078,-0.5193838477134705,-3.377149820327759,-0.5677792429924011,-3.4446194171905518,-0.5840480923652649,-3.4264960289001465,-0.6285297870635986,-3.4780924320220947,-0.6154525279998779,-3.456707715988159,-0.5680033564567566,-3.4619498252868652,-0.5217875242233276,-3.5111188888549805,-0.5527231097221375,-3.500110387802124,-0.5707747936248779,-3.4958901405334473,-0.5600354075431824,-3.529136896133423,-0.55523282289505,-3.490727424621582,-0.518334150314331,-3.525876522064209,-0.45195770263671875,-3.506241798400879,-0.3983904719352722,-3.458481550216675,-0.3918223977088928,-3.4614012241363525,-0.3808806240558624,-3.413273811340332,-0.4063226282596588,-3.4778568744659424,-0.5192000269889832,-3.7269723415374756,-0.4103487432003021,-3.674224376678467,0.29163864254951477,-3.3310201168060303,1.213640809059143,-3.5402235984802246,1.7794396877288818,-3.0130503177642822,2.570897340774536,-3.247633934020996,3.4490866661071777,-2.1477668285369873,3.2041354179382324,-0.12650977075099945,3.345994472503662,2.0217392444610596,2.6791255474090576,3.169665813446045,2.0356881618499756,3.310468912124634,1.4971351623535156,3.0825610160827637,1.4383941888809204,3.3766205310821533,1.7743546962738037,3.163581371307373,3.5058884620666504,3.0864644050598145,3.4366657733917236,2.049447774887085,3.4884815216064453,2.0273241996765137,3.7577853202819824,2.1777758598327637,3.1120824813842773,0.6778846383094788,3.03794527053833,-0.797751784324646,3.618147134780884,-1.123408317565918,3.451909303665161,-1.115039348602295,3.584979295730591,-1.2155921459197998,3.566575050354004,-1.2949248552322388,3.530642509460449,-1.3659640550613403,3.467029571533203,-1.5298583507537842,3.695258855819702,-1.3139350414276123,3.1422274112701416,-0.9329249858856201,3.1903960704803467,-0.9053393602371216,3.1099162101745605,-0.9910083413124084,3.107147216796875,-1.0291436910629272,3.0400888919830322,-1.0238876342773438,3.719047784805298,-1.3080302476882935,3.0430209636688232,-1.071230173110962,3.1491024494171143,-1.114585280418396,3.197054624557495,-1.1139225959777832,3.20241379737854,-1.0494349002838135,3.2328414916992188,-1.069329857826233,3.251008987426758,-1.0540488958358765,3.2548012733459473,-1.1012499332427979,3.2665112018585205,-1.1086488962173462,3.131431818008423,1.0556691884994507,0.4441445767879486,3.678518533706665,-0.5262253284454346,3.0584304332733154,-0.784951388835907,3.215236186981201,-1.1907644271850586,3.1998941898345947,-2.2697153091430664,3.6998560428619385,-2.7598488330841064,3.581319570541382,-2.7386996746063232,3.5657291412353516,-2.858245849609375,3.6084177494049072,-2.9475884437561035,3.5817196369171143,-2.8868038654327393,3.569692373275757,-2.949293375015259,3.560680866241455,-2.8059885501861572,3.6132612228393555,-2.8950772285461426,3.643167734146118,-2.9738340377807617,3.574347496032715,-3.006760597229004,3.598057746887207,-3.0680618286132812,3.6023993492126465,-3.1857364177703857,3.7632813453674316,-3.15476393699646,3.776506185531616,-3.154857635498047,3.8165338039398193,-3.4150612354278564,3.8971424102783203,-3.363041400909424,3.8969407081604004,-3.311786651611328,3.914728879928589,-3.3773081302642822,3.881859302520752,-3.4183807373046875,3.7282845973968506,-3.4725990295410156,3.787646770477295,-3.60882306098938,3.887185573577881,-3.6369409561157227,3.9242055416107178,-3.5562095642089844,3.757438898086548,