{"bimodal":false,"column_names":[""],"dimension":2,"dimension_input":0,"label":"forme2-6","data":[3.235443592071533,2.097724676132202,1.0570555925369263,3.2178399562835693,1.236550211906433,3.1101465225219727,-0.6906431913375854,3.3376996517181396,-0.9321308732032776,3.005126953125,-1.4343547821044922,3.1856300830841064,-1.0476478338241577,3.498325824737549,-1.378741979598999,3.08138108253479,0.23941326141357422,3.016962766647339,2.193173408508301,3.2434794902801514,3.256695508956909,2.0242035388946533,3.0730929374694824,-0.2941586673259735,3.21281361579895,-3.045680522918701,2.3995871543884277,-3.439953327178955,1.5848655700683594,-3.628333330154419,0.9284706711769104,-3.458634614944458,0.6001780033111572,-3.540675401687622,0.6726434826850891,-3.7118172645568848,1.003482699394226,-3.6994879245758057,1.026189923286438,-3.7115705013275146,1.0376662015914917,-3.6664233207702637,1.1346008777618408,-3.6703314781188965,1.348517656326294,-3.4667162895202637,1.374485969543457,-3.4447054862976074,1.3754061460494995,-3.3318164348602295,1.4617481231689453,-3.3301641941070557,1.3224204778671265,-3.2699267864227295,0.9669417142868042,-3.264498233795166,1.0801582336425781,-3.3306376934051514,1.2167398929595947,-3.233060598373413,1.1269562244415283,-3.001220941543579,1.257109522819519,-3.0408339500427246,1.308639645576477,-3.104198694229126,1.171707034111023,-3.1651315689086914,1.045056939125061,-3.140176296234131,0.90829998254776,-3.1210057735443115,0.435201495885849,-3.0656442642211914,0.33885496854782104,-3.620964527130127,0.11341582983732224,-3.1394197940826416,0.5291414856910706,-3.068317413330078,0.6084367036819458,-3.119408130645752,0.4843471944332123,-3.2221860885620117,0.5704152584075928,-3.2801475524902344,0.5499920845031738,-3.356257438659668,0.46461668610572815,-3.4554171562194824,0.5551182627677917,-3.3692002296447754,0.5707756876945496,-3.2879254817962646,1.0236082077026367,-3.4474871158599854,0.8776537179946899,-3.431089162826538,0.7699703574180603,-3.4706215858459473,0.876737654209137,-3.256805419921875,0.46699216961860657,-3.094292163848877,-0.07950937747955322,-3.3966147899627686,-1.0042563676834106,-3.1159722805023193,-3.0829477310180664,-0.4712890684604645,-3.1883952617645264,1.8550636768341064,-3.040660858154297,2.3389322757720947,-2.3754076957702637,3.5612833499908447,-1.1675567626953125,3.408336639404297,-0.9503389596939087,3.13262677192688,-0.5497748851776123,3.0546107292175293,-0.6788671612739563,3.1048879623413086,-1.0247762203216553,3.268148183822632,-1.1781294345855713,3.265254020690918,-1.2832579612731934,3.236131429672241,-1.3796641826629639,3.2187509536743164,-1.3994907140731812,3.245694875717163,-1.3184250593185425,3.239447832107544,-1.4772632122039795,3.1537885665893555,-2.064246654510498,3.1611149311065674,-2.5397117137908936,3.2662949562072754,-2.843578338623047,3.2433342933654785,-2.851120948791504,3.06534481048584,-3.4686272144317627,3.65198016166687,-3.4672129154205322,3.620144844055176,-3.59352707862854,3.7529706954956055,-2.8307700157165527,3.0167152881622314,-2.611057758331299,3.0236523151397705,-2.4675865173339844,3.0504956245422363,-2.435401201248169,3.0009500980377197,-2.895979881286621,3.4823246002197266,-2.7956795692443848,3.2712225914001465,-2.7773795127868652,3.141860008239746,-2.8110148906707764,3.1257801055908203,-3.3396878242492676,3.592097759246826,-3.3387703895568848,3.5302724838256836,-3.0091705322265625,2.826026439666748,-3.4409172534942627,2.6934821605682373,-3.6366918087005615,2.5576319694519043,-3.3233306407928467,2.160672903060913,-3.220362901687622,2.0261783599853516,-3.0650529861450195,1.9994220733642578,-3.1070666313171387,2.00388765335083,-3.0662574768066406,1.9830856323242188,-3.428121328353882,1.963214635848999,-3.458987236022949,1.9003974199295044,-3.4396331310272217,1.4167819023132324,-0.7392160892486572,-3.1087348461151123,-1.6445914506912231,-3.1377317905426025,-0.5860739350318909,-3.378350257873535,1.3331488370895386,-3.1052157878875732,1.836360216140747,-3.386343479156494,1.6241494417190552,-3.0011789798736572,1.5935947895050049,-3.034536123275757,1.5140960216522217,-3.456115245819092,1.079564094543457,-3.401183605194092,1.239203691482544,-3.4592745304107666,1.3152103424072266,-3.415703773498535,1.1912647485733032,-3.40920352935791,1.158299207687378,-3.2757198810577393,0.9214669466018677,-3.219655990600586,1.1355701684951782,-3.3808157444000244,1.0470350980758667,-3.0297257900238037,1.0291470289230347,-3.0196750164031982,0.9826991558074951,-3.075160264968872,1.1050071716308594,-3.1197526454925537,1.0429736375808716,-3.0799591541290283,1.177693247795105,-3.222416877746582,1.1655927896499634,-3.272793769836426,0.5224161744117737,-3.1444761753082275,-0.42616844177246094,-3.166555166244507,-2.3356404304504395,-3.286940813064575,-3.0172789096832275,-2.6492888927459717,-3.2601470947265625,-1.6565715074539185,-3.2534124851226807,0.6631198525428772,-3.068554639816284,1.4439159631729126,-3.0544888973236084,2.0784051418304443,-3.2941932678222656,2.6639063358306885,-2.460493326187134,3.1942217350006104,-1.64945650100708,3.413478374481201,-1.6424720287322998,3.572038173675537,-1.7169289588928223,3.6198372840881348,-1.7248001098632812,3.573735237121582,-1.7792847156524658,3.455873966217041,-1.7022587060928345,3.4323456287384033,-1.2256462574005127,3.65081524848938,-0.8510841131210327,3.7177445888519287,-0.6266094446182251,3.745506763458252,-0.5413017272949219,3.0427021980285645,-0.5689442157745361,3.088573455810547,-0.5439072847366333,3.049995183944702,-0.7349802851676941,3.0976686477661133,-0.8775749802589417,3.1764376163482666,-0.9043506979942322,3.0716278553009033,-0.8043973445892334,3.0119924545288086,-0.6580674648284912,3.7303643226623535,-0.5543836951255798,3.6443300247192383,0.22094397246837616,3.0909273624420166,1.8211374282836914,3.1161749362945557,1.7751686573028564,3.0843145847320557,1.592685580253601,3.053938627243042,1.9087120294570923,3.452028274536133,2.141677141189575,3.236968755722046,1.5093318223953247,3.004232168197632,1.2647243738174438,3.2295520305633545,1.4235728979110718,3.1883885860443115,1.5388696193695068,3.084887981414795,1.519846796989441,3.089704990386963,2.4025323390960693,3.2309184074401855,2.4384796619415283,3.244764804840088,2.4857406616210938,3.3545892238616943,3.70023250579834,1.4426385164260864,3.1844871044158936,0.5132269263267517,3.1373071670532227,0.5280439257621765,3.0884158611297607,0.6094599366188049,3.702009677886963,0.7897539138793945,3.758117198944092,0.7386484146118164,3.114346742630005,0.5537068843841553,3.082984447479248,0.5394920706748962,3.138458728790283,0.5861513018608093,3.111180067062378,0.6031621098518372,3.0567216873168945,0.5534068942070007,3.0631697177886963,0.5241634845733643,3.6167263984680176,0.7973215579986572,3.417966842651367,0.865306556224823,3.2854814529418945,0.9362371563911438,3.220557451248169,0.8996577262878418,3.2588813304901123,0.9569462537765503,3.158231735229492,0.9671715497970581,3.1332802772521973,0.9614906907081604,3.1584527492523193,0.9782145023345947,3.0220885276794434,1.0030136108398438,3.5272841453552246,1.3269959688186646,3.424506425857544,1.3702789545059204,3.368332624435425,1.4789817333221436,3.1023781299591064,0.6891624927520752,3.136834144592285,0.194750115275383,3.477747678756714,-0.33086398243904114,3.0178487300872803,-0.3659578859806061,-3.1323370933532715,-2.2421250343322754,-3.0460479259490967,-1.8430063724517822,-3.3456215858459473,-1.7123675346374512,-3.009652853012085,-1.519775152206421,-3.262356996536255,-1.6652699708938599,-3.113802433013916,-1.6195775270462036,-3.2435686588287354,-1.7232078313827515,-3.332097053527832,-1.7772941589355469,-3.071834087371826,-1.1659208536148071,-3.146965265274048,-0.8160473108291626,-3.257368326187134,-0.7514158487319946,-3.474378824234009,-0.7751725912094116,-3.542564630508423,-0.8481292724609375,-3.5113525390625,-0.8812193274497986,-3.4845852851867676,-0.8620230555534363,-3.0199575424194336,-0.7671307325363159,-3.387939691543579,-0.9957481026649475,-3.4809889793395996,