{"bimodal":false,"column_names":[""],"dimension":2,"dimension_input":0,"label":"forme4-9","data":[-2.307210683822632,3.0387394428253174,-3.1720898151397705,0.6478480696678162,-3.645362377166748,0.41919419169425964,-3.670086622238159,0.49212446808815,-3.3273143768310547,0.11184152960777283,-3.112072229385376,-0.4059971272945404,-3.2880349159240723,-0.9486090540885925,-2.719393014907837,-3.252009630203247,-3.125134229660034,-3.0170412063598633,-3.34956431388855,-1.3074951171875,-3.283862829208374,-0.9549175500869751,-3.0928494930267334,0.30291643738746643,-1.4734954833984375,3.398545742034912,-0.6066718697547913,3.2907588481903076,-0.5261520147323608,3.7585692405700684,-0.5432911515235901,3.8410162925720215,-0.6133208870887756,3.947817802429199,-0.6126869916915894,4.039563179016113,-0.7110637426376343,3.984130620956421,-0.8405657410621643,3.8315515518188477,-0.9038683772087097,3.7332820892333984,-0.9667025208473206,3.7280514240264893,-1.0619295835494995,3.6094377040863037,-1.0798159837722778,3.546186923980713,-1.1188294887542725,3.4105520248413086,-1.1027090549468994,3.313199281692505,-1.0363237857818604,3.2242374420166016,-1.10873544216156,3.1790897846221924,-0.8737384676933289,3.1269447803497314,-0.593965470790863,3.071131944656372,-0.7097758650779724,3.398838996887207,-1.0747427940368652,3.1574349403381348,-1.358742356300354,3.3308427333831787,-1.1578665971755981,3.318115711212158,-1.15001380443573,3.00532603263855,0.17775429785251617,-3.6305952072143555,-0.3325634002685547,-3.2789969444274902,-0.2831977605819702,-3.8028199672698975,-0.32611721754074097,-3.985609769821167,-0.37948012351989746,-3.020034074783325,-0.4346867799758911,-3.044372320175171,-0.5288795232772827,-3.0393335819244385,-0.5506144762039185,-3.0794904232025146,-0.5705724954605103,-3.0571889877319336,-0.5715986490249634,-3.135911464691162,-0.9340048432350159,-3.9800281524658203,-1.1876459121704102,-3.756239175796509,-1.2572742700576782,-3.458312511444092,-1.4979373216629028,-3.176199436187744,-1.6830899715423584,-3.1813457012176514,-1.8749980926513672,-3.121446371078491,-2.569580316543579,-3.4225172996520996,-3.701275110244751,-1.5073697566986084,-3.547888994216919,-0.47444185614585876,-3.5543487071990967,0.5909002423286438,-3.5045390129089355,0.9291829466819763,-3.3666553497314453,2.0796384811401367,-3.1382315158843994,2.454007148742676,-3.477661371231079,3.5658299922943115,-3.2182955741882324,3.7040622234344482,-2.988358974456787,3.715920925140381,-2.2866451740264893,3.100372552871704,-2.223743200302124,3.170016050338745,-2.1476356983184814,3.0078494548797607,-1.905266284942627,3.023142099380493,0.06365316361188889,3.2949044704437256,2.478930950164795,3.3179354667663574,2.3135452270507812,3.3285298347473145,1.809138536453247,3.0871636867523193,1.7308844327926636,3.211500406265259,1.5283914804458618,3.3513357639312744,1.458131194114685,3.4441587924957275,1.4128670692443848,3.3969004154205322,1.0633732080459595,3.0872957706451416,0.8694542646408081,3.0057730674743652,1.2711024284362793,3.55718994140625,1.3510199785232544,3.380518913269043,1.6213290691375732,3.2382380962371826,2.1953511238098145,3.044790029525757,2.910154104232788,3.1578617095947266,3.2829935550689697,2.926260471343994,3.2895562648773193,2.1765666007995605,3.161252975463867,1.5338377952575684,3.490089178085327,1.35358464717865,3.400059938430786,0.687933623790741,3.962996244430542,0.37300270795822144,3.0038065910339355,0.23835091292858124,3.011655569076538,0.19525465369224548,3.966427803039551,0.2318621724843979,3.935688018798828,0.23151402175426483,3.041391372680664,0.18048882484436035,3.038445472717285,0.18632569909095764,3.029114007949829,0.18829834461212158,3.9812729358673096,0.23201100528240204,3.9207022190093994,0.19855202734470367,3.875462293624878,0.06010296940803528,3.7516584396362305,-0.062407877296209335,3.688128709793091,-0.0814831405878067,3.621062755584717,0.008949370123445988,3.529404878616333,0.1243821457028389,3.461045503616333,-0.21432839334011078,3.619933605194092,-0.9685131311416626,3.0580787658691406,-1.8176742792129517,3.2990453243255615,-3.2983338832855225,1.7076486349105835,-3.289147138595581,0.49385517835617065,-3.095367431640625,0.09874726831912994,-3.207261085510254,-0.17349828779697418,-3.3204843997955322,-0.528418779373169,-3.392026662826538,-0.8448108434677124,-3.420642852783203,-0.762365996837616,-3.555640697479248,-0.2550262212753296,-3.559232473373413,-0.007221474777907133,-3.106727123260498,-0.06608577072620392,-3.289824962615967,-0.06769084930419922,-3.3752689361572266,-0.1401156485080719,-3.415896415710449,-0.0842805728316307,-3.4256768226623535,-0.11539784073829651,-3.5074880123138428,-0.1500052958726883,-3.610715866088867,-0.15410831570625305,-3.615446090698242,-0.14061713218688965,-3.5845024585723877,-0.16076581180095673,-3.5148375034332275,-0.09797636419534683,-3.584265947341919,0.2563960552215576,-3.5203120708465576,0.7097645998001099,-3.615083932876587,0.8800967335700989,-3.6835570335388184,0.901268482208252,-3.7385168075561523,0.8542261123657227,-3.711014986038208,0.6278320550918579,-3.7354564666748047,0.6727140545845032,-3.8513143062591553,0.363942414522171,-3.1328036785125732,0.3803020715713501,-3.479283332824707],"data_input":[],"data_output":[],"length":132}