{"bimodal":false,"column_names":[""],"dimension":2,"dimension_input":0,"label":"forme2-10","data":[-3.208822011947632,-0.1770080327987671,-3.128241777420044,-0.3568412661552429,-3.074758291244507,-0.5905747413635254,-3.0981907844543457,-0.6982632279396057,-3.024325132369995,-0.722303569316864,-3.3518314361572266,-0.7889255881309509,-3.1498327255249023,-1.0728174448013306,-3.0494959354400635,-1.2659480571746826,-3.0853919982910156,-0.895916759967804,-3.335582733154297,-0.7220265865325928,-3.0291879177093506,-0.6547648310661316,-3.179213285446167,-0.5705335140228271,-3.057894706726074,-0.5043163895606995,-3.146761178970337,-2.1196703910827637,-3.0103368759155273,-1.5886001586914062,-3.1340808868408203,-1.8289809226989746,-3.412593126296997,-1.5733585357666016,-3.221893072128296,-1.4914491176605225,-3.3082501888275146,-2.978132724761963,-3.2208032608032227,-2.689288377761841,-3.2139012813568115,-2.999209403991699,-3.1318390369415283,-2.9421303272247314,-0.7036179900169373,-3.018998384475708,0.8055666089057922,-3.067788600921631,1.9109536409378052,-3.3626694679260254,3.2749714851379395,-2.4081578254699707,3.3721323013305664,-1.4690208435058594,3.034428119659424,-1.0477054119110107,3.4739372730255127,-1.3353548049926758,3.255457639694214,-1.5191669464111328,3.3752968311309814,-1.9246327877044678,3.0457065105438232,-2.0440175533294678,3.240358829498291,-2.469421863555908,3.052398681640625,-2.3473000526428223,3.099381446838379,-2.3893790245056152,1.922821283340454,3.356689214706421,-0.8069901466369629,3.0019752979278564,-0.7738773226737976,3.211665391921997,-0.8148145079612732,3.3461499214172363,0.9093958735466003,3.3941638469696045,1.3199338912963867,3.4895007610321045,1.704308032989502,3.5255067348480225,0.8970585465431213,3.384511947631836,0.6768233776092529,3.40372633934021,1.0111615657806396,3.024090051651001,3.243065357208252,0.8853247165679932,2.736656665802002,-3.381967306137085,2.3881919384002686,-3.1384780406951904,2.1230697631835938,-3.326786994934082,2.16473126411438,-3.521733283996582,1.7536877393722534,-3.0030009746551514,1.8622825145721436,-3.105693817138672,1.6781272888183594,-3.392317771911621,1.7318902015686035,-3.570829391479492,1.4276282787322998,-3.611884355545044,1.488257646560669,-3.6824605464935303,1.1977959871292114,-3.630974292755127,1.134087324142456,-3.5111215114593506,1.1782032251358032,-3.6128671169281006,1.380746603012085,-3.6933255195617676,1.1426045894622803,-3.0288379192352295,1.1536682844161987,-3.0273995399475098,1.347533941268921,-3.7309765815734863,0.90618497133255,-3.625277280807495,0.8448556661605835,-3.515678644180298,0.8503636717796326,-3.0430548191070557,0.6786516308784485,-3.6697022914886475,0.7151170372962952,-3.7036049365997314,0.6874216794967651,-3.0628418922424316,0.4965953826904297,-3.6646077632904053,0.8224745988845825,-3.739509105682373,0.783351480960846,-3.7312815189361572,0.6138866543769836,-3.011295795440674,0.8097097873687744,-3.70538592338562,0.6810959577560425,-3.670806646347046,0.7754626870155334,-3.6546921730041504,0.7300159931182861,-3.7158591747283936,0.7283109426498413,-3.7041168212890625,0.5622823238372803,-3.6024107933044434,0.6111515164375305,-3.666860342025757,0.8259250521659851,-3.7533581256866455,0.6778562068939209,-3.0520503520965576,0.6419404745101929,-3.107024669647217,0.6422863602638245,-3.136436939239502,0.5824772715568542,-3.085224151611328,0.32358115911483765,-3.137528419494629,-0.7126611471176147,-3.4846298694610596,-2.0623281002044678,-3.0984296798706055,-3.394357919692993,-1.0499342679977417,-3.4942445755004883,2.9983203411102295,-2.5171353816986084,3.507965326309204,-2.0153486728668213,3.2168195247650146,-2.0349104404449463,3.355037212371826,-1.9485245943069458,3.384810209274292,-1.98037588596344,3.4251625537872314,-1.9120633602142334,3.303887128829956,-1.9066765308380127,3.3229260444641113,-1.9205663204193115,3.3685216903686523,-1.8864855766296387,3.5378050804138184,-1.8817639350891113,3.5075769424438477,-1.801903247833252,3.2279558181762695,-1.7605332136154175,3.0883095264434814,-1.8089721202850342,3.0461440086364746,-1.9162102937698364,3.235926866531372,-1.9903645515441895,3.285405397415161,-2.0854694843292236,3.3523683547973633,-2.0752432346343994,3.322028875350952,-2.1153414249420166,3.3448569774627686,-2.070873498916626,3.2986907958984375,-2.124084711074829,3.2455122470855713,-2.1549482345581055,3.2588911056518555,-2.1993017196655273,3.2901275157928467,-2.214301824569702,3.3249928951263428,-2.250765323638916,3.3596673011779785,-2.2441654205322266,3.33929705619812,-2.3150312900543213,3.3509507179260254,-2.3303637504577637,3.1072421073913574,-3.2228336334228516,3.6870195865631104,-3.5124828815460205,3.043684959411621,-3.042454719543457,2.0442538261413574,-3.0811047554016113,1.728964924812317,-3.1495983600616455,1.5593878030776978,-3.2173233032226562,1.4331332445144653,-3.2201132774353027,1.429025411605835,-3.252048969268799,1.4351075887680054,-3.2183287143707275,1.4993946552276611,-3.143407106399536,1.421202540397644,-3.101290464401245,1.2709462642669678,-3.331585645675659,0.4807887673377991,-3.104416608810425,-0.019849682226777077,-3.235477924346924,-0.8640397787094116,-0.5354660749435425,-3.3820254802703857,-0.25010767579078674,-3.067115545272827,-0.15624487400054932,-3.1528677940368652,0.1004101112484932,-3.39935302734375,-0.044265132397413254,-3.575418710708618,0.282183974981308,-3.4695191383361816,1.246010422706604,-3.0180857181549072,1.3299880027770996,-3.134899377822876,0.5150026082992554,-3.0573792457580566,-0.041484881192445755,-3.3810362815856934,0.06988177448511124,-3.0556206703186035,-0.14164991676807404,-3.103111505508423,1.4953126907348633,-3.5961344242095947,1.9368070363998413,-3.00606632232666,2.8703575134277344,-3.2194886207580566,3.0434741973876953,-3.4545466899871826,2.3381197452545166,-3.2925074100494385,1.641460657119751,-3.3011460304260254,-0.004479474853724241,-3.0841104984283447,-0.8074854016304016,-3.1222774982452393,-1.7486058473587036,-3.3598577976226807,-3.315244674682617,-2.086690664291382,-3.1463491916656494,1.1958706378936768,-3.0247995853424072,1.6410845518112183,-2.3266305923461914,3.0424249172210693,-1.4104461669921875,3.5199053287506104,-1.6032187938690186,3.5872995853424072,-1.5769997835159302,3.775750160217285,-1.3767781257629395,3.8778202533721924,-1.2360657453536987,3.7948977947235107,-1.3500808477401733,3.9058659076690674,-1.371336817741394,4.080750465393066,-1.108082890510559,3.8451268672943115,-1.1016403436660767,3.736537456512451,-1.1099860668182373,3.7732093334198,-0.7820755243301392,3.6646101474761963,-0.47263193130493164,3.2857489585876465,-0.6891341805458069,3.472871780395508,-0.805010199546814,3.6133766174316406,-0.5749406814575195,3.323409080505371,-0.6282026171684265,3.3426172733306885,-0.7399884462356567,3.4143829345703125,-0.5567142367362976,3.2343249320983887,-0.6325797438621521,3.2223687171936035,-0.6704732775688171,3.2876460552215576,0.21826434135437012,3.5075480937957764,0.4097268581390381,3.322374105453491,0.2850152552127838,3.465517044067383,0.8620125651359558,3.1317553520202637,0.5947752594947815,3.191312313079834,0.8516159653663635,3.133730173110962,2.1328320503234863,3.173891067504883,2.3836703300476074,3.133894920349121,3.2097206115722656,2.556401491165161,3.5317161083221436,2.393173933029175,3.052140951156616,1.7794994115829468,3.6794140338897705,2.3517839908599854,3.2473416328430176,1.6692121028900146,3.410100221633911,1.3124502897262573,3.5256688594818115,1.2688411474227905,3.3894097805023193,1.429140329360962,3.451059103012085,1.331397294998169,3.2507786750793457,1.5833237171173096,3.323054552078247,1.221374273300171,3.730241537094116,1.678284764289856,3.1967098712921143,1.2509199380874634,3.0391335487365723,1.218809962272644,3.8218417167663574,1.8111977577209473,3.3874669075012207,1.0976468324661255,3.2116453647613525,1.293212652206421,3.6545677185058594,0.9386882185935974,3.1550095081329346,1.183875322341919,3.2827236652374268,1.2149765491485596,3.6233479976654053,0.9465712904930115,3.122636318206787,