{"bimodal":false,"column_names":[""],"dimension":2,"dimension_input":0,"label":"forme4-3","data":[0.911419689655304,3.0538010597229004,0.9556421637535095,3.24928879737854,1.576530933380127,3.2664270401000977,1.7122392654418945,3.228846311569214,1.9305204153060913,3.151787519454956,1.6219130754470825,3.0928680896759033,1.7268320322036743,3.5303869247436523,0.7455943822860718,3.239736795425415,0.562562882900238,3.129568099975586,1.071763277053833,3.187380075454712,0.24931436777114868,3.4288148880004883,0.846775472164154,3.22304368019104,0.6673578023910522,3.405026435852051,0.8773800730705261,3.17958664894104,0.7140035033226013,3.1828272342681885,0.6454510688781738,3.2940006256103516,0.7819660902023315,3.131244421005249,0.9048371911048889,3.466737985610962,3.4749364852905273,1.743865966796875,3.0590579509735107,0.5314382910728455,3.285017251968384,0.38654574751853943,3.1929924488067627,0.31223148107528687,3.154071092605591,0.23917794227600098,3.7931509017944336,-0.08249404281377792,3.294053554534912,-0.176473006606102,3.853621006011963,-0.09578956663608551,3.5897715091705322,-0.07111425697803497,3.1886606216430664,-0.20962923765182495,3.465848922729492,-0.29896315932273865,3.9611644744873047,-0.1600678414106369,3.6764402389526367,-0.017969470471143723,3.082179069519043,-0.0010696467943489552,3.0823354721069336,-0.040567848831415176,3.4724881649017334,0.0047568874433636665,3.4784584045410156,0.07728787511587143,3.069028854370117,0.14902599155902863,3.8260653018951416,0.1423007994890213,3.359794855117798,0.08868516981601715,3.512341022491455,0.07412055879831314,3.2534420490264893,0.31042295694351196,3.057091236114502,0.4127610921859741,2.234203338623047,-3.4655404090881348,-1.3548579216003418,-3.2773633003234863,-1.2316397428512573,-4.024499416351318,-0.5415522456169128,-3.421494245529175,-0.5640111565589905,-3.5626792907714844,-0.6919888854026794,-3.5270535945892334,-0.04395096004009247,-3.5970206260681152,0.7682313323020935,-3.9744255542755127,1.0622929334640503,-3.8610942363739014,0.8823512196540833,-3.6578118801116943,0.7555952072143555,-3.723328113555908,0.8835600018501282,-3.89042592048645,0.9667752385139465,-4.119778156280518,0.8897228837013245,-4.018581390380859,0.7743292450904846,-3.853726625442505,0.701324999332428,-3.9539854526519775,0.7521365284919739,-4.080063819885254,0.8027793765068054,-3.9104015827178955,0.8519666790962219,-3.581118106842041,0.9434822201728821,-3.4890666007995605,1.0689456462860107,-3.557534694671631,1.0720592737197876,-3.6179277896881104,1.0371898412704468,-3.582343578338623,1.0704801082611084,-3.456862688064575,1.014746904373169,-3.478825330734253,0.15595248341560364,-3.1318604946136475,-2.887134313583374,-3.4638590812683105,-3.817812442779541,-1.6182702779769897,-3.1432714462280273,-1.054728627204895,-3.3826563358306885,-1.1500893831253052,-3.4382972717285156,-1.138107419013977,-3.1605753898620605,-1.0283783674240112,-3.046112298965454,-1.0384230613708496,-3.0368897914886475,-1.3147729635238647,-3.942776679992676,-1.359238624572754,-3.415428400039673,0.22319790720939636,-3.1374988555908203,1.3822145462036133,-3.2122185230255127,1.9048733711242676,-3.09493088722229,2.089250087738037,-2.30786395072937,3.138190984725952,-2.29792857170105,3.6277472972869873,-2.237663745880127,3.7396018505096436,-0.8974288702011108,3.0226223468780518,-0.27888116240501404,3.332611322402954,-0.34814852476119995,3.4689958095550537,-0.301792711019516,3.4477226734161377,0.07520703226327896,3.5213136672973633,0.3296830952167511,3.6880042552948,0.2535443902015686,3.8044004440307617,0.005915084388107061,3.7999982833862305,-0.16846656799316406,3.5853772163391113,-0.1307552456855774,3.4402406215667725,-0.1473693996667862,3.2899439334869385,-0.5035493969917297,3.20013165473938,-0.851377010345459,3.0847604274749756,-1.0034356117248535,3.803654193878174,-0.8274791240692139,3.8421003818511963,-0.8564996719360352,3.0747458934783936,-1.5653043985366821,3.068817377090454,-3.1738598346710205,0.7966780662536621,-2.309396982192993,-3.1721370220184326,-1.525838017463684,-3.2169349193573,-0.8890233039855957,-3.4031636714935303,-0.0011286860099062324,-3.2980897426605225,-0.5445753931999207,-3.3122270107269287,-0.5880265235900879,-3.1511242389678955,-0.34164488315582275,-3.504863739013672,-0.02547338977456093,-3.4499363899230957,-0.36139512062072754,-3.0095646381378174,-0.6716402769088745,-3.1488196849823,-0.80717933177948,-3.2364563941955566,-1.3057447671890259,-3.305433988571167,-1.9610276222229004,-3.5120246410369873,-3.3936710357666016,-1.9534337520599365,-3.610910177230835,2.609240770339966,-3.4279944896698,3.2408103942871094,-3.501051664352417,3.5981383323669434,-3.0299646854400635,2.8226606845855713,-3.3878188133239746,3.2563130855560303,-3.0459201335906982,2.576859712600708,-3.3921964168548584,2.407242774963379,-3.033752202987671,2.4380083084106445,-3.0451571941375732,2.8095040321350098,-3.446986675262451,2.8095974922180176],"data_input":[],"data_output":[],"length":125}